ISO-10303-21;
HEADER;
/* Generated by software containing ST-Developer
 * from STEP Tools, Inc. (www.steptools.com) 
 */

FILE_DESCRIPTION(
/* description */ (''),
/* implementation_level */ '2;1');

FILE_NAME(
/* name */ 'motor_arm.step',
/* time_stamp */ '2026-09-04T15:52:33-04:00',
/* author */ (''),
/* organization */ (''),
/* preprocessor_version */ 'ST-DEVELOPER v20.1',
/* originating_system */ 'Autodesk Translation Framework v15.8.0.0',
/* authorisation */ '');

FILE_SCHEMA (('AUTOMOTIVE_DESIGN { 1 0 10303 214 3 1 1 }'));
ENDSEC;

DATA;
#10=MECHANICAL_DESIGN_GEOMETRIC_PRESENTATION_REPRESENTATION('',(#13),#3128);
#11=SHAPE_REPRESENTATION_RELATIONSHIP('SRR','None',#3135,#12);
#12=ADVANCED_BREP_SHAPE_REPRESENTATION('',(#14),#3127);
#13=STYLED_ITEM('',(#3145),#14);
#14=MANIFOLD_SOLID_BREP('Body1',#1932);
#15=FACE_BOUND('',#193,.T.);
#16=FACE_BOUND('',#194,.T.);
#17=FACE_BOUND('',#195,.T.);
#18=FACE_BOUND('',#196,.T.);
#19=FACE_BOUND('',#197,.T.);
#20=FACE_BOUND('',#258,.T.);
#21=FACE_BOUND('',#259,.T.);
#22=FACE_BOUND('',#260,.T.);
#23=FACE_BOUND('',#261,.T.);
#24=FACE_BOUND('',#262,.T.);
#25=FACE_BOUND('',#276,.T.);
#26=FACE_BOUND('',#277,.T.);
#27=CYLINDRICAL_SURFACE('',#1960,80.1);
#28=CYLINDRICAL_SURFACE('',#2000,1.7);
#29=CYLINDRICAL_SURFACE('',#2002,1.7);
#30=CYLINDRICAL_SURFACE('',#2005,14.);
#31=CYLINDRICAL_SURFACE('',#2008,14.);
#32=CYLINDRICAL_SURFACE('',#2010,14.);
#33=CYLINDRICAL_SURFACE('',#2013,14.);
#34=CYLINDRICAL_SURFACE('',#2016,1.7);
#35=CYLINDRICAL_SURFACE('',#2018,1.7);
#36=CYLINDRICAL_SURFACE('',#2022,1.7);
#37=CYLINDRICAL_SURFACE('',#2024,1.7);
#38=CYLINDRICAL_SURFACE('',#2028,1.7);
#39=CYLINDRICAL_SURFACE('',#2030,1.7);
#40=CYLINDRICAL_SURFACE('',#2037,104.5);
#41=CIRCLE('',#1959,80.1);
#42=CIRCLE('',#1961,80.1);
#43=CIRCLE('',#1967,1.7);
#44=CIRCLE('',#1968,1.7);
#45=CIRCLE('',#1969,14.);
#46=CIRCLE('',#1970,14.);
#47=CIRCLE('',#1971,14.);
#48=CIRCLE('',#1972,14.);
#49=CIRCLE('',#1973,1.7);
#50=CIRCLE('',#1974,1.7);
#51=CIRCLE('',#1975,1.7);
#52=CIRCLE('',#1976,1.7);
#53=CIRCLE('',#1977,1.7);
#54=CIRCLE('',#1978,1.7);
#55=CIRCLE('',#2001,1.7);
#56=CIRCLE('',#2003,1.7);
#57=CIRCLE('',#2006,14.);
#58=CIRCLE('',#2009,14.);
#59=CIRCLE('',#2011,14.);
#60=CIRCLE('',#2014,14.);
#61=CIRCLE('',#2017,1.7);
#62=CIRCLE('',#2019,1.7);
#63=CIRCLE('',#2023,1.7);
#64=CIRCLE('',#2025,1.7);
#65=CIRCLE('',#2029,1.7);
#66=CIRCLE('',#2031,1.7);
#67=CIRCLE('',#2036,104.5);
#68=CIRCLE('',#2038,104.5);
#69=FACE_OUTER_BOUND('',#174,.T.);
#70=FACE_OUTER_BOUND('',#175,.T.);
#71=FACE_OUTER_BOUND('',#176,.T.);
#72=FACE_OUTER_BOUND('',#177,.T.);
#73=FACE_OUTER_BOUND('',#178,.T.);
#74=FACE_OUTER_BOUND('',#179,.T.);
#75=FACE_OUTER_BOUND('',#180,.T.);
#76=FACE_OUTER_BOUND('',#181,.T.);
#77=FACE_OUTER_BOUND('',#182,.T.);
#78=FACE_OUTER_BOUND('',#183,.T.);
#79=FACE_OUTER_BOUND('',#184,.T.);
#80=FACE_OUTER_BOUND('',#185,.T.);
#81=FACE_OUTER_BOUND('',#186,.T.);
#82=FACE_OUTER_BOUND('',#187,.T.);
#83=FACE_OUTER_BOUND('',#188,.T.);
#84=FACE_OUTER_BOUND('',#189,.T.);
#85=FACE_OUTER_BOUND('',#190,.T.);
#86=FACE_OUTER_BOUND('',#191,.T.);
#87=FACE_OUTER_BOUND('',#192,.T.);
#88=FACE_OUTER_BOUND('',#198,.T.);
#89=FACE_OUTER_BOUND('',#199,.T.);
#90=FACE_OUTER_BOUND('',#200,.T.);
#91=FACE_OUTER_BOUND('',#201,.T.);
#92=FACE_OUTER_BOUND('',#202,.T.);
#93=FACE_OUTER_BOUND('',#203,.T.);
#94=FACE_OUTER_BOUND('',#204,.T.);
#95=FACE_OUTER_BOUND('',#205,.T.);
#96=FACE_OUTER_BOUND('',#206,.T.);
#97=FACE_OUTER_BOUND('',#207,.T.);
#98=FACE_OUTER_BOUND('',#208,.T.);
#99=FACE_OUTER_BOUND('',#209,.T.);
#100=FACE_OUTER_BOUND('',#210,.T.);
#101=FACE_OUTER_BOUND('',#211,.T.);
#102=FACE_OUTER_BOUND('',#212,.T.);
#103=FACE_OUTER_BOUND('',#213,.T.);
#104=FACE_OUTER_BOUND('',#214,.T.);
#105=FACE_OUTER_BOUND('',#215,.T.);
#106=FACE_OUTER_BOUND('',#216,.T.);
#107=FACE_OUTER_BOUND('',#217,.T.);
#108=FACE_OUTER_BOUND('',#218,.T.);
#109=FACE_OUTER_BOUND('',#219,.T.);
#110=FACE_OUTER_BOUND('',#220,.T.);
#111=FACE_OUTER_BOUND('',#221,.T.);
#112=FACE_OUTER_BOUND('',#222,.T.);
#113=FACE_OUTER_BOUND('',#223,.T.);
#114=FACE_OUTER_BOUND('',#224,.T.);
#115=FACE_OUTER_BOUND('',#225,.T.);
#116=FACE_OUTER_BOUND('',#226,.T.);
#117=FACE_OUTER_BOUND('',#227,.T.);
#118=FACE_OUTER_BOUND('',#228,.T.);
#119=FACE_OUTER_BOUND('',#229,.T.);
#120=FACE_OUTER_BOUND('',#230,.T.);
#121=FACE_OUTER_BOUND('',#231,.T.);
#122=FACE_OUTER_BOUND('',#232,.T.);
#123=FACE_OUTER_BOUND('',#233,.T.);
#124=FACE_OUTER_BOUND('',#234,.T.);
#125=FACE_OUTER_BOUND('',#235,.T.);
#126=FACE_OUTER_BOUND('',#236,.T.);
#127=FACE_OUTER_BOUND('',#237,.T.);
#128=FACE_OUTER_BOUND('',#238,.T.);
#129=FACE_OUTER_BOUND('',#239,.T.);
#130=FACE_OUTER_BOUND('',#240,.T.);
#131=FACE_OUTER_BOUND('',#241,.T.);
#132=FACE_OUTER_BOUND('',#242,.T.);
#133=FACE_OUTER_BOUND('',#243,.T.);
#134=FACE_OUTER_BOUND('',#244,.T.);
#135=FACE_OUTER_BOUND('',#245,.T.);
#136=FACE_OUTER_BOUND('',#246,.T.);
#137=FACE_OUTER_BOUND('',#247,.T.);
#138=FACE_OUTER_BOUND('',#248,.T.);
#139=FACE_OUTER_BOUND('',#249,.T.);
#140=FACE_OUTER_BOUND('',#250,.T.);
#141=FACE_OUTER_BOUND('',#251,.T.);
#142=FACE_OUTER_BOUND('',#252,.T.);
#143=FACE_OUTER_BOUND('',#253,.T.);
#144=FACE_OUTER_BOUND('',#254,.T.);
#145=FACE_OUTER_BOUND('',#255,.T.);
#146=FACE_OUTER_BOUND('',#256,.T.);
#147=FACE_OUTER_BOUND('',#257,.T.);
#148=FACE_OUTER_BOUND('',#263,.T.);
#149=FACE_OUTER_BOUND('',#264,.T.);
#150=FACE_OUTER_BOUND('',#265,.T.);
#151=FACE_OUTER_BOUND('',#266,.T.);
#152=FACE_OUTER_BOUND('',#267,.T.);
#153=FACE_OUTER_BOUND('',#268,.T.);
#154=FACE_OUTER_BOUND('',#269,.T.);
#155=FACE_OUTER_BOUND('',#270,.T.);
#156=FACE_OUTER_BOUND('',#271,.T.);
#157=FACE_OUTER_BOUND('',#272,.T.);
#158=FACE_OUTER_BOUND('',#273,.T.);
#159=FACE_OUTER_BOUND('',#274,.T.);
#160=FACE_OUTER_BOUND('',#275,.T.);
#161=FACE_OUTER_BOUND('',#278,.T.);
#162=FACE_OUTER_BOUND('',#279,.T.);
#163=FACE_OUTER_BOUND('',#280,.T.);
#164=FACE_OUTER_BOUND('',#281,.T.);
#165=FACE_OUTER_BOUND('',#282,.T.);
#166=FACE_OUTER_BOUND('',#283,.T.);
#167=FACE_OUTER_BOUND('',#284,.T.);
#168=FACE_OUTER_BOUND('',#285,.T.);
#169=FACE_OUTER_BOUND('',#286,.T.);
#170=FACE_OUTER_BOUND('',#287,.T.);
#171=FACE_OUTER_BOUND('',#288,.T.);
#172=FACE_OUTER_BOUND('',#289,.T.);
#173=FACE_OUTER_BOUND('',#290,.T.);
#174=EDGE_LOOP('',(#1202,#1203,#1204,#1205));
#175=EDGE_LOOP('',(#1206,#1207,#1208,#1209));
#176=EDGE_LOOP('',(#1210,#1211,#1212,#1213));
#177=EDGE_LOOP('',(#1214,#1215,#1216,#1217));
#178=EDGE_LOOP('',(#1218,#1219,#1220,#1221));
#179=EDGE_LOOP('',(#1222,#1223,#1224,#1225));
#180=EDGE_LOOP('',(#1226,#1227,#1228,#1229));
#181=EDGE_LOOP('',(#1230,#1231,#1232,#1233));
#182=EDGE_LOOP('',(#1234,#1235,#1236,#1237));
#183=EDGE_LOOP('',(#1238,#1239,#1240,#1241));
#184=EDGE_LOOP('',(#1242,#1243,#1244,#1245));
#185=EDGE_LOOP('',(#1246,#1247,#1248,#1249));
#186=EDGE_LOOP('',(#1250,#1251,#1252,#1253,#1254,#1255,#1256,#1257,#1258,
#1259,#1260,#1261,#1262,#1263));
#187=EDGE_LOOP('',(#1264,#1265,#1266,#1267));
#188=EDGE_LOOP('',(#1268,#1269,#1270,#1271,#1272,#1273,#1274,#1275,#1276,
#1277,#1278,#1279,#1280,#1281));
#189=EDGE_LOOP('',(#1282,#1283,#1284,#1285));
#190=EDGE_LOOP('',(#1286,#1287,#1288,#1289));
#191=EDGE_LOOP('',(#1290,#1291,#1292,#1293));
#192=EDGE_LOOP('',(#1294,#1295,#1296,#1297));
#193=EDGE_LOOP('',(#1298,#1299,#1300,#1301));
#194=EDGE_LOOP('',(#1302,#1303,#1304,#1305,#1306,#1307,#1308,#1309,#1310,
#1311,#1312,#1313));
#195=EDGE_LOOP('',(#1314,#1315,#1316,#1317));
#196=EDGE_LOOP('',(#1318,#1319,#1320,#1321));
#197=EDGE_LOOP('',(#1322,#1323,#1324,#1325));
#198=EDGE_LOOP('',(#1326,#1327,#1328,#1329,#1330,#1331,#1332,#1333));
#199=EDGE_LOOP('',(#1334,#1335,#1336,#1337));
#200=EDGE_LOOP('',(#1338,#1339,#1340,#1341,#1342,#1343,#1344,#1345));
#201=EDGE_LOOP('',(#1346,#1347,#1348,#1349));
#202=EDGE_LOOP('',(#1350,#1351,#1352,#1353,#1354,#1355));
#203=EDGE_LOOP('',(#1356,#1357,#1358,#1359));
#204=EDGE_LOOP('',(#1360,#1361,#1362,#1363));
#205=EDGE_LOOP('',(#1364,#1365,#1366,#1367));
#206=EDGE_LOOP('',(#1368,#1369,#1370,#1371));
#207=EDGE_LOOP('',(#1372,#1373,#1374,#1375));
#208=EDGE_LOOP('',(#1376,#1377,#1378,#1379));
#209=EDGE_LOOP('',(#1380,#1381,#1382,#1383));
#210=EDGE_LOOP('',(#1384,#1385,#1386,#1387));
#211=EDGE_LOOP('',(#1388,#1389,#1390,#1391));
#212=EDGE_LOOP('',(#1392,#1393,#1394,#1395));
#213=EDGE_LOOP('',(#1396,#1397,#1398,#1399));
#214=EDGE_LOOP('',(#1400,#1401,#1402,#1403));
#215=EDGE_LOOP('',(#1404,#1405,#1406,#1407));
#216=EDGE_LOOP('',(#1408,#1409,#1410,#1411));
#217=EDGE_LOOP('',(#1412,#1413,#1414,#1415));
#218=EDGE_LOOP('',(#1416,#1417,#1418,#1419));
#219=EDGE_LOOP('',(#1420,#1421,#1422,#1423));
#220=EDGE_LOOP('',(#1424,#1425,#1426,#1427));
#221=EDGE_LOOP('',(#1428,#1429,#1430,#1431));
#222=EDGE_LOOP('',(#1432,#1433,#1434,#1435));
#223=EDGE_LOOP('',(#1436,#1437,#1438,#1439,#1440,#1441,#1442,#1443));
#224=EDGE_LOOP('',(#1444,#1445,#1446,#1447));
#225=EDGE_LOOP('',(#1448,#1449,#1450,#1451));
#226=EDGE_LOOP('',(#1452,#1453,#1454,#1455,#1456,#1457,#1458,#1459));
#227=EDGE_LOOP('',(#1460,#1461,#1462,#1463));
#228=EDGE_LOOP('',(#1464,#1465,#1466,#1467));
#229=EDGE_LOOP('',(#1468,#1469,#1470,#1471));
#230=EDGE_LOOP('',(#1472,#1473,#1474,#1475));
#231=EDGE_LOOP('',(#1476,#1477,#1478,#1479));
#232=EDGE_LOOP('',(#1480,#1481,#1482,#1483));
#233=EDGE_LOOP('',(#1484,#1485,#1486,#1487));
#234=EDGE_LOOP('',(#1488,#1489,#1490,#1491));
#235=EDGE_LOOP('',(#1492,#1493,#1494,#1495));
#236=EDGE_LOOP('',(#1496,#1497,#1498,#1499));
#237=EDGE_LOOP('',(#1500,#1501,#1502,#1503));
#238=EDGE_LOOP('',(#1504,#1505,#1506,#1507));
#239=EDGE_LOOP('',(#1508,#1509,#1510,#1511));
#240=EDGE_LOOP('',(#1512,#1513,#1514,#1515));
#241=EDGE_LOOP('',(#1516,#1517,#1518,#1519));
#242=EDGE_LOOP('',(#1520,#1521,#1522,#1523));
#243=EDGE_LOOP('',(#1524,#1525,#1526,#1527));
#244=EDGE_LOOP('',(#1528,#1529,#1530,#1531));
#245=EDGE_LOOP('',(#1532,#1533,#1534,#1535));
#246=EDGE_LOOP('',(#1536,#1537,#1538,#1539));
#247=EDGE_LOOP('',(#1540,#1541,#1542,#1543));
#248=EDGE_LOOP('',(#1544,#1545,#1546,#1547,#1548));
#249=EDGE_LOOP('',(#1549,#1550,#1551,#1552));
#250=EDGE_LOOP('',(#1553,#1554,#1555,#1556,#1557));
#251=EDGE_LOOP('',(#1558,#1559,#1560,#1561));
#252=EDGE_LOOP('',(#1562,#1563,#1564,#1565));
#253=EDGE_LOOP('',(#1566,#1567,#1568,#1569));
#254=EDGE_LOOP('',(#1570,#1571,#1572,#1573,#1574,#1575,#1576,#1577));
#255=EDGE_LOOP('',(#1578,#1579,#1580,#1581));
#256=EDGE_LOOP('',(#1582,#1583,#1584,#1585));
#257=EDGE_LOOP('',(#1586,#1587,#1588,#1589));
#258=EDGE_LOOP('',(#1590,#1591,#1592,#1593,#1594,#1595,#1596,#1597));
#259=EDGE_LOOP('',(#1598,#1599,#1600,#1601));
#260=EDGE_LOOP('',(#1602,#1603,#1604,#1605));
#261=EDGE_LOOP('',(#1606,#1607,#1608,#1609));
#262=EDGE_LOOP('',(#1610,#1611,#1612,#1613));
#263=EDGE_LOOP('',(#1614,#1615));
#264=EDGE_LOOP('',(#1616,#1617));
#265=EDGE_LOOP('',(#1618,#1619,#1620,#1621,#1622,#1623,#1624));
#266=EDGE_LOOP('',(#1625,#1626,#1627,#1628));
#267=EDGE_LOOP('',(#1629,#1630,#1631,#1632));
#268=EDGE_LOOP('',(#1633,#1634,#1635,#1636));
#269=EDGE_LOOP('',(#1637,#1638,#1639,#1640));
#270=EDGE_LOOP('',(#1641,#1642,#1643,#1644));
#271=EDGE_LOOP('',(#1645,#1646,#1647,#1648,#1649,#1650));
#272=EDGE_LOOP('',(#1651,#1652,#1653,#1654,#1655));
#273=EDGE_LOOP('',(#1656,#1657,#1658,#1659,#1660,#1661,#1662));
#274=EDGE_LOOP('',(#1663,#1664,#1665,#1666));
#275=EDGE_LOOP('',(#1667,#1668,#1669,#1670,#1671,#1672,#1673,#1674));
#276=EDGE_LOOP('',(#1675,#1676,#1677,#1678));
#277=EDGE_LOOP('',(#1679,#1680,#1681,#1682));
#278=EDGE_LOOP('',(#1683,#1684,#1685,#1686,#1687));
#279=EDGE_LOOP('',(#1688,#1689,#1690,#1691));
#280=EDGE_LOOP('',(#1692,#1693,#1694,#1695));
#281=EDGE_LOOP('',(#1696,#1697,#1698,#1699));
#282=EDGE_LOOP('',(#1700,#1701,#1702,#1703));
#283=EDGE_LOOP('',(#1704,#1705,#1706,#1707));
#284=EDGE_LOOP('',(#1708,#1709,#1710,#1711));
#285=EDGE_LOOP('',(#1712,#1713,#1714,#1715));
#286=EDGE_LOOP('',(#1716,#1717,#1718,#1719));
#287=EDGE_LOOP('',(#1720,#1721,#1722,#1723));
#288=EDGE_LOOP('',(#1724,#1725,#1726,#1727));
#289=EDGE_LOOP('',(#1728,#1729,#1730,#1731));
#290=EDGE_LOOP('',(#1732,#1733,#1734,#1735));
#291=LINE('',#2590,#530);
#292=LINE('',#2592,#531);
#293=LINE('',#2594,#532);
#294=LINE('',#2595,#533);
#295=LINE('',#2599,#534);
#296=LINE('',#2601,#535);
#297=LINE('',#2603,#536);
#298=LINE('',#2604,#537);
#299=LINE('',#2607,#538);
#300=LINE('',#2609,#539);
#301=LINE('',#2610,#540);
#302=LINE('',#2613,#541);
#303=LINE('',#2614,#542);
#304=LINE('',#2617,#543);
#305=LINE('',#2619,#544);
#306=LINE('',#2620,#545);
#307=LINE('',#2623,#546);
#308=LINE('',#2624,#547);
#309=LINE('',#2627,#548);
#310=LINE('',#2628,#549);
#311=LINE('',#2632,#550);
#312=LINE('',#2634,#551);
#313=LINE('',#2636,#552);
#314=LINE('',#2637,#553);
#315=LINE('',#2641,#554);
#316=LINE('',#2643,#555);
#317=LINE('',#2645,#556);
#318=LINE('',#2646,#557);
#319=LINE('',#2650,#558);
#320=LINE('',#2652,#559);
#321=LINE('',#2654,#560);
#322=LINE('',#2655,#561);
#323=LINE('',#2659,#562);
#324=LINE('',#2661,#563);
#325=LINE('',#2663,#564);
#326=LINE('',#2664,#565);
#327=LINE('',#2668,#566);
#328=LINE('',#2670,#567);
#329=LINE('',#2672,#568);
#330=LINE('',#2673,#569);
#331=LINE('',#2677,#570);
#332=LINE('',#2679,#571);
#333=LINE('',#2681,#572);
#334=LINE('',#2683,#573);
#335=LINE('',#2685,#574);
#336=LINE('',#2687,#575);
#337=LINE('',#2689,#576);
#338=LINE('',#2691,#577);
#339=LINE('',#2693,#578);
#340=LINE('',#2694,#579);
#341=LINE('',#2698,#580);
#342=LINE('',#2699,#581);
#343=LINE('',#2703,#582);
#344=LINE('',#2707,#583);
#345=LINE('',#2709,#584);
#346=LINE('',#2710,#585);
#347=LINE('',#2712,#586);
#348=LINE('',#2714,#587);
#349=LINE('',#2716,#588);
#350=LINE('',#2718,#589);
#351=LINE('',#2720,#590);
#352=LINE('',#2722,#591);
#353=LINE('',#2724,#592);
#354=LINE('',#2726,#593);
#355=LINE('',#2727,#594);
#356=LINE('',#2729,#595);
#357=LINE('',#2732,#596);
#358=LINE('',#2734,#597);
#359=LINE('',#2735,#598);
#360=LINE('',#2738,#599);
#361=LINE('',#2739,#600);
#362=LINE('',#2742,#601);
#363=LINE('',#2743,#602);
#364=LINE('',#2746,#603);
#365=LINE('',#2750,#604);
#366=LINE('',#2754,#605);
#367=LINE('',#2757,#606);
#368=LINE('',#2760,#607);
#369=LINE('',#2763,#608);
#370=LINE('',#2766,#609);
#371=LINE('',#2770,#610);
#372=LINE('',#2774,#611);
#373=LINE('',#2778,#612);
#374=LINE('',#2782,#613);
#375=LINE('',#2786,#614);
#376=LINE('',#2790,#615);
#377=LINE('',#2792,#616);
#378=LINE('',#2794,#617);
#379=LINE('',#2796,#618);
#380=LINE('',#2798,#619);
#381=LINE('',#2799,#620);
#382=LINE('',#2802,#621);
#383=LINE('',#2803,#622);
#384=LINE('',#2806,#623);
#385=LINE('',#2808,#624);
#386=LINE('',#2810,#625);
#387=LINE('',#2812,#626);
#388=LINE('',#2814,#627);
#389=LINE('',#2815,#628);
#390=LINE('',#2818,#629);
#391=LINE('',#2819,#630);
#392=LINE('',#2823,#631);
#393=LINE('',#2825,#632);
#394=LINE('',#2826,#633);
#395=LINE('',#2827,#634);
#396=LINE('',#2829,#635);
#397=LINE('',#2831,#636);
#398=LINE('',#2833,#637);
#399=LINE('',#2836,#638);
#400=LINE('',#2838,#639);
#401=LINE('',#2839,#640);
#402=LINE('',#2842,#641);
#403=LINE('',#2843,#642);
#404=LINE('',#2846,#643);
#405=LINE('',#2847,#644);
#406=LINE('',#2849,#645);
#407=LINE('',#2850,#646);
#408=LINE('',#2854,#647);
#409=LINE('',#2855,#648);
#410=LINE('',#2858,#649);
#411=LINE('',#2859,#650);
#412=LINE('',#2861,#651);
#413=LINE('',#2862,#652);
#414=LINE('',#2866,#653);
#415=LINE('',#2867,#654);
#416=LINE('',#2868,#655);
#417=LINE('',#2871,#656);
#418=LINE('',#2872,#657);
#419=LINE('',#2875,#658);
#420=LINE('',#2876,#659);
#421=LINE('',#2879,#660);
#422=LINE('',#2880,#661);
#423=LINE('',#2883,#662);
#424=LINE('',#2885,#663);
#425=LINE('',#2886,#664);
#426=LINE('',#2889,#665);
#427=LINE('',#2893,#666);
#428=LINE('',#2896,#667);
#429=LINE('',#2900,#668);
#430=LINE('',#2902,#669);
#431=LINE('',#2904,#670);
#432=LINE('',#2905,#671);
#433=LINE('',#2912,#672);
#434=LINE('',#2914,#673);
#435=LINE('',#2915,#674);
#436=LINE('',#2916,#675);
#437=LINE('',#2921,#676);
#438=LINE('',#2923,#677);
#439=LINE('',#2924,#678);
#440=LINE('',#2927,#679);
#441=LINE('',#2931,#680);
#442=LINE('',#2934,#681);
#443=LINE('',#2937,#682);
#444=LINE('',#2939,#683);
#445=LINE('',#2940,#684);
#446=LINE('',#2943,#685);
#447=LINE('',#2947,#686);
#448=LINE('',#2950,#687);
#449=LINE('',#2953,#688);
#450=LINE('',#2955,#689);
#451=LINE('',#2956,#690);
#452=LINE('',#2959,#691);
#453=LINE('',#2963,#692);
#454=LINE('',#2966,#693);
#455=LINE('',#2968,#694);
#456=LINE('',#2969,#695);
#457=LINE('',#2971,#696);
#458=LINE('',#2972,#697);
#459=LINE('',#2982,#698);
#460=LINE('',#2983,#699);
#461=LINE('',#2984,#700);
#462=LINE('',#2986,#701);
#463=LINE('',#2988,#702);
#464=LINE('',#2990,#703);
#465=LINE('',#2994,#704);
#466=LINE('',#2996,#705);
#467=LINE('',#2997,#706);
#468=LINE('',#2998,#707);
#469=LINE('',#3001,#708);
#470=LINE('',#3002,#709);
#471=LINE('',#3004,#710);
#472=LINE('',#3007,#711);
#473=LINE('',#3008,#712);
#474=LINE('',#3011,#713);
#475=LINE('',#3013,#714);
#476=LINE('',#3014,#715);
#477=LINE('',#3015,#716);
#478=LINE('',#3018,#717);
#479=LINE('',#3019,#718);
#480=LINE('',#3022,#719);
#481=LINE('',#3024,#720);
#482=LINE('',#3025,#721);
#483=LINE('',#3028,#722);
#484=LINE('',#3030,#723);
#485=LINE('',#3031,#724);
#486=LINE('',#3035,#725);
#487=LINE('',#3038,#726);
#488=LINE('',#3039,#727);
#489=LINE('',#3041,#728);
#490=LINE('',#3044,#729);
#491=LINE('',#3045,#730);
#492=LINE('',#3047,#731);
#493=LINE('',#3049,#732);
#494=LINE('',#3052,#733);
#495=LINE('',#3054,#734);
#496=LINE('',#3056,#735);
#497=LINE('',#3057,#736);
#498=LINE('',#3059,#737);
#499=LINE('',#3062,#738);
#500=LINE('',#3063,#739);
#501=LINE('',#3065,#740);
#502=LINE('',#3066,#741);
#503=LINE('',#3068,#742);
#504=LINE('',#3070,#743);
#505=LINE('',#3073,#744);
#506=LINE('',#3075,#745);
#507=LINE('',#3077,#746);
#508=LINE('',#3078,#747);
#509=LINE('',#3081,#748);
#510=LINE('',#3083,#749);
#511=LINE('',#3085,#750);
#512=LINE('',#3086,#751);
#513=LINE('',#3088,#752);
#514=LINE('',#3093,#753);
#515=LINE('',#3095,#754);
#516=LINE('',#3096,#755);
#517=LINE('',#3099,#756);
#518=LINE('',#3100,#757);
#519=LINE('',#3103,#758);
#520=LINE('',#3104,#759);
#521=LINE('',#3106,#760);
#522=LINE('',#3109,#761);
#523=LINE('',#3111,#762);
#524=LINE('',#3112,#763);
#525=LINE('',#3115,#764);
#526=LINE('',#3116,#765);
#527=LINE('',#3119,#766);
#528=LINE('',#3120,#767);
#529=LINE('',#3122,#768);
#530=VECTOR('',#2083,10.);
#531=VECTOR('',#2084,1.);
#532=VECTOR('',#2085,10.);
#533=VECTOR('',#2086,10.);
#534=VECTOR('',#2089,10.);
#535=VECTOR('',#2090,10.);
#536=VECTOR('',#2091,10.);
#537=VECTOR('',#2092,1.);
#538=VECTOR('',#2095,1.);
#539=VECTOR('',#2096,1.);
#540=VECTOR('',#2097,1.);
#541=VECTOR('',#2100,1.);
#542=VECTOR('',#2101,1.);
#543=VECTOR('',#2104,1.);
#544=VECTOR('',#2105,1.);
#545=VECTOR('',#2106,1.);
#546=VECTOR('',#2109,1.);
#547=VECTOR('',#2110,1.);
#548=VECTOR('',#2113,1.);
#549=VECTOR('',#2114,1.);
#550=VECTOR('',#2117,1.);
#551=VECTOR('',#2118,1.);
#552=VECTOR('',#2119,1.);
#553=VECTOR('',#2120,1.);
#554=VECTOR('',#2123,10.);
#555=VECTOR('',#2124,1.);
#556=VECTOR('',#2125,1.);
#557=VECTOR('',#2126,1.);
#558=VECTOR('',#2129,1.);
#559=VECTOR('',#2130,1.);
#560=VECTOR('',#2131,1.);
#561=VECTOR('',#2132,1.);
#562=VECTOR('',#2135,10.);
#563=VECTOR('',#2136,1.);
#564=VECTOR('',#2137,1.);
#565=VECTOR('',#2138,1.);
#566=VECTOR('',#2141,1.);
#567=VECTOR('',#2142,1.);
#568=VECTOR('',#2143,1.);
#569=VECTOR('',#2144,1.);
#570=VECTOR('',#2147,1.);
#571=VECTOR('',#2148,1.);
#572=VECTOR('',#2149,1.);
#573=VECTOR('',#2150,1.);
#574=VECTOR('',#2151,1.);
#575=VECTOR('',#2152,1.);
#576=VECTOR('',#2153,1.);
#577=VECTOR('',#2154,1.);
#578=VECTOR('',#2155,1.);
#579=VECTOR('',#2156,1.);
#580=VECTOR('',#2159,1.);
#581=VECTOR('',#2160,1.);
#582=VECTOR('',#2165,1.);
#583=VECTOR('',#2168,1.);
#584=VECTOR('',#2169,1.);
#585=VECTOR('',#2170,1.);
#586=VECTOR('',#2171,1.);
#587=VECTOR('',#2172,1.);
#588=VECTOR('',#2173,1.);
#589=VECTOR('',#2174,1.);
#590=VECTOR('',#2175,1.);
#591=VECTOR('',#2176,1.);
#592=VECTOR('',#2177,1.);
#593=VECTOR('',#2178,1.);
#594=VECTOR('',#2179,1.);
#595=VECTOR('',#2182,1.);
#596=VECTOR('',#2185,1.);
#597=VECTOR('',#2186,1.);
#598=VECTOR('',#2187,1.);
#599=VECTOR('',#2190,1.);
#600=VECTOR('',#2191,1.);
#601=VECTOR('',#2194,1.);
#602=VECTOR('',#2195,1.);
#603=VECTOR('',#2196,1.);
#604=VECTOR('',#2199,1.);
#605=VECTOR('',#2204,1.);
#606=VECTOR('',#2207,1.);
#607=VECTOR('',#2210,1.);
#608=VECTOR('',#2213,1.);
#609=VECTOR('',#2214,1.);
#610=VECTOR('',#2217,1.);
#611=VECTOR('',#2220,1.);
#612=VECTOR('',#2223,1.);
#613=VECTOR('',#2226,1.);
#614=VECTOR('',#2229,1.);
#615=VECTOR('',#2234,1.);
#616=VECTOR('',#2235,1.);
#617=VECTOR('',#2236,1.);
#618=VECTOR('',#2237,1.);
#619=VECTOR('',#2238,1.);
#620=VECTOR('',#2239,1.);
#621=VECTOR('',#2242,1.);
#622=VECTOR('',#2243,1.);
#623=VECTOR('',#2246,1.);
#624=VECTOR('',#2247,1.);
#625=VECTOR('',#2248,1.);
#626=VECTOR('',#2249,1.);
#627=VECTOR('',#2250,1.);
#628=VECTOR('',#2251,1.);
#629=VECTOR('',#2254,1.);
#630=VECTOR('',#2255,1.);
#631=VECTOR('',#2258,1.);
#632=VECTOR('',#2259,1.);
#633=VECTOR('',#2260,1.);
#634=VECTOR('',#2261,1.);
#635=VECTOR('',#2264,1.);
#636=VECTOR('',#2267,1.);
#637=VECTOR('',#2270,1.);
#638=VECTOR('',#2273,1.);
#639=VECTOR('',#2274,1.);
#640=VECTOR('',#2275,1.);
#641=VECTOR('',#2278,1.);
#642=VECTOR('',#2279,1.);
#643=VECTOR('',#2282,1.);
#644=VECTOR('',#2283,1.);
#645=VECTOR('',#2286,1.);
#646=VECTOR('',#2287,1.);
#647=VECTOR('',#2292,1.);
#648=VECTOR('',#2293,1.);
#649=VECTOR('',#2296,1.);
#650=VECTOR('',#2297,1.);
#651=VECTOR('',#2300,1.);
#652=VECTOR('',#2301,1.);
#653=VECTOR('',#2304,1.);
#654=VECTOR('',#2305,1.);
#655=VECTOR('',#2306,1.);
#656=VECTOR('',#2309,1.);
#657=VECTOR('',#2310,1.);
#658=VECTOR('',#2313,1.);
#659=VECTOR('',#2314,1.);
#660=VECTOR('',#2317,1.);
#661=VECTOR('',#2318,1.);
#662=VECTOR('',#2321,1.);
#663=VECTOR('',#2322,1.);
#664=VECTOR('',#2323,1.);
#665=VECTOR('',#2326,1.);
#666=VECTOR('',#2331,1.);
#667=VECTOR('',#2336,1.);
#668=VECTOR('',#2343,1.);
#669=VECTOR('',#2344,1.);
#670=VECTOR('',#2345,1.);
#671=VECTOR('',#2346,1.);
#672=VECTOR('',#2357,1.);
#673=VECTOR('',#2358,1.);
#674=VECTOR('',#2359,1.);
#675=VECTOR('',#2360,1.);
#676=VECTOR('',#2367,1.);
#677=VECTOR('',#2368,1.);
#678=VECTOR('',#2369,1.);
#679=VECTOR('',#2372,1.);
#680=VECTOR('',#2377,1.);
#681=VECTOR('',#2382,1.);
#682=VECTOR('',#2385,1.);
#683=VECTOR('',#2386,1.);
#684=VECTOR('',#2387,1.);
#685=VECTOR('',#2390,1.);
#686=VECTOR('',#2395,1.);
#687=VECTOR('',#2400,1.);
#688=VECTOR('',#2403,1.);
#689=VECTOR('',#2404,1.);
#690=VECTOR('',#2405,1.);
#691=VECTOR('',#2408,1.);
#692=VECTOR('',#2413,1.);
#693=VECTOR('',#2418,1.);
#694=VECTOR('',#2421,1.);
#695=VECTOR('',#2422,1.);
#696=VECTOR('',#2425,1.);
#697=VECTOR('',#2426,1.);
#698=VECTOR('',#2441,1.);
#699=VECTOR('',#2442,1.);
#700=VECTOR('',#2443,1.);
#701=VECTOR('',#2446,1.);
#702=VECTOR('',#2449,1.);
#703=VECTOR('',#2452,1.);
#704=VECTOR('',#2455,1.);
#705=VECTOR('',#2456,1.);
#706=VECTOR('',#2457,1.);
#707=VECTOR('',#2458,1.);
#708=VECTOR('',#2461,1.);
#709=VECTOR('',#2462,1.);
#710=VECTOR('',#2465,1.);
#711=VECTOR('',#2468,1.);
#712=VECTOR('',#2469,1.);
#713=VECTOR('',#2472,1.);
#714=VECTOR('',#2473,1.);
#715=VECTOR('',#2474,1.);
#716=VECTOR('',#2475,1.);
#717=VECTOR('',#2478,1.);
#718=VECTOR('',#2479,1.);
#719=VECTOR('',#2482,1.);
#720=VECTOR('',#2483,1.);
#721=VECTOR('',#2484,1.);
#722=VECTOR('',#2487,1.);
#723=VECTOR('',#2488,1.);
#724=VECTOR('',#2489,1.);
#725=VECTOR('',#2496,1.);
#726=VECTOR('',#2499,1.);
#727=VECTOR('',#2500,1.);
#728=VECTOR('',#2503,1.);
#729=VECTOR('',#2506,1.);
#730=VECTOR('',#2507,1.);
#731=VECTOR('',#2510,1.);
#732=VECTOR('',#2513,1.);
#733=VECTOR('',#2516,1.);
#734=VECTOR('',#2517,1.);
#735=VECTOR('',#2518,1.);
#736=VECTOR('',#2519,1.);
#737=VECTOR('',#2522,1.);
#738=VECTOR('',#2525,1.);
#739=VECTOR('',#2526,1.);
#740=VECTOR('',#2527,1.);
#741=VECTOR('',#2528,1.);
#742=VECTOR('',#2531,1.);
#743=VECTOR('',#2534,1.);
#744=VECTOR('',#2535,1.);
#745=VECTOR('',#2536,1.);
#746=VECTOR('',#2537,1.);
#747=VECTOR('',#2538,1.);
#748=VECTOR('',#2539,1.);
#749=VECTOR('',#2540,1.);
#750=VECTOR('',#2541,1.);
#751=VECTOR('',#2542,1.);
#752=VECTOR('',#2545,1.);
#753=VECTOR('',#2552,1.);
#754=VECTOR('',#2553,1.);
#755=VECTOR('',#2554,1.);
#756=VECTOR('',#2557,1.);
#757=VECTOR('',#2558,1.);
#758=VECTOR('',#2561,1.);
#759=VECTOR('',#2562,1.);
#760=VECTOR('',#2565,1.);
#761=VECTOR('',#2568,1.);
#762=VECTOR('',#2569,1.);
#763=VECTOR('',#2570,1.);
#764=VECTOR('',#2573,1.);
#765=VECTOR('',#2574,1.);
#766=VECTOR('',#2577,1.);
#767=VECTOR('',#2578,1.);
#768=VECTOR('',#2581,1.);
#769=VERTEX_POINT('',#2588);
#770=VERTEX_POINT('',#2589);
#771=VERTEX_POINT('',#2591);
#772=VERTEX_POINT('',#2593);
#773=VERTEX_POINT('',#2597);
#774=VERTEX_POINT('',#2598);
#775=VERTEX_POINT('',#2600);
#776=VERTEX_POINT('',#2602);
#777=VERTEX_POINT('',#2606);
#778=VERTEX_POINT('',#2608);
#779=VERTEX_POINT('',#2612);
#780=VERTEX_POINT('',#2616);
#781=VERTEX_POINT('',#2618);
#782=VERTEX_POINT('',#2622);
#783=VERTEX_POINT('',#2626);
#784=VERTEX_POINT('',#2630);
#785=VERTEX_POINT('',#2631);
#786=VERTEX_POINT('',#2633);
#787=VERTEX_POINT('',#2635);
#788=VERTEX_POINT('',#2639);
#789=VERTEX_POINT('',#2640);
#790=VERTEX_POINT('',#2642);
#791=VERTEX_POINT('',#2644);
#792=VERTEX_POINT('',#2648);
#793=VERTEX_POINT('',#2649);
#794=VERTEX_POINT('',#2651);
#795=VERTEX_POINT('',#2653);
#796=VERTEX_POINT('',#2657);
#797=VERTEX_POINT('',#2658);
#798=VERTEX_POINT('',#2660);
#799=VERTEX_POINT('',#2662);
#800=VERTEX_POINT('',#2666);
#801=VERTEX_POINT('',#2667);
#802=VERTEX_POINT('',#2669);
#803=VERTEX_POINT('',#2671);
#804=VERTEX_POINT('',#2675);
#805=VERTEX_POINT('',#2676);
#806=VERTEX_POINT('',#2678);
#807=VERTEX_POINT('',#2680);
#808=VERTEX_POINT('',#2682);
#809=VERTEX_POINT('',#2684);
#810=VERTEX_POINT('',#2686);
#811=VERTEX_POINT('',#2688);
#812=VERTEX_POINT('',#2690);
#813=VERTEX_POINT('',#2692);
#814=VERTEX_POINT('',#2695);
#815=VERTEX_POINT('',#2697);
#816=VERTEX_POINT('',#2701);
#817=VERTEX_POINT('',#2705);
#818=VERTEX_POINT('',#2706);
#819=VERTEX_POINT('',#2708);
#820=VERTEX_POINT('',#2711);
#821=VERTEX_POINT('',#2713);
#822=VERTEX_POINT('',#2715);
#823=VERTEX_POINT('',#2717);
#824=VERTEX_POINT('',#2719);
#825=VERTEX_POINT('',#2721);
#826=VERTEX_POINT('',#2723);
#827=VERTEX_POINT('',#2725);
#828=VERTEX_POINT('',#2731);
#829=VERTEX_POINT('',#2733);
#830=VERTEX_POINT('',#2737);
#831=VERTEX_POINT('',#2741);
#832=VERTEX_POINT('',#2744);
#833=VERTEX_POINT('',#2745);
#834=VERTEX_POINT('',#2747);
#835=VERTEX_POINT('',#2749);
#836=VERTEX_POINT('',#2753);
#837=VERTEX_POINT('',#2755);
#838=VERTEX_POINT('',#2759);
#839=VERTEX_POINT('',#2761);
#840=VERTEX_POINT('',#2764);
#841=VERTEX_POINT('',#2765);
#842=VERTEX_POINT('',#2767);
#843=VERTEX_POINT('',#2769);
#844=VERTEX_POINT('',#2772);
#845=VERTEX_POINT('',#2773);
#846=VERTEX_POINT('',#2775);
#847=VERTEX_POINT('',#2777);
#848=VERTEX_POINT('',#2780);
#849=VERTEX_POINT('',#2781);
#850=VERTEX_POINT('',#2783);
#851=VERTEX_POINT('',#2785);
#852=VERTEX_POINT('',#2789);
#853=VERTEX_POINT('',#2791);
#854=VERTEX_POINT('',#2793);
#855=VERTEX_POINT('',#2795);
#856=VERTEX_POINT('',#2797);
#857=VERTEX_POINT('',#2801);
#858=VERTEX_POINT('',#2805);
#859=VERTEX_POINT('',#2807);
#860=VERTEX_POINT('',#2809);
#861=VERTEX_POINT('',#2811);
#862=VERTEX_POINT('',#2813);
#863=VERTEX_POINT('',#2817);
#864=VERTEX_POINT('',#2821);
#865=VERTEX_POINT('',#2822);
#866=VERTEX_POINT('',#2824);
#867=VERTEX_POINT('',#2835);
#868=VERTEX_POINT('',#2837);
#869=VERTEX_POINT('',#2841);
#870=VERTEX_POINT('',#2845);
#871=VERTEX_POINT('',#2853);
#872=VERTEX_POINT('',#2857);
#873=VERTEX_POINT('',#2864);
#874=VERTEX_POINT('',#2865);
#875=VERTEX_POINT('',#2870);
#876=VERTEX_POINT('',#2874);
#877=VERTEX_POINT('',#2878);
#878=VERTEX_POINT('',#2882);
#879=VERTEX_POINT('',#2884);
#880=VERTEX_POINT('',#2888);
#881=VERTEX_POINT('',#2892);
#882=VERTEX_POINT('',#2901);
#883=VERTEX_POINT('',#2903);
#884=VERTEX_POINT('',#2911);
#885=VERTEX_POINT('',#2913);
#886=VERTEX_POINT('',#2920);
#887=VERTEX_POINT('',#2922);
#888=VERTEX_POINT('',#2926);
#889=VERTEX_POINT('',#2930);
#890=VERTEX_POINT('',#2936);
#891=VERTEX_POINT('',#2938);
#892=VERTEX_POINT('',#2942);
#893=VERTEX_POINT('',#2946);
#894=VERTEX_POINT('',#2952);
#895=VERTEX_POINT('',#2954);
#896=VERTEX_POINT('',#2958);
#897=VERTEX_POINT('',#2962);
#898=VERTEX_POINT('',#2980);
#899=VERTEX_POINT('',#2981);
#900=VERTEX_POINT('',#2992);
#901=VERTEX_POINT('',#2993);
#902=VERTEX_POINT('',#2995);
#903=VERTEX_POINT('',#3000);
#904=VERTEX_POINT('',#3006);
#905=VERTEX_POINT('',#3010);
#906=VERTEX_POINT('',#3012);
#907=VERTEX_POINT('',#3017);
#908=VERTEX_POINT('',#3021);
#909=VERTEX_POINT('',#3023);
#910=VERTEX_POINT('',#3027);
#911=VERTEX_POINT('',#3029);
#912=VERTEX_POINT('',#3037);
#913=VERTEX_POINT('',#3043);
#914=VERTEX_POINT('',#3051);
#915=VERTEX_POINT('',#3053);
#916=VERTEX_POINT('',#3055);
#917=VERTEX_POINT('',#3061);
#918=VERTEX_POINT('',#3064);
#919=VERTEX_POINT('',#3071);
#920=VERTEX_POINT('',#3072);
#921=VERTEX_POINT('',#3074);
#922=VERTEX_POINT('',#3076);
#923=VERTEX_POINT('',#3079);
#924=VERTEX_POINT('',#3080);
#925=VERTEX_POINT('',#3082);
#926=VERTEX_POINT('',#3084);
#927=VERTEX_POINT('',#3092);
#928=VERTEX_POINT('',#3094);
#929=VERTEX_POINT('',#3098);
#930=VERTEX_POINT('',#3102);
#931=VERTEX_POINT('',#3108);
#932=VERTEX_POINT('',#3110);
#933=VERTEX_POINT('',#3114);
#934=VERTEX_POINT('',#3118);
#935=EDGE_CURVE('',#769,#770,#291,.T.);
#936=EDGE_CURVE('',#771,#769,#292,.T.);
#937=EDGE_CURVE('',#772,#771,#293,.T.);
#938=EDGE_CURVE('',#770,#772,#294,.T.);
#939=EDGE_CURVE('',#773,#774,#295,.T.);
#940=EDGE_CURVE('',#775,#773,#296,.T.);
#941=EDGE_CURVE('',#776,#775,#297,.T.);
#942=EDGE_CURVE('',#774,#776,#298,.T.);
#943=EDGE_CURVE('',#772,#777,#299,.T.);
#944=EDGE_CURVE('',#777,#778,#300,.T.);
#945=EDGE_CURVE('',#770,#778,#301,.T.);
#946=EDGE_CURVE('',#779,#771,#302,.T.);
#947=EDGE_CURVE('',#777,#779,#303,.T.);
#948=EDGE_CURVE('',#775,#780,#304,.T.);
#949=EDGE_CURVE('',#781,#780,#305,.T.);
#950=EDGE_CURVE('',#781,#776,#306,.T.);
#951=EDGE_CURVE('',#773,#782,#307,.T.);
#952=EDGE_CURVE('',#780,#782,#308,.T.);
#953=EDGE_CURVE('',#783,#774,#309,.T.);
#954=EDGE_CURVE('',#782,#783,#310,.T.);
#955=EDGE_CURVE('',#784,#785,#311,.T.);
#956=EDGE_CURVE('',#786,#784,#312,.T.);
#957=EDGE_CURVE('',#786,#787,#313,.T.);
#958=EDGE_CURVE('',#787,#785,#314,.T.);
#959=EDGE_CURVE('',#788,#789,#315,.T.);
#960=EDGE_CURVE('',#789,#790,#316,.T.);
#961=EDGE_CURVE('',#791,#790,#317,.T.);
#962=EDGE_CURVE('',#788,#791,#318,.T.);
#963=EDGE_CURVE('',#792,#793,#319,.T.);
#964=EDGE_CURVE('',#792,#794,#320,.T.);
#965=EDGE_CURVE('',#794,#795,#321,.T.);
#966=EDGE_CURVE('',#793,#795,#322,.T.);
#967=EDGE_CURVE('',#796,#797,#323,.T.);
#968=EDGE_CURVE('',#798,#797,#324,.T.);
#969=EDGE_CURVE('',#799,#798,#325,.T.);
#970=EDGE_CURVE('',#799,#796,#326,.T.);
#971=EDGE_CURVE('',#800,#801,#327,.T.);
#972=EDGE_CURVE('',#802,#800,#328,.T.);
#973=EDGE_CURVE('',#802,#803,#329,.T.);
#974=EDGE_CURVE('',#803,#801,#330,.T.);
#975=EDGE_CURVE('',#804,#805,#331,.T.);
#976=EDGE_CURVE('',#805,#806,#332,.T.);
#977=EDGE_CURVE('',#806,#807,#333,.T.);
#978=EDGE_CURVE('',#807,#808,#334,.T.);
#979=EDGE_CURVE('',#808,#809,#335,.T.);
#980=EDGE_CURVE('',#810,#809,#336,.T.);
#981=EDGE_CURVE('',#811,#810,#337,.T.);
#982=EDGE_CURVE('',#812,#811,#338,.T.);
#983=EDGE_CURVE('',#813,#812,#339,.T.);
#984=EDGE_CURVE('',#800,#813,#340,.T.);
#985=EDGE_CURVE('',#801,#814,#41,.T.);
#986=EDGE_CURVE('',#814,#815,#341,.T.);
#987=EDGE_CURVE('',#804,#815,#342,.T.);
#988=EDGE_CURVE('',#803,#816,#42,.T.);
#989=EDGE_CURVE('',#816,#814,#343,.T.);
#990=EDGE_CURVE('',#817,#818,#344,.T.);
#991=EDGE_CURVE('',#818,#819,#345,.T.);
#992=EDGE_CURVE('',#816,#819,#346,.T.);
#993=EDGE_CURVE('',#802,#820,#347,.T.);
#994=EDGE_CURVE('',#820,#821,#348,.T.);
#995=EDGE_CURVE('',#821,#822,#349,.T.);
#996=EDGE_CURVE('',#823,#822,#350,.T.);
#997=EDGE_CURVE('',#823,#824,#351,.T.);
#998=EDGE_CURVE('',#824,#825,#352,.T.);
#999=EDGE_CURVE('',#825,#826,#353,.T.);
#1000=EDGE_CURVE('',#826,#827,#354,.T.);
#1001=EDGE_CURVE('',#827,#817,#355,.T.);
#1002=EDGE_CURVE('',#820,#813,#356,.T.);
#1003=EDGE_CURVE('',#804,#828,#357,.T.);
#1004=EDGE_CURVE('',#829,#828,#358,.T.);
#1005=EDGE_CURVE('',#805,#829,#359,.T.);
#1006=EDGE_CURVE('',#830,#829,#360,.T.);
#1007=EDGE_CURVE('',#806,#830,#361,.T.);
#1008=EDGE_CURVE('',#831,#830,#362,.T.);
#1009=EDGE_CURVE('',#807,#831,#363,.T.);
#1010=EDGE_CURVE('',#832,#833,#364,.T.);
#1011=EDGE_CURVE('',#833,#834,#43,.T.);
#1012=EDGE_CURVE('',#835,#834,#365,.T.);
#1013=EDGE_CURVE('',#835,#832,#44,.T.);
#1014=EDGE_CURVE('',#797,#793,#45,.T.);
#1015=EDGE_CURVE('',#795,#836,#366,.T.);
#1016=EDGE_CURVE('',#836,#837,#46,.T.);
#1017=EDGE_CURVE('',#837,#790,#367,.T.);
#1018=EDGE_CURVE('',#789,#785,#47,.T.);
#1019=EDGE_CURVE('',#838,#787,#368,.T.);
#1020=EDGE_CURVE('',#838,#839,#48,.T.);
#1021=EDGE_CURVE('',#798,#839,#369,.T.);
#1022=EDGE_CURVE('',#840,#841,#370,.T.);
#1023=EDGE_CURVE('',#841,#842,#49,.T.);
#1024=EDGE_CURVE('',#843,#842,#371,.T.);
#1025=EDGE_CURVE('',#843,#840,#50,.T.);
#1026=EDGE_CURVE('',#844,#845,#372,.T.);
#1027=EDGE_CURVE('',#845,#846,#51,.T.);
#1028=EDGE_CURVE('',#847,#846,#373,.T.);
#1029=EDGE_CURVE('',#847,#844,#52,.T.);
#1030=EDGE_CURVE('',#848,#849,#374,.T.);
#1031=EDGE_CURVE('',#849,#850,#53,.T.);
#1032=EDGE_CURVE('',#851,#850,#375,.T.);
#1033=EDGE_CURVE('',#851,#848,#54,.T.);
#1034=EDGE_CURVE('',#852,#831,#376,.T.);
#1035=EDGE_CURVE('',#853,#852,#377,.T.);
#1036=EDGE_CURVE('',#853,#854,#378,.T.);
#1037=EDGE_CURVE('',#855,#854,#379,.T.);
#1038=EDGE_CURVE('',#856,#855,#380,.T.);
#1039=EDGE_CURVE('',#808,#856,#381,.T.);
#1040=EDGE_CURVE('',#857,#856,#382,.T.);
#1041=EDGE_CURVE('',#809,#857,#383,.T.);
#1042=EDGE_CURVE('',#810,#858,#384,.T.);
#1043=EDGE_CURVE('',#857,#859,#385,.T.);
#1044=EDGE_CURVE('',#859,#860,#386,.T.);
#1045=EDGE_CURVE('',#861,#860,#387,.T.);
#1046=EDGE_CURVE('',#861,#862,#388,.T.);
#1047=EDGE_CURVE('',#858,#862,#389,.T.);
#1048=EDGE_CURVE('',#863,#811,#390,.T.);
#1049=EDGE_CURVE('',#858,#863,#391,.T.);
#1050=EDGE_CURVE('',#864,#865,#392,.T.);
#1051=EDGE_CURVE('',#864,#866,#393,.T.);
#1052=EDGE_CURVE('',#812,#866,#394,.T.);
#1053=EDGE_CURVE('',#865,#863,#395,.T.);
#1054=EDGE_CURVE('',#813,#864,#396,.T.);
#1055=EDGE_CURVE('',#819,#815,#397,.T.);
#1056=EDGE_CURVE('',#818,#804,#398,.T.);
#1057=EDGE_CURVE('',#867,#817,#399,.T.);
#1058=EDGE_CURVE('',#867,#868,#400,.T.);
#1059=EDGE_CURVE('',#868,#818,#401,.T.);
#1060=EDGE_CURVE('',#869,#827,#402,.T.);
#1061=EDGE_CURVE('',#869,#867,#403,.T.);
#1062=EDGE_CURVE('',#870,#826,#404,.T.);
#1063=EDGE_CURVE('',#870,#869,#405,.T.);
#1064=EDGE_CURVE('',#822,#825,#406,.T.);
#1065=EDGE_CURVE('',#822,#870,#407,.T.);
#1066=EDGE_CURVE('',#821,#871,#408,.T.);
#1067=EDGE_CURVE('',#871,#870,#409,.T.);
#1068=EDGE_CURVE('',#820,#872,#410,.T.);
#1069=EDGE_CURVE('',#872,#871,#411,.T.);
#1070=EDGE_CURVE('',#813,#781,#412,.T.);
#1071=EDGE_CURVE('',#872,#781,#413,.T.);
#1072=EDGE_CURVE('',#873,#874,#414,.T.);
#1073=EDGE_CURVE('',#874,#828,#415,.T.);
#1074=EDGE_CURVE('',#873,#804,#416,.T.);
#1075=EDGE_CURVE('',#875,#874,#417,.T.);
#1076=EDGE_CURVE('',#875,#829,#418,.T.);
#1077=EDGE_CURVE('',#876,#875,#419,.T.);
#1078=EDGE_CURVE('',#876,#830,#420,.T.);
#1079=EDGE_CURVE('',#877,#876,#421,.T.);
#1080=EDGE_CURVE('',#877,#831,#422,.T.);
#1081=EDGE_CURVE('',#878,#832,#423,.T.);
#1082=EDGE_CURVE('',#878,#879,#424,.T.);
#1083=EDGE_CURVE('',#879,#833,#425,.T.);
#1084=EDGE_CURVE('',#880,#835,#426,.T.);
#1085=EDGE_CURVE('',#880,#878,#55,.T.);
#1086=EDGE_CURVE('',#881,#834,#427,.T.);
#1087=EDGE_CURVE('',#879,#881,#56,.T.);
#1088=EDGE_CURVE('',#880,#881,#428,.T.);
#1089=EDGE_CURVE('',#792,#796,#57,.T.);
#1090=EDGE_CURVE('',#794,#791,#429,.T.);
#1091=EDGE_CURVE('',#882,#837,#430,.T.);
#1092=EDGE_CURVE('',#882,#883,#431,.T.);
#1093=EDGE_CURVE('',#883,#836,#432,.T.);
#1094=EDGE_CURVE('',#883,#882,#58,.T.);
#1095=EDGE_CURVE('',#784,#788,#59,.T.);
#1096=EDGE_CURVE('',#884,#839,#433,.T.);
#1097=EDGE_CURVE('',#885,#884,#434,.T.);
#1098=EDGE_CURVE('',#885,#838,#435,.T.);
#1099=EDGE_CURVE('',#799,#786,#436,.T.);
#1100=EDGE_CURVE('',#885,#884,#60,.T.);
#1101=EDGE_CURVE('',#886,#840,#437,.T.);
#1102=EDGE_CURVE('',#886,#887,#438,.T.);
#1103=EDGE_CURVE('',#887,#841,#439,.T.);
#1104=EDGE_CURVE('',#888,#843,#440,.T.);
#1105=EDGE_CURVE('',#888,#886,#61,.T.);
#1106=EDGE_CURVE('',#889,#842,#441,.T.);
#1107=EDGE_CURVE('',#887,#889,#62,.T.);
#1108=EDGE_CURVE('',#888,#889,#442,.T.);
#1109=EDGE_CURVE('',#890,#844,#443,.T.);
#1110=EDGE_CURVE('',#890,#891,#444,.T.);
#1111=EDGE_CURVE('',#891,#845,#445,.T.);
#1112=EDGE_CURVE('',#892,#847,#446,.T.);
#1113=EDGE_CURVE('',#892,#890,#63,.T.);
#1114=EDGE_CURVE('',#893,#846,#447,.T.);
#1115=EDGE_CURVE('',#891,#893,#64,.T.);
#1116=EDGE_CURVE('',#892,#893,#448,.T.);
#1117=EDGE_CURVE('',#894,#848,#449,.T.);
#1118=EDGE_CURVE('',#894,#895,#450,.T.);
#1119=EDGE_CURVE('',#895,#849,#451,.T.);
#1120=EDGE_CURVE('',#896,#851,#452,.T.);
#1121=EDGE_CURVE('',#896,#894,#65,.T.);
#1122=EDGE_CURVE('',#897,#850,#453,.T.);
#1123=EDGE_CURVE('',#895,#897,#66,.T.);
#1124=EDGE_CURVE('',#896,#897,#454,.T.);
#1125=EDGE_CURVE('',#863,#877,#455,.T.);
#1126=EDGE_CURVE('',#863,#852,#456,.T.);
#1127=EDGE_CURVE('',#862,#852,#457,.T.);
#1128=EDGE_CURVE('',#861,#853,#458,.T.);
#1129=EDGE_CURVE('',#860,#854,#67,.T.);
#1130=EDGE_CURVE('',#859,#855,#68,.T.);
#1131=EDGE_CURVE('',#898,#899,#459,.T.);
#1132=EDGE_CURVE('',#864,#898,#460,.T.);
#1133=EDGE_CURVE('',#865,#899,#461,.T.);
#1134=EDGE_CURVE('',#899,#877,#462,.T.);
#1135=EDGE_CURVE('',#776,#898,#463,.T.);
#1136=EDGE_CURVE('',#868,#873,#464,.T.);
#1137=EDGE_CURVE('',#900,#901,#465,.T.);
#1138=EDGE_CURVE('',#900,#902,#466,.T.);
#1139=EDGE_CURVE('',#902,#868,#467,.T.);
#1140=EDGE_CURVE('',#901,#867,#468,.T.);
#1141=EDGE_CURVE('',#903,#869,#469,.T.);
#1142=EDGE_CURVE('',#903,#901,#470,.T.);
#1143=EDGE_CURVE('',#871,#903,#471,.T.);
#1144=EDGE_CURVE('',#872,#904,#472,.T.);
#1145=EDGE_CURVE('',#904,#903,#473,.T.);
#1146=EDGE_CURVE('',#780,#905,#474,.T.);
#1147=EDGE_CURVE('',#905,#906,#475,.T.);
#1148=EDGE_CURVE('',#777,#906,#476,.T.);
#1149=EDGE_CURVE('',#904,#779,#477,.T.);
#1150=EDGE_CURVE('',#873,#907,#478,.T.);
#1151=EDGE_CURVE('',#875,#907,#479,.T.);
#1152=EDGE_CURVE('',#908,#876,#480,.T.);
#1153=EDGE_CURVE('',#909,#875,#481,.T.);
#1154=EDGE_CURVE('',#908,#909,#482,.T.);
#1155=EDGE_CURVE('',#876,#910,#483,.T.);
#1156=EDGE_CURVE('',#910,#911,#484,.T.);
#1157=EDGE_CURVE('',#877,#911,#485,.T.);
#1158=EDGE_CURVE('',#783,#911,#486,.T.);
#1159=EDGE_CURVE('',#912,#873,#487,.T.);
#1160=EDGE_CURVE('',#902,#912,#488,.T.);
#1161=EDGE_CURVE('',#904,#900,#489,.T.);
#1162=EDGE_CURVE('',#900,#913,#490,.T.);
#1163=EDGE_CURVE('',#913,#912,#491,.T.);
#1164=EDGE_CURVE('',#779,#913,#492,.T.);
#1165=EDGE_CURVE('',#780,#777,#493,.T.);
#1166=EDGE_CURVE('',#914,#909,#494,.T.);
#1167=EDGE_CURVE('',#915,#907,#495,.T.);
#1168=EDGE_CURVE('',#915,#916,#496,.T.);
#1169=EDGE_CURVE('',#914,#916,#497,.T.);
#1170=EDGE_CURVE('',#913,#915,#498,.T.);
#1171=EDGE_CURVE('',#917,#908,#499,.T.);
#1172=EDGE_CURVE('',#771,#917,#500,.T.);
#1173=EDGE_CURVE('',#918,#769,#501,.T.);
#1174=EDGE_CURVE('',#918,#910,#502,.T.);
#1175=EDGE_CURVE('',#917,#914,#503,.T.);
#1176=EDGE_CURVE('',#918,#778,#504,.T.);
#1177=EDGE_CURVE('',#919,#920,#505,.T.);
#1178=EDGE_CURVE('',#919,#921,#506,.T.);
#1179=EDGE_CURVE('',#921,#922,#507,.T.);
#1180=EDGE_CURVE('',#920,#922,#508,.T.);
#1181=EDGE_CURVE('',#923,#924,#509,.T.);
#1182=EDGE_CURVE('',#923,#925,#510,.T.);
#1183=EDGE_CURVE('',#925,#926,#511,.T.);
#1184=EDGE_CURVE('',#924,#926,#512,.T.);
#1185=EDGE_CURVE('',#913,#914,#513,.T.);
#1186=EDGE_CURVE('',#919,#927,#514,.T.);
#1187=EDGE_CURVE('',#920,#928,#515,.T.);
#1188=EDGE_CURVE('',#927,#928,#516,.T.);
#1189=EDGE_CURVE('',#922,#929,#517,.T.);
#1190=EDGE_CURVE('',#928,#929,#518,.T.);
#1191=EDGE_CURVE('',#927,#930,#519,.T.);
#1192=EDGE_CURVE('',#921,#930,#520,.T.);
#1193=EDGE_CURVE('',#930,#929,#521,.T.);
#1194=EDGE_CURVE('',#923,#931,#522,.T.);
#1195=EDGE_CURVE('',#924,#932,#523,.T.);
#1196=EDGE_CURVE('',#931,#932,#524,.T.);
#1197=EDGE_CURVE('',#931,#933,#525,.T.);
#1198=EDGE_CURVE('',#925,#933,#526,.T.);
#1199=EDGE_CURVE('',#933,#934,#527,.T.);
#1200=EDGE_CURVE('',#926,#934,#528,.T.);
#1201=EDGE_CURVE('',#932,#934,#529,.T.);
#1202=ORIENTED_EDGE('',*,*,#935,.F.);
#1203=ORIENTED_EDGE('',*,*,#936,.F.);
#1204=ORIENTED_EDGE('',*,*,#937,.F.);
#1205=ORIENTED_EDGE('',*,*,#938,.F.);
#1206=ORIENTED_EDGE('',*,*,#939,.F.);
#1207=ORIENTED_EDGE('',*,*,#940,.F.);
#1208=ORIENTED_EDGE('',*,*,#941,.F.);
#1209=ORIENTED_EDGE('',*,*,#942,.F.);
#1210=ORIENTED_EDGE('',*,*,#938,.T.);
#1211=ORIENTED_EDGE('',*,*,#943,.T.);
#1212=ORIENTED_EDGE('',*,*,#944,.T.);
#1213=ORIENTED_EDGE('',*,*,#945,.F.);
#1214=ORIENTED_EDGE('',*,*,#937,.T.);
#1215=ORIENTED_EDGE('',*,*,#946,.F.);
#1216=ORIENTED_EDGE('',*,*,#947,.F.);
#1217=ORIENTED_EDGE('',*,*,#943,.F.);
#1218=ORIENTED_EDGE('',*,*,#941,.T.);
#1219=ORIENTED_EDGE('',*,*,#948,.T.);
#1220=ORIENTED_EDGE('',*,*,#949,.F.);
#1221=ORIENTED_EDGE('',*,*,#950,.T.);
#1222=ORIENTED_EDGE('',*,*,#940,.T.);
#1223=ORIENTED_EDGE('',*,*,#951,.T.);
#1224=ORIENTED_EDGE('',*,*,#952,.F.);
#1225=ORIENTED_EDGE('',*,*,#948,.F.);
#1226=ORIENTED_EDGE('',*,*,#939,.T.);
#1227=ORIENTED_EDGE('',*,*,#953,.F.);
#1228=ORIENTED_EDGE('',*,*,#954,.F.);
#1229=ORIENTED_EDGE('',*,*,#951,.F.);
#1230=ORIENTED_EDGE('',*,*,#955,.F.);
#1231=ORIENTED_EDGE('',*,*,#956,.F.);
#1232=ORIENTED_EDGE('',*,*,#957,.T.);
#1233=ORIENTED_EDGE('',*,*,#958,.T.);
#1234=ORIENTED_EDGE('',*,*,#959,.T.);
#1235=ORIENTED_EDGE('',*,*,#960,.T.);
#1236=ORIENTED_EDGE('',*,*,#961,.F.);
#1237=ORIENTED_EDGE('',*,*,#962,.F.);
#1238=ORIENTED_EDGE('',*,*,#963,.F.);
#1239=ORIENTED_EDGE('',*,*,#964,.T.);
#1240=ORIENTED_EDGE('',*,*,#965,.T.);
#1241=ORIENTED_EDGE('',*,*,#966,.F.);
#1242=ORIENTED_EDGE('',*,*,#967,.T.);
#1243=ORIENTED_EDGE('',*,*,#968,.F.);
#1244=ORIENTED_EDGE('',*,*,#969,.F.);
#1245=ORIENTED_EDGE('',*,*,#970,.T.);
#1246=ORIENTED_EDGE('',*,*,#971,.F.);
#1247=ORIENTED_EDGE('',*,*,#972,.F.);
#1248=ORIENTED_EDGE('',*,*,#973,.T.);
#1249=ORIENTED_EDGE('',*,*,#974,.T.);
#1250=ORIENTED_EDGE('',*,*,#975,.T.);
#1251=ORIENTED_EDGE('',*,*,#976,.T.);
#1252=ORIENTED_EDGE('',*,*,#977,.T.);
#1253=ORIENTED_EDGE('',*,*,#978,.T.);
#1254=ORIENTED_EDGE('',*,*,#979,.T.);
#1255=ORIENTED_EDGE('',*,*,#980,.F.);
#1256=ORIENTED_EDGE('',*,*,#981,.F.);
#1257=ORIENTED_EDGE('',*,*,#982,.F.);
#1258=ORIENTED_EDGE('',*,*,#983,.F.);
#1259=ORIENTED_EDGE('',*,*,#984,.F.);
#1260=ORIENTED_EDGE('',*,*,#971,.T.);
#1261=ORIENTED_EDGE('',*,*,#985,.T.);
#1262=ORIENTED_EDGE('',*,*,#986,.T.);
#1263=ORIENTED_EDGE('',*,*,#987,.F.);
#1264=ORIENTED_EDGE('',*,*,#985,.F.);
#1265=ORIENTED_EDGE('',*,*,#974,.F.);
#1266=ORIENTED_EDGE('',*,*,#988,.T.);
#1267=ORIENTED_EDGE('',*,*,#989,.T.);
#1268=ORIENTED_EDGE('',*,*,#990,.T.);
#1269=ORIENTED_EDGE('',*,*,#991,.T.);
#1270=ORIENTED_EDGE('',*,*,#992,.F.);
#1271=ORIENTED_EDGE('',*,*,#988,.F.);
#1272=ORIENTED_EDGE('',*,*,#973,.F.);
#1273=ORIENTED_EDGE('',*,*,#993,.T.);
#1274=ORIENTED_EDGE('',*,*,#994,.T.);
#1275=ORIENTED_EDGE('',*,*,#995,.T.);
#1276=ORIENTED_EDGE('',*,*,#996,.F.);
#1277=ORIENTED_EDGE('',*,*,#997,.T.);
#1278=ORIENTED_EDGE('',*,*,#998,.T.);
#1279=ORIENTED_EDGE('',*,*,#999,.T.);
#1280=ORIENTED_EDGE('',*,*,#1000,.T.);
#1281=ORIENTED_EDGE('',*,*,#1001,.T.);
#1282=ORIENTED_EDGE('',*,*,#993,.F.);
#1283=ORIENTED_EDGE('',*,*,#972,.T.);
#1284=ORIENTED_EDGE('',*,*,#984,.T.);
#1285=ORIENTED_EDGE('',*,*,#1002,.F.);
#1286=ORIENTED_EDGE('',*,*,#1003,.T.);
#1287=ORIENTED_EDGE('',*,*,#1004,.F.);
#1288=ORIENTED_EDGE('',*,*,#1005,.F.);
#1289=ORIENTED_EDGE('',*,*,#975,.F.);
#1290=ORIENTED_EDGE('',*,*,#1005,.T.);
#1291=ORIENTED_EDGE('',*,*,#1006,.F.);
#1292=ORIENTED_EDGE('',*,*,#1007,.F.);
#1293=ORIENTED_EDGE('',*,*,#976,.F.);
#1294=ORIENTED_EDGE('',*,*,#1007,.T.);
#1295=ORIENTED_EDGE('',*,*,#1008,.F.);
#1296=ORIENTED_EDGE('',*,*,#1009,.F.);
#1297=ORIENTED_EDGE('',*,*,#977,.F.);
#1298=ORIENTED_EDGE('',*,*,#1010,.T.);
#1299=ORIENTED_EDGE('',*,*,#1011,.T.);
#1300=ORIENTED_EDGE('',*,*,#1012,.F.);
#1301=ORIENTED_EDGE('',*,*,#1013,.T.);
#1302=ORIENTED_EDGE('',*,*,#968,.T.);
#1303=ORIENTED_EDGE('',*,*,#1014,.T.);
#1304=ORIENTED_EDGE('',*,*,#966,.T.);
#1305=ORIENTED_EDGE('',*,*,#1015,.T.);
#1306=ORIENTED_EDGE('',*,*,#1016,.T.);
#1307=ORIENTED_EDGE('',*,*,#1017,.T.);
#1308=ORIENTED_EDGE('',*,*,#960,.F.);
#1309=ORIENTED_EDGE('',*,*,#1018,.T.);
#1310=ORIENTED_EDGE('',*,*,#958,.F.);
#1311=ORIENTED_EDGE('',*,*,#1019,.F.);
#1312=ORIENTED_EDGE('',*,*,#1020,.T.);
#1313=ORIENTED_EDGE('',*,*,#1021,.F.);
#1314=ORIENTED_EDGE('',*,*,#1022,.T.);
#1315=ORIENTED_EDGE('',*,*,#1023,.T.);
#1316=ORIENTED_EDGE('',*,*,#1024,.F.);
#1317=ORIENTED_EDGE('',*,*,#1025,.T.);
#1318=ORIENTED_EDGE('',*,*,#1026,.T.);
#1319=ORIENTED_EDGE('',*,*,#1027,.T.);
#1320=ORIENTED_EDGE('',*,*,#1028,.F.);
#1321=ORIENTED_EDGE('',*,*,#1029,.T.);
#1322=ORIENTED_EDGE('',*,*,#1030,.T.);
#1323=ORIENTED_EDGE('',*,*,#1031,.T.);
#1324=ORIENTED_EDGE('',*,*,#1032,.F.);
#1325=ORIENTED_EDGE('',*,*,#1033,.T.);
#1326=ORIENTED_EDGE('',*,*,#1009,.T.);
#1327=ORIENTED_EDGE('',*,*,#1034,.F.);
#1328=ORIENTED_EDGE('',*,*,#1035,.F.);
#1329=ORIENTED_EDGE('',*,*,#1036,.T.);
#1330=ORIENTED_EDGE('',*,*,#1037,.F.);
#1331=ORIENTED_EDGE('',*,*,#1038,.F.);
#1332=ORIENTED_EDGE('',*,*,#1039,.F.);
#1333=ORIENTED_EDGE('',*,*,#978,.F.);
#1334=ORIENTED_EDGE('',*,*,#1039,.T.);
#1335=ORIENTED_EDGE('',*,*,#1040,.F.);
#1336=ORIENTED_EDGE('',*,*,#1041,.F.);
#1337=ORIENTED_EDGE('',*,*,#979,.F.);
#1338=ORIENTED_EDGE('',*,*,#1042,.F.);
#1339=ORIENTED_EDGE('',*,*,#980,.T.);
#1340=ORIENTED_EDGE('',*,*,#1041,.T.);
#1341=ORIENTED_EDGE('',*,*,#1043,.T.);
#1342=ORIENTED_EDGE('',*,*,#1044,.T.);
#1343=ORIENTED_EDGE('',*,*,#1045,.F.);
#1344=ORIENTED_EDGE('',*,*,#1046,.T.);
#1345=ORIENTED_EDGE('',*,*,#1047,.F.);
#1346=ORIENTED_EDGE('',*,*,#1048,.T.);
#1347=ORIENTED_EDGE('',*,*,#981,.T.);
#1348=ORIENTED_EDGE('',*,*,#1042,.T.);
#1349=ORIENTED_EDGE('',*,*,#1049,.T.);
#1350=ORIENTED_EDGE('',*,*,#1050,.F.);
#1351=ORIENTED_EDGE('',*,*,#1051,.T.);
#1352=ORIENTED_EDGE('',*,*,#1052,.F.);
#1353=ORIENTED_EDGE('',*,*,#982,.T.);
#1354=ORIENTED_EDGE('',*,*,#1048,.F.);
#1355=ORIENTED_EDGE('',*,*,#1053,.F.);
#1356=ORIENTED_EDGE('',*,*,#1054,.F.);
#1357=ORIENTED_EDGE('',*,*,#983,.T.);
#1358=ORIENTED_EDGE('',*,*,#1052,.T.);
#1359=ORIENTED_EDGE('',*,*,#1051,.F.);
#1360=ORIENTED_EDGE('',*,*,#992,.T.);
#1361=ORIENTED_EDGE('',*,*,#1055,.T.);
#1362=ORIENTED_EDGE('',*,*,#986,.F.);
#1363=ORIENTED_EDGE('',*,*,#989,.F.);
#1364=ORIENTED_EDGE('',*,*,#987,.T.);
#1365=ORIENTED_EDGE('',*,*,#1055,.F.);
#1366=ORIENTED_EDGE('',*,*,#991,.F.);
#1367=ORIENTED_EDGE('',*,*,#1056,.T.);
#1368=ORIENTED_EDGE('',*,*,#990,.F.);
#1369=ORIENTED_EDGE('',*,*,#1057,.F.);
#1370=ORIENTED_EDGE('',*,*,#1058,.T.);
#1371=ORIENTED_EDGE('',*,*,#1059,.T.);
#1372=ORIENTED_EDGE('',*,*,#1001,.F.);
#1373=ORIENTED_EDGE('',*,*,#1060,.F.);
#1374=ORIENTED_EDGE('',*,*,#1061,.T.);
#1375=ORIENTED_EDGE('',*,*,#1057,.T.);
#1376=ORIENTED_EDGE('',*,*,#1000,.F.);
#1377=ORIENTED_EDGE('',*,*,#1062,.F.);
#1378=ORIENTED_EDGE('',*,*,#1063,.T.);
#1379=ORIENTED_EDGE('',*,*,#1060,.T.);
#1380=ORIENTED_EDGE('',*,*,#999,.F.);
#1381=ORIENTED_EDGE('',*,*,#1064,.F.);
#1382=ORIENTED_EDGE('',*,*,#1065,.T.);
#1383=ORIENTED_EDGE('',*,*,#1062,.T.);
#1384=ORIENTED_EDGE('',*,*,#998,.F.);
#1385=ORIENTED_EDGE('',*,*,#997,.F.);
#1386=ORIENTED_EDGE('',*,*,#996,.T.);
#1387=ORIENTED_EDGE('',*,*,#1064,.T.);
#1388=ORIENTED_EDGE('',*,*,#995,.F.);
#1389=ORIENTED_EDGE('',*,*,#1066,.T.);
#1390=ORIENTED_EDGE('',*,*,#1067,.T.);
#1391=ORIENTED_EDGE('',*,*,#1065,.F.);
#1392=ORIENTED_EDGE('',*,*,#994,.F.);
#1393=ORIENTED_EDGE('',*,*,#1068,.T.);
#1394=ORIENTED_EDGE('',*,*,#1069,.T.);
#1395=ORIENTED_EDGE('',*,*,#1066,.F.);
#1396=ORIENTED_EDGE('',*,*,#1068,.F.);
#1397=ORIENTED_EDGE('',*,*,#1002,.T.);
#1398=ORIENTED_EDGE('',*,*,#1070,.T.);
#1399=ORIENTED_EDGE('',*,*,#1071,.F.);
#1400=ORIENTED_EDGE('',*,*,#1072,.T.);
#1401=ORIENTED_EDGE('',*,*,#1073,.T.);
#1402=ORIENTED_EDGE('',*,*,#1003,.F.);
#1403=ORIENTED_EDGE('',*,*,#1074,.F.);
#1404=ORIENTED_EDGE('',*,*,#1004,.T.);
#1405=ORIENTED_EDGE('',*,*,#1073,.F.);
#1406=ORIENTED_EDGE('',*,*,#1075,.F.);
#1407=ORIENTED_EDGE('',*,*,#1076,.T.);
#1408=ORIENTED_EDGE('',*,*,#1006,.T.);
#1409=ORIENTED_EDGE('',*,*,#1076,.F.);
#1410=ORIENTED_EDGE('',*,*,#1077,.F.);
#1411=ORIENTED_EDGE('',*,*,#1078,.T.);
#1412=ORIENTED_EDGE('',*,*,#1008,.T.);
#1413=ORIENTED_EDGE('',*,*,#1078,.F.);
#1414=ORIENTED_EDGE('',*,*,#1079,.F.);
#1415=ORIENTED_EDGE('',*,*,#1080,.T.);
#1416=ORIENTED_EDGE('',*,*,#1081,.F.);
#1417=ORIENTED_EDGE('',*,*,#1082,.T.);
#1418=ORIENTED_EDGE('',*,*,#1083,.T.);
#1419=ORIENTED_EDGE('',*,*,#1010,.F.);
#1420=ORIENTED_EDGE('',*,*,#1084,.F.);
#1421=ORIENTED_EDGE('',*,*,#1085,.T.);
#1422=ORIENTED_EDGE('',*,*,#1081,.T.);
#1423=ORIENTED_EDGE('',*,*,#1013,.F.);
#1424=ORIENTED_EDGE('',*,*,#1086,.T.);
#1425=ORIENTED_EDGE('',*,*,#1011,.F.);
#1426=ORIENTED_EDGE('',*,*,#1083,.F.);
#1427=ORIENTED_EDGE('',*,*,#1087,.T.);
#1428=ORIENTED_EDGE('',*,*,#1084,.T.);
#1429=ORIENTED_EDGE('',*,*,#1012,.T.);
#1430=ORIENTED_EDGE('',*,*,#1086,.F.);
#1431=ORIENTED_EDGE('',*,*,#1088,.F.);
#1432=ORIENTED_EDGE('',*,*,#963,.T.);
#1433=ORIENTED_EDGE('',*,*,#1014,.F.);
#1434=ORIENTED_EDGE('',*,*,#967,.F.);
#1435=ORIENTED_EDGE('',*,*,#1089,.F.);
#1436=ORIENTED_EDGE('',*,*,#965,.F.);
#1437=ORIENTED_EDGE('',*,*,#1090,.T.);
#1438=ORIENTED_EDGE('',*,*,#961,.T.);
#1439=ORIENTED_EDGE('',*,*,#1017,.F.);
#1440=ORIENTED_EDGE('',*,*,#1091,.F.);
#1441=ORIENTED_EDGE('',*,*,#1092,.T.);
#1442=ORIENTED_EDGE('',*,*,#1093,.T.);
#1443=ORIENTED_EDGE('',*,*,#1015,.F.);
#1444=ORIENTED_EDGE('',*,*,#1016,.F.);
#1445=ORIENTED_EDGE('',*,*,#1093,.F.);
#1446=ORIENTED_EDGE('',*,*,#1094,.T.);
#1447=ORIENTED_EDGE('',*,*,#1091,.T.);
#1448=ORIENTED_EDGE('',*,*,#1018,.F.);
#1449=ORIENTED_EDGE('',*,*,#959,.F.);
#1450=ORIENTED_EDGE('',*,*,#1095,.F.);
#1451=ORIENTED_EDGE('',*,*,#955,.T.);
#1452=ORIENTED_EDGE('',*,*,#969,.T.);
#1453=ORIENTED_EDGE('',*,*,#1021,.T.);
#1454=ORIENTED_EDGE('',*,*,#1096,.F.);
#1455=ORIENTED_EDGE('',*,*,#1097,.F.);
#1456=ORIENTED_EDGE('',*,*,#1098,.T.);
#1457=ORIENTED_EDGE('',*,*,#1019,.T.);
#1458=ORIENTED_EDGE('',*,*,#957,.F.);
#1459=ORIENTED_EDGE('',*,*,#1099,.F.);
#1460=ORIENTED_EDGE('',*,*,#1098,.F.);
#1461=ORIENTED_EDGE('',*,*,#1100,.T.);
#1462=ORIENTED_EDGE('',*,*,#1096,.T.);
#1463=ORIENTED_EDGE('',*,*,#1020,.F.);
#1464=ORIENTED_EDGE('',*,*,#1101,.F.);
#1465=ORIENTED_EDGE('',*,*,#1102,.T.);
#1466=ORIENTED_EDGE('',*,*,#1103,.T.);
#1467=ORIENTED_EDGE('',*,*,#1022,.F.);
#1468=ORIENTED_EDGE('',*,*,#1104,.F.);
#1469=ORIENTED_EDGE('',*,*,#1105,.T.);
#1470=ORIENTED_EDGE('',*,*,#1101,.T.);
#1471=ORIENTED_EDGE('',*,*,#1025,.F.);
#1472=ORIENTED_EDGE('',*,*,#1106,.T.);
#1473=ORIENTED_EDGE('',*,*,#1023,.F.);
#1474=ORIENTED_EDGE('',*,*,#1103,.F.);
#1475=ORIENTED_EDGE('',*,*,#1107,.T.);
#1476=ORIENTED_EDGE('',*,*,#1104,.T.);
#1477=ORIENTED_EDGE('',*,*,#1024,.T.);
#1478=ORIENTED_EDGE('',*,*,#1106,.F.);
#1479=ORIENTED_EDGE('',*,*,#1108,.F.);
#1480=ORIENTED_EDGE('',*,*,#1109,.F.);
#1481=ORIENTED_EDGE('',*,*,#1110,.T.);
#1482=ORIENTED_EDGE('',*,*,#1111,.T.);
#1483=ORIENTED_EDGE('',*,*,#1026,.F.);
#1484=ORIENTED_EDGE('',*,*,#1112,.F.);
#1485=ORIENTED_EDGE('',*,*,#1113,.T.);
#1486=ORIENTED_EDGE('',*,*,#1109,.T.);
#1487=ORIENTED_EDGE('',*,*,#1029,.F.);
#1488=ORIENTED_EDGE('',*,*,#1114,.T.);
#1489=ORIENTED_EDGE('',*,*,#1027,.F.);
#1490=ORIENTED_EDGE('',*,*,#1111,.F.);
#1491=ORIENTED_EDGE('',*,*,#1115,.T.);
#1492=ORIENTED_EDGE('',*,*,#1112,.T.);
#1493=ORIENTED_EDGE('',*,*,#1028,.T.);
#1494=ORIENTED_EDGE('',*,*,#1114,.F.);
#1495=ORIENTED_EDGE('',*,*,#1116,.F.);
#1496=ORIENTED_EDGE('',*,*,#1117,.F.);
#1497=ORIENTED_EDGE('',*,*,#1118,.T.);
#1498=ORIENTED_EDGE('',*,*,#1119,.T.);
#1499=ORIENTED_EDGE('',*,*,#1030,.F.);
#1500=ORIENTED_EDGE('',*,*,#1120,.F.);
#1501=ORIENTED_EDGE('',*,*,#1121,.T.);
#1502=ORIENTED_EDGE('',*,*,#1117,.T.);
#1503=ORIENTED_EDGE('',*,*,#1033,.F.);
#1504=ORIENTED_EDGE('',*,*,#1122,.T.);
#1505=ORIENTED_EDGE('',*,*,#1031,.F.);
#1506=ORIENTED_EDGE('',*,*,#1119,.F.);
#1507=ORIENTED_EDGE('',*,*,#1123,.T.);
#1508=ORIENTED_EDGE('',*,*,#1120,.T.);
#1509=ORIENTED_EDGE('',*,*,#1032,.T.);
#1510=ORIENTED_EDGE('',*,*,#1122,.F.);
#1511=ORIENTED_EDGE('',*,*,#1124,.F.);
#1512=ORIENTED_EDGE('',*,*,#1034,.T.);
#1513=ORIENTED_EDGE('',*,*,#1080,.F.);
#1514=ORIENTED_EDGE('',*,*,#1125,.F.);
#1515=ORIENTED_EDGE('',*,*,#1126,.T.);
#1516=ORIENTED_EDGE('',*,*,#1035,.T.);
#1517=ORIENTED_EDGE('',*,*,#1127,.F.);
#1518=ORIENTED_EDGE('',*,*,#1046,.F.);
#1519=ORIENTED_EDGE('',*,*,#1128,.T.);
#1520=ORIENTED_EDGE('',*,*,#1045,.T.);
#1521=ORIENTED_EDGE('',*,*,#1129,.T.);
#1522=ORIENTED_EDGE('',*,*,#1036,.F.);
#1523=ORIENTED_EDGE('',*,*,#1128,.F.);
#1524=ORIENTED_EDGE('',*,*,#1037,.T.);
#1525=ORIENTED_EDGE('',*,*,#1129,.F.);
#1526=ORIENTED_EDGE('',*,*,#1044,.F.);
#1527=ORIENTED_EDGE('',*,*,#1130,.T.);
#1528=ORIENTED_EDGE('',*,*,#1043,.F.);
#1529=ORIENTED_EDGE('',*,*,#1040,.T.);
#1530=ORIENTED_EDGE('',*,*,#1038,.T.);
#1531=ORIENTED_EDGE('',*,*,#1130,.F.);
#1532=ORIENTED_EDGE('',*,*,#1127,.T.);
#1533=ORIENTED_EDGE('',*,*,#1126,.F.);
#1534=ORIENTED_EDGE('',*,*,#1049,.F.);
#1535=ORIENTED_EDGE('',*,*,#1047,.T.);
#1536=ORIENTED_EDGE('',*,*,#1131,.F.);
#1537=ORIENTED_EDGE('',*,*,#1132,.F.);
#1538=ORIENTED_EDGE('',*,*,#1050,.T.);
#1539=ORIENTED_EDGE('',*,*,#1133,.T.);
#1540=ORIENTED_EDGE('',*,*,#1053,.T.);
#1541=ORIENTED_EDGE('',*,*,#1125,.T.);
#1542=ORIENTED_EDGE('',*,*,#1134,.F.);
#1543=ORIENTED_EDGE('',*,*,#1133,.F.);
#1544=ORIENTED_EDGE('',*,*,#950,.F.);
#1545=ORIENTED_EDGE('',*,*,#1070,.F.);
#1546=ORIENTED_EDGE('',*,*,#1054,.T.);
#1547=ORIENTED_EDGE('',*,*,#1132,.T.);
#1548=ORIENTED_EDGE('',*,*,#1135,.F.);
#1549=ORIENTED_EDGE('',*,*,#1074,.T.);
#1550=ORIENTED_EDGE('',*,*,#1056,.F.);
#1551=ORIENTED_EDGE('',*,*,#1059,.F.);
#1552=ORIENTED_EDGE('',*,*,#1136,.T.);
#1553=ORIENTED_EDGE('',*,*,#1137,.F.);
#1554=ORIENTED_EDGE('',*,*,#1138,.T.);
#1555=ORIENTED_EDGE('',*,*,#1139,.T.);
#1556=ORIENTED_EDGE('',*,*,#1058,.F.);
#1557=ORIENTED_EDGE('',*,*,#1140,.F.);
#1558=ORIENTED_EDGE('',*,*,#1141,.F.);
#1559=ORIENTED_EDGE('',*,*,#1142,.T.);
#1560=ORIENTED_EDGE('',*,*,#1140,.T.);
#1561=ORIENTED_EDGE('',*,*,#1061,.F.);
#1562=ORIENTED_EDGE('',*,*,#1067,.F.);
#1563=ORIENTED_EDGE('',*,*,#1143,.T.);
#1564=ORIENTED_EDGE('',*,*,#1141,.T.);
#1565=ORIENTED_EDGE('',*,*,#1063,.F.);
#1566=ORIENTED_EDGE('',*,*,#1069,.F.);
#1567=ORIENTED_EDGE('',*,*,#1144,.T.);
#1568=ORIENTED_EDGE('',*,*,#1145,.T.);
#1569=ORIENTED_EDGE('',*,*,#1143,.F.);
#1570=ORIENTED_EDGE('',*,*,#1144,.F.);
#1571=ORIENTED_EDGE('',*,*,#1071,.T.);
#1572=ORIENTED_EDGE('',*,*,#949,.T.);
#1573=ORIENTED_EDGE('',*,*,#1146,.T.);
#1574=ORIENTED_EDGE('',*,*,#1147,.T.);
#1575=ORIENTED_EDGE('',*,*,#1148,.F.);
#1576=ORIENTED_EDGE('',*,*,#947,.T.);
#1577=ORIENTED_EDGE('',*,*,#1149,.F.);
#1578=ORIENTED_EDGE('',*,*,#1072,.F.);
#1579=ORIENTED_EDGE('',*,*,#1150,.T.);
#1580=ORIENTED_EDGE('',*,*,#1151,.F.);
#1581=ORIENTED_EDGE('',*,*,#1075,.T.);
#1582=ORIENTED_EDGE('',*,*,#1152,.T.);
#1583=ORIENTED_EDGE('',*,*,#1077,.T.);
#1584=ORIENTED_EDGE('',*,*,#1153,.F.);
#1585=ORIENTED_EDGE('',*,*,#1154,.F.);
#1586=ORIENTED_EDGE('',*,*,#1155,.T.);
#1587=ORIENTED_EDGE('',*,*,#1156,.T.);
#1588=ORIENTED_EDGE('',*,*,#1157,.F.);
#1589=ORIENTED_EDGE('',*,*,#1079,.T.);
#1590=ORIENTED_EDGE('',*,*,#1095,.T.);
#1591=ORIENTED_EDGE('',*,*,#962,.T.);
#1592=ORIENTED_EDGE('',*,*,#1090,.F.);
#1593=ORIENTED_EDGE('',*,*,#964,.F.);
#1594=ORIENTED_EDGE('',*,*,#1089,.T.);
#1595=ORIENTED_EDGE('',*,*,#970,.F.);
#1596=ORIENTED_EDGE('',*,*,#1099,.T.);
#1597=ORIENTED_EDGE('',*,*,#956,.T.);
#1598=ORIENTED_EDGE('',*,*,#1082,.F.);
#1599=ORIENTED_EDGE('',*,*,#1085,.F.);
#1600=ORIENTED_EDGE('',*,*,#1088,.T.);
#1601=ORIENTED_EDGE('',*,*,#1087,.F.);
#1602=ORIENTED_EDGE('',*,*,#1102,.F.);
#1603=ORIENTED_EDGE('',*,*,#1105,.F.);
#1604=ORIENTED_EDGE('',*,*,#1108,.T.);
#1605=ORIENTED_EDGE('',*,*,#1107,.F.);
#1606=ORIENTED_EDGE('',*,*,#1110,.F.);
#1607=ORIENTED_EDGE('',*,*,#1113,.F.);
#1608=ORIENTED_EDGE('',*,*,#1116,.T.);
#1609=ORIENTED_EDGE('',*,*,#1115,.F.);
#1610=ORIENTED_EDGE('',*,*,#1118,.F.);
#1611=ORIENTED_EDGE('',*,*,#1121,.F.);
#1612=ORIENTED_EDGE('',*,*,#1124,.T.);
#1613=ORIENTED_EDGE('',*,*,#1123,.F.);
#1614=ORIENTED_EDGE('',*,*,#1092,.F.);
#1615=ORIENTED_EDGE('',*,*,#1094,.F.);
#1616=ORIENTED_EDGE('',*,*,#1100,.F.);
#1617=ORIENTED_EDGE('',*,*,#1097,.T.);
#1618=ORIENTED_EDGE('',*,*,#1131,.T.);
#1619=ORIENTED_EDGE('',*,*,#1134,.T.);
#1620=ORIENTED_EDGE('',*,*,#1157,.T.);
#1621=ORIENTED_EDGE('',*,*,#1158,.F.);
#1622=ORIENTED_EDGE('',*,*,#953,.T.);
#1623=ORIENTED_EDGE('',*,*,#942,.T.);
#1624=ORIENTED_EDGE('',*,*,#1135,.T.);
#1625=ORIENTED_EDGE('',*,*,#1159,.T.);
#1626=ORIENTED_EDGE('',*,*,#1136,.F.);
#1627=ORIENTED_EDGE('',*,*,#1139,.F.);
#1628=ORIENTED_EDGE('',*,*,#1160,.T.);
#1629=ORIENTED_EDGE('',*,*,#1145,.F.);
#1630=ORIENTED_EDGE('',*,*,#1161,.T.);
#1631=ORIENTED_EDGE('',*,*,#1137,.T.);
#1632=ORIENTED_EDGE('',*,*,#1142,.F.);
#1633=ORIENTED_EDGE('',*,*,#1138,.F.);
#1634=ORIENTED_EDGE('',*,*,#1162,.T.);
#1635=ORIENTED_EDGE('',*,*,#1163,.T.);
#1636=ORIENTED_EDGE('',*,*,#1160,.F.);
#1637=ORIENTED_EDGE('',*,*,#1161,.F.);
#1638=ORIENTED_EDGE('',*,*,#1149,.T.);
#1639=ORIENTED_EDGE('',*,*,#1164,.T.);
#1640=ORIENTED_EDGE('',*,*,#1162,.F.);
#1641=ORIENTED_EDGE('',*,*,#1146,.F.);
#1642=ORIENTED_EDGE('',*,*,#1165,.T.);
#1643=ORIENTED_EDGE('',*,*,#1148,.T.);
#1644=ORIENTED_EDGE('',*,*,#1147,.F.);
#1645=ORIENTED_EDGE('',*,*,#1166,.T.);
#1646=ORIENTED_EDGE('',*,*,#1153,.T.);
#1647=ORIENTED_EDGE('',*,*,#1151,.T.);
#1648=ORIENTED_EDGE('',*,*,#1167,.F.);
#1649=ORIENTED_EDGE('',*,*,#1168,.T.);
#1650=ORIENTED_EDGE('',*,*,#1169,.F.);
#1651=ORIENTED_EDGE('',*,*,#1170,.T.);
#1652=ORIENTED_EDGE('',*,*,#1167,.T.);
#1653=ORIENTED_EDGE('',*,*,#1150,.F.);
#1654=ORIENTED_EDGE('',*,*,#1159,.F.);
#1655=ORIENTED_EDGE('',*,*,#1163,.F.);
#1656=ORIENTED_EDGE('',*,*,#1171,.F.);
#1657=ORIENTED_EDGE('',*,*,#1172,.F.);
#1658=ORIENTED_EDGE('',*,*,#936,.T.);
#1659=ORIENTED_EDGE('',*,*,#1173,.F.);
#1660=ORIENTED_EDGE('',*,*,#1174,.T.);
#1661=ORIENTED_EDGE('',*,*,#1155,.F.);
#1662=ORIENTED_EDGE('',*,*,#1152,.F.);
#1663=ORIENTED_EDGE('',*,*,#1166,.F.);
#1664=ORIENTED_EDGE('',*,*,#1175,.F.);
#1665=ORIENTED_EDGE('',*,*,#1171,.T.);
#1666=ORIENTED_EDGE('',*,*,#1154,.T.);
#1667=ORIENTED_EDGE('',*,*,#1158,.T.);
#1668=ORIENTED_EDGE('',*,*,#1156,.F.);
#1669=ORIENTED_EDGE('',*,*,#1174,.F.);
#1670=ORIENTED_EDGE('',*,*,#1176,.T.);
#1671=ORIENTED_EDGE('',*,*,#944,.F.);
#1672=ORIENTED_EDGE('',*,*,#1165,.F.);
#1673=ORIENTED_EDGE('',*,*,#952,.T.);
#1674=ORIENTED_EDGE('',*,*,#954,.T.);
#1675=ORIENTED_EDGE('',*,*,#1177,.F.);
#1676=ORIENTED_EDGE('',*,*,#1178,.T.);
#1677=ORIENTED_EDGE('',*,*,#1179,.T.);
#1678=ORIENTED_EDGE('',*,*,#1180,.F.);
#1679=ORIENTED_EDGE('',*,*,#1181,.F.);
#1680=ORIENTED_EDGE('',*,*,#1182,.T.);
#1681=ORIENTED_EDGE('',*,*,#1183,.T.);
#1682=ORIENTED_EDGE('',*,*,#1184,.F.);
#1683=ORIENTED_EDGE('',*,*,#1185,.F.);
#1684=ORIENTED_EDGE('',*,*,#1164,.F.);
#1685=ORIENTED_EDGE('',*,*,#946,.T.);
#1686=ORIENTED_EDGE('',*,*,#1172,.T.);
#1687=ORIENTED_EDGE('',*,*,#1175,.T.);
#1688=ORIENTED_EDGE('',*,*,#1185,.T.);
#1689=ORIENTED_EDGE('',*,*,#1169,.T.);
#1690=ORIENTED_EDGE('',*,*,#1168,.F.);
#1691=ORIENTED_EDGE('',*,*,#1170,.F.);
#1692=ORIENTED_EDGE('',*,*,#935,.T.);
#1693=ORIENTED_EDGE('',*,*,#945,.T.);
#1694=ORIENTED_EDGE('',*,*,#1176,.F.);
#1695=ORIENTED_EDGE('',*,*,#1173,.T.);
#1696=ORIENTED_EDGE('',*,*,#1186,.F.);
#1697=ORIENTED_EDGE('',*,*,#1177,.T.);
#1698=ORIENTED_EDGE('',*,*,#1187,.T.);
#1699=ORIENTED_EDGE('',*,*,#1188,.F.);
#1700=ORIENTED_EDGE('',*,*,#1180,.T.);
#1701=ORIENTED_EDGE('',*,*,#1189,.T.);
#1702=ORIENTED_EDGE('',*,*,#1190,.F.);
#1703=ORIENTED_EDGE('',*,*,#1187,.F.);
#1704=ORIENTED_EDGE('',*,*,#1178,.F.);
#1705=ORIENTED_EDGE('',*,*,#1186,.T.);
#1706=ORIENTED_EDGE('',*,*,#1191,.T.);
#1707=ORIENTED_EDGE('',*,*,#1192,.F.);
#1708=ORIENTED_EDGE('',*,*,#1192,.T.);
#1709=ORIENTED_EDGE('',*,*,#1193,.T.);
#1710=ORIENTED_EDGE('',*,*,#1189,.F.);
#1711=ORIENTED_EDGE('',*,*,#1179,.F.);
#1712=ORIENTED_EDGE('',*,*,#1194,.F.);
#1713=ORIENTED_EDGE('',*,*,#1181,.T.);
#1714=ORIENTED_EDGE('',*,*,#1195,.T.);
#1715=ORIENTED_EDGE('',*,*,#1196,.F.);
#1716=ORIENTED_EDGE('',*,*,#1182,.F.);
#1717=ORIENTED_EDGE('',*,*,#1194,.T.);
#1718=ORIENTED_EDGE('',*,*,#1197,.T.);
#1719=ORIENTED_EDGE('',*,*,#1198,.F.);
#1720=ORIENTED_EDGE('',*,*,#1198,.T.);
#1721=ORIENTED_EDGE('',*,*,#1199,.T.);
#1722=ORIENTED_EDGE('',*,*,#1200,.F.);
#1723=ORIENTED_EDGE('',*,*,#1183,.F.);
#1724=ORIENTED_EDGE('',*,*,#1184,.T.);
#1725=ORIENTED_EDGE('',*,*,#1200,.T.);
#1726=ORIENTED_EDGE('',*,*,#1201,.F.);
#1727=ORIENTED_EDGE('',*,*,#1195,.F.);
#1728=ORIENTED_EDGE('',*,*,#1188,.T.);
#1729=ORIENTED_EDGE('',*,*,#1190,.T.);
#1730=ORIENTED_EDGE('',*,*,#1193,.F.);
#1731=ORIENTED_EDGE('',*,*,#1191,.F.);
#1732=ORIENTED_EDGE('',*,*,#1196,.T.);
#1733=ORIENTED_EDGE('',*,*,#1201,.T.);
#1734=ORIENTED_EDGE('',*,*,#1199,.F.);
#1735=ORIENTED_EDGE('',*,*,#1197,.F.);
#1736=PLANE('',#1946);
#1737=PLANE('',#1947);
#1738=PLANE('',#1948);
#1739=PLANE('',#1949);
#1740=PLANE('',#1950);
#1741=PLANE('',#1951);
#1742=PLANE('',#1952);
#1743=PLANE('',#1953);
#1744=PLANE('',#1954);
#1745=PLANE('',#1955);
#1746=PLANE('',#1956);
#1747=PLANE('',#1957);
#1748=PLANE('',#1958);
#1749=PLANE('',#1962);
#1750=PLANE('',#1963);
#1751=PLANE('',#1964);
#1752=PLANE('',#1965);
#1753=PLANE('',#1966);
#1754=PLANE('',#1979);
#1755=PLANE('',#1980);
#1756=PLANE('',#1981);
#1757=PLANE('',#1982);
#1758=PLANE('',#1983);
#1759=PLANE('',#1984);
#1760=PLANE('',#1985);
#1761=PLANE('',#1986);
#1762=PLANE('',#1987);
#1763=PLANE('',#1988);
#1764=PLANE('',#1989);
#1765=PLANE('',#1990);
#1766=PLANE('',#1991);
#1767=PLANE('',#1992);
#1768=PLANE('',#1993);
#1769=PLANE('',#1994);
#1770=PLANE('',#1995);
#1771=PLANE('',#1996);
#1772=PLANE('',#1997);
#1773=PLANE('',#1998);
#1774=PLANE('',#1999);
#1775=PLANE('',#2004);
#1776=PLANE('',#2007);
#1777=PLANE('',#2012);
#1778=PLANE('',#2015);
#1779=PLANE('',#2020);
#1780=PLANE('',#2021);
#1781=PLANE('',#2026);
#1782=PLANE('',#2027);
#1783=PLANE('',#2032);
#1784=PLANE('',#2033);
#1785=PLANE('',#2034);
#1786=PLANE('',#2035);
#1787=PLANE('',#2039);
#1788=PLANE('',#2040);
#1789=PLANE('',#2041);
#1790=PLANE('',#2042);
#1791=PLANE('',#2043);
#1792=PLANE('',#2044);
#1793=PLANE('',#2045);
#1794=PLANE('',#2046);
#1795=PLANE('',#2047);
#1796=PLANE('',#2048);
#1797=PLANE('',#2049);
#1798=PLANE('',#2050);
#1799=PLANE('',#2051);
#1800=PLANE('',#2052);
#1801=PLANE('',#2053);
#1802=PLANE('',#2054);
#1803=PLANE('',#2055);
#1804=PLANE('',#2056);
#1805=PLANE('',#2057);
#1806=PLANE('',#2058);
#1807=PLANE('',#2059);
#1808=PLANE('',#2060);
#1809=PLANE('',#2061);
#1810=PLANE('',#2062);
#1811=PLANE('',#2063);
#1812=PLANE('',#2064);
#1813=PLANE('',#2065);
#1814=PLANE('',#2066);
#1815=PLANE('',#2067);
#1816=PLANE('',#2068);
#1817=PLANE('',#2069);
#1818=PLANE('',#2070);
#1819=PLANE('',#2071);
#1820=PLANE('',#2072);
#1821=PLANE('',#2073);
#1822=PLANE('',#2074);
#1823=PLANE('',#2075);
#1824=PLANE('',#2076);
#1825=PLANE('',#2077);
#1826=PLANE('',#2078);
#1827=ADVANCED_FACE('',(#69),#1736,.F.);
#1828=ADVANCED_FACE('',(#70),#1737,.F.);
#1829=ADVANCED_FACE('',(#71),#1738,.F.);
#1830=ADVANCED_FACE('',(#72),#1739,.F.);
#1831=ADVANCED_FACE('',(#73),#1740,.F.);
#1832=ADVANCED_FACE('',(#74),#1741,.T.);
#1833=ADVANCED_FACE('',(#75),#1742,.T.);
#1834=ADVANCED_FACE('',(#76),#1743,.T.);
#1835=ADVANCED_FACE('',(#77),#1744,.T.);
#1836=ADVANCED_FACE('',(#78),#1745,.F.);
#1837=ADVANCED_FACE('',(#79),#1746,.F.);
#1838=ADVANCED_FACE('',(#80),#1747,.F.);
#1839=ADVANCED_FACE('',(#81),#1748,.T.);
#1840=ADVANCED_FACE('',(#82),#27,.F.);
#1841=ADVANCED_FACE('',(#83),#1749,.F.);
#1842=ADVANCED_FACE('',(#84),#1750,.F.);
#1843=ADVANCED_FACE('',(#85),#1751,.T.);
#1844=ADVANCED_FACE('',(#86),#1752,.T.);
#1845=ADVANCED_FACE('',(#87,#15,#16,#17,#18,#19),#1753,.T.);
#1846=ADVANCED_FACE('',(#88),#1754,.T.);
#1847=ADVANCED_FACE('',(#89),#1755,.T.);
#1848=ADVANCED_FACE('',(#90),#1756,.F.);
#1849=ADVANCED_FACE('',(#91),#1757,.F.);
#1850=ADVANCED_FACE('',(#92),#1758,.F.);
#1851=ADVANCED_FACE('',(#93),#1759,.F.);
#1852=ADVANCED_FACE('',(#94),#1760,.T.);
#1853=ADVANCED_FACE('',(#95),#1761,.T.);
#1854=ADVANCED_FACE('',(#96),#1762,.F.);
#1855=ADVANCED_FACE('',(#97),#1763,.F.);
#1856=ADVANCED_FACE('',(#98),#1764,.F.);
#1857=ADVANCED_FACE('',(#99),#1765,.F.);
#1858=ADVANCED_FACE('',(#100),#1766,.F.);
#1859=ADVANCED_FACE('',(#101),#1767,.F.);
#1860=ADVANCED_FACE('',(#102),#1768,.F.);
#1861=ADVANCED_FACE('',(#103),#1769,.F.);
#1862=ADVANCED_FACE('',(#104),#1770,.T.);
#1863=ADVANCED_FACE('',(#105),#1771,.T.);
#1864=ADVANCED_FACE('',(#106),#1772,.T.);
#1865=ADVANCED_FACE('',(#107),#1773,.T.);
#1866=ADVANCED_FACE('',(#108),#1774,.F.);
#1867=ADVANCED_FACE('',(#109),#28,.F.);
#1868=ADVANCED_FACE('',(#110),#29,.F.);
#1869=ADVANCED_FACE('',(#111),#1775,.T.);
#1870=ADVANCED_FACE('',(#112),#30,.F.);
#1871=ADVANCED_FACE('',(#113),#1776,.F.);
#1872=ADVANCED_FACE('',(#114),#31,.F.);
#1873=ADVANCED_FACE('',(#115),#32,.F.);
#1874=ADVANCED_FACE('',(#116),#1777,.T.);
#1875=ADVANCED_FACE('',(#117),#33,.F.);
#1876=ADVANCED_FACE('',(#118),#1778,.F.);
#1877=ADVANCED_FACE('',(#119),#34,.F.);
#1878=ADVANCED_FACE('',(#120),#35,.F.);
#1879=ADVANCED_FACE('',(#121),#1779,.T.);
#1880=ADVANCED_FACE('',(#122),#1780,.F.);
#1881=ADVANCED_FACE('',(#123),#36,.F.);
#1882=ADVANCED_FACE('',(#124),#37,.F.);
#1883=ADVANCED_FACE('',(#125),#1781,.T.);
#1884=ADVANCED_FACE('',(#126),#1782,.F.);
#1885=ADVANCED_FACE('',(#127),#38,.F.);
#1886=ADVANCED_FACE('',(#128),#39,.F.);
#1887=ADVANCED_FACE('',(#129),#1783,.T.);
#1888=ADVANCED_FACE('',(#130),#1784,.T.);
#1889=ADVANCED_FACE('',(#131),#1785,.T.);
#1890=ADVANCED_FACE('',(#132),#1786,.F.);
#1891=ADVANCED_FACE('',(#133),#40,.F.);
#1892=ADVANCED_FACE('',(#134),#1787,.T.);
#1893=ADVANCED_FACE('',(#135),#1788,.T.);
#1894=ADVANCED_FACE('',(#136),#1789,.F.);
#1895=ADVANCED_FACE('',(#137),#1790,.T.);
#1896=ADVANCED_FACE('',(#138),#1791,.F.);
#1897=ADVANCED_FACE('',(#139),#1792,.T.);
#1898=ADVANCED_FACE('',(#140),#1793,.F.);
#1899=ADVANCED_FACE('',(#141),#1794,.F.);
#1900=ADVANCED_FACE('',(#142),#1795,.F.);
#1901=ADVANCED_FACE('',(#143),#1796,.F.);
#1902=ADVANCED_FACE('',(#144),#1797,.F.);
#1903=ADVANCED_FACE('',(#145),#1798,.F.);
#1904=ADVANCED_FACE('',(#146),#1799,.T.);
#1905=ADVANCED_FACE('',(#147,#20,#21,#22,#23,#24),#1800,.F.);
#1906=ADVANCED_FACE('',(#148),#1801,.T.);
#1907=ADVANCED_FACE('',(#149),#1802,.T.);
#1908=ADVANCED_FACE('',(#150),#1803,.T.);
#1909=ADVANCED_FACE('',(#151),#1804,.T.);
#1910=ADVANCED_FACE('',(#152),#1805,.F.);
#1911=ADVANCED_FACE('',(#153),#1806,.F.);
#1912=ADVANCED_FACE('',(#154),#1807,.F.);
#1913=ADVANCED_FACE('',(#155),#1808,.F.);
#1914=ADVANCED_FACE('',(#156),#1809,.T.);
#1915=ADVANCED_FACE('',(#157),#1810,.T.);
#1916=ADVANCED_FACE('',(#158),#1811,.F.);
#1917=ADVANCED_FACE('',(#159),#1812,.F.);
#1918=ADVANCED_FACE('',(#160,#25,#26),#1813,.T.);
#1919=ADVANCED_FACE('',(#161),#1814,.F.);
#1920=ADVANCED_FACE('',(#162),#1815,.T.);
#1921=ADVANCED_FACE('',(#163),#1816,.T.);
#1922=ADVANCED_FACE('',(#164),#1817,.F.);
#1923=ADVANCED_FACE('',(#165),#1818,.T.);
#1924=ADVANCED_FACE('',(#166),#1819,.F.);
#1925=ADVANCED_FACE('',(#167),#1820,.T.);
#1926=ADVANCED_FACE('',(#168),#1821,.F.);
#1927=ADVANCED_FACE('',(#169),#1822,.F.);
#1928=ADVANCED_FACE('',(#170),#1823,.T.);
#1929=ADVANCED_FACE('',(#171),#1824,.T.);
#1930=ADVANCED_FACE('',(#172),#1825,.T.);
#1931=ADVANCED_FACE('',(#173),#1826,.T.);
#1932=CLOSED_SHELL('',(#1827,#1828,#1829,#1830,#1831,#1832,#1833,#1834,
#1835,#1836,#1837,#1838,#1839,#1840,#1841,#1842,#1843,#1844,#1845,#1846,
#1847,#1848,#1849,#1850,#1851,#1852,#1853,#1854,#1855,#1856,#1857,#1858,
#1859,#1860,#1861,#1862,#1863,#1864,#1865,#1866,#1867,#1868,#1869,#1870,
#1871,#1872,#1873,#1874,#1875,#1876,#1877,#1878,#1879,#1880,#1881,#1882,
#1883,#1884,#1885,#1886,#1887,#1888,#1889,#1890,#1891,#1892,#1893,#1894,
#1895,#1896,#1897,#1898,#1899,#1900,#1901,#1902,#1903,#1904,#1905,#1906,
#1907,#1908,#1909,#1910,#1911,#1912,#1913,#1914,#1915,#1916,#1917,#1918,
#1919,#1920,#1921,#1922,#1923,#1924,#1925,#1926,#1927,#1928,#1929,#1930,
#1931));
#1933=DERIVED_UNIT_ELEMENT(#1935,1.);
#1934=DERIVED_UNIT_ELEMENT(#3130,-3.);
#1935=(
MASS_UNIT()
NAMED_UNIT(*)
SI_UNIT(.KILO.,.GRAM.)
);
#1936=DERIVED_UNIT((#1933,#1934));
#1937=MEASURE_REPRESENTATION_ITEM('density measure',
POSITIVE_RATIO_MEASURE(7850.),#1936);
#1938=PROPERTY_DEFINITION_REPRESENTATION(#1943,#1940);
#1939=PROPERTY_DEFINITION_REPRESENTATION(#1944,#1941);
#1940=REPRESENTATION('material name',(#1942),#3127);
#1941=REPRESENTATION('density',(#1937),#3127);
#1942=DESCRIPTIVE_REPRESENTATION_ITEM('Steel','Steel');
#1943=PROPERTY_DEFINITION('material property','material name',#3137);
#1944=PROPERTY_DEFINITION('material property','density of part',#3137);
#1945=AXIS2_PLACEMENT_3D('',#2586,#2079,#2080);
#1946=AXIS2_PLACEMENT_3D('',#2587,#2081,#2082);
#1947=AXIS2_PLACEMENT_3D('',#2596,#2087,#2088);
#1948=AXIS2_PLACEMENT_3D('',#2605,#2093,#2094);
#1949=AXIS2_PLACEMENT_3D('',#2611,#2098,#2099);
#1950=AXIS2_PLACEMENT_3D('',#2615,#2102,#2103);
#1951=AXIS2_PLACEMENT_3D('',#2621,#2107,#2108);
#1952=AXIS2_PLACEMENT_3D('',#2625,#2111,#2112);
#1953=AXIS2_PLACEMENT_3D('',#2629,#2115,#2116);
#1954=AXIS2_PLACEMENT_3D('',#2638,#2121,#2122);
#1955=AXIS2_PLACEMENT_3D('',#2647,#2127,#2128);
#1956=AXIS2_PLACEMENT_3D('',#2656,#2133,#2134);
#1957=AXIS2_PLACEMENT_3D('',#2665,#2139,#2140);
#1958=AXIS2_PLACEMENT_3D('',#2674,#2145,#2146);
#1959=AXIS2_PLACEMENT_3D('',#2696,#2157,#2158);
#1960=AXIS2_PLACEMENT_3D('',#2700,#2161,#2162);
#1961=AXIS2_PLACEMENT_3D('',#2702,#2163,#2164);
#1962=AXIS2_PLACEMENT_3D('',#2704,#2166,#2167);
#1963=AXIS2_PLACEMENT_3D('',#2728,#2180,#2181);
#1964=AXIS2_PLACEMENT_3D('',#2730,#2183,#2184);
#1965=AXIS2_PLACEMENT_3D('',#2736,#2188,#2189);
#1966=AXIS2_PLACEMENT_3D('',#2740,#2192,#2193);
#1967=AXIS2_PLACEMENT_3D('',#2748,#2197,#2198);
#1968=AXIS2_PLACEMENT_3D('',#2751,#2200,#2201);
#1969=AXIS2_PLACEMENT_3D('',#2752,#2202,#2203);
#1970=AXIS2_PLACEMENT_3D('',#2756,#2205,#2206);
#1971=AXIS2_PLACEMENT_3D('',#2758,#2208,#2209);
#1972=AXIS2_PLACEMENT_3D('',#2762,#2211,#2212);
#1973=AXIS2_PLACEMENT_3D('',#2768,#2215,#2216);
#1974=AXIS2_PLACEMENT_3D('',#2771,#2218,#2219);
#1975=AXIS2_PLACEMENT_3D('',#2776,#2221,#2222);
#1976=AXIS2_PLACEMENT_3D('',#2779,#2224,#2225);
#1977=AXIS2_PLACEMENT_3D('',#2784,#2227,#2228);
#1978=AXIS2_PLACEMENT_3D('',#2787,#2230,#2231);
#1979=AXIS2_PLACEMENT_3D('',#2788,#2232,#2233);
#1980=AXIS2_PLACEMENT_3D('',#2800,#2240,#2241);
#1981=AXIS2_PLACEMENT_3D('',#2804,#2244,#2245);
#1982=AXIS2_PLACEMENT_3D('',#2816,#2252,#2253);
#1983=AXIS2_PLACEMENT_3D('',#2820,#2256,#2257);
#1984=AXIS2_PLACEMENT_3D('',#2828,#2262,#2263);
#1985=AXIS2_PLACEMENT_3D('',#2830,#2265,#2266);
#1986=AXIS2_PLACEMENT_3D('',#2832,#2268,#2269);
#1987=AXIS2_PLACEMENT_3D('',#2834,#2271,#2272);
#1988=AXIS2_PLACEMENT_3D('',#2840,#2276,#2277);
#1989=AXIS2_PLACEMENT_3D('',#2844,#2280,#2281);
#1990=AXIS2_PLACEMENT_3D('',#2848,#2284,#2285);
#1991=AXIS2_PLACEMENT_3D('',#2851,#2288,#2289);
#1992=AXIS2_PLACEMENT_3D('',#2852,#2290,#2291);
#1993=AXIS2_PLACEMENT_3D('',#2856,#2294,#2295);
#1994=AXIS2_PLACEMENT_3D('',#2860,#2298,#2299);
#1995=AXIS2_PLACEMENT_3D('',#2863,#2302,#2303);
#1996=AXIS2_PLACEMENT_3D('',#2869,#2307,#2308);
#1997=AXIS2_PLACEMENT_3D('',#2873,#2311,#2312);
#1998=AXIS2_PLACEMENT_3D('',#2877,#2315,#2316);
#1999=AXIS2_PLACEMENT_3D('',#2881,#2319,#2320);
#2000=AXIS2_PLACEMENT_3D('',#2887,#2324,#2325);
#2001=AXIS2_PLACEMENT_3D('',#2890,#2327,#2328);
#2002=AXIS2_PLACEMENT_3D('',#2891,#2329,#2330);
#2003=AXIS2_PLACEMENT_3D('',#2894,#2332,#2333);
#2004=AXIS2_PLACEMENT_3D('',#2895,#2334,#2335);
#2005=AXIS2_PLACEMENT_3D('',#2897,#2337,#2338);
#2006=AXIS2_PLACEMENT_3D('',#2898,#2339,#2340);
#2007=AXIS2_PLACEMENT_3D('',#2899,#2341,#2342);
#2008=AXIS2_PLACEMENT_3D('',#2906,#2347,#2348);
#2009=AXIS2_PLACEMENT_3D('',#2907,#2349,#2350);
#2010=AXIS2_PLACEMENT_3D('',#2908,#2351,#2352);
#2011=AXIS2_PLACEMENT_3D('',#2909,#2353,#2354);
#2012=AXIS2_PLACEMENT_3D('',#2910,#2355,#2356);
#2013=AXIS2_PLACEMENT_3D('',#2917,#2361,#2362);
#2014=AXIS2_PLACEMENT_3D('',#2918,#2363,#2364);
#2015=AXIS2_PLACEMENT_3D('',#2919,#2365,#2366);
#2016=AXIS2_PLACEMENT_3D('',#2925,#2370,#2371);
#2017=AXIS2_PLACEMENT_3D('',#2928,#2373,#2374);
#2018=AXIS2_PLACEMENT_3D('',#2929,#2375,#2376);
#2019=AXIS2_PLACEMENT_3D('',#2932,#2378,#2379);
#2020=AXIS2_PLACEMENT_3D('',#2933,#2380,#2381);
#2021=AXIS2_PLACEMENT_3D('',#2935,#2383,#2384);
#2022=AXIS2_PLACEMENT_3D('',#2941,#2388,#2389);
#2023=AXIS2_PLACEMENT_3D('',#2944,#2391,#2392);
#2024=AXIS2_PLACEMENT_3D('',#2945,#2393,#2394);
#2025=AXIS2_PLACEMENT_3D('',#2948,#2396,#2397);
#2026=AXIS2_PLACEMENT_3D('',#2949,#2398,#2399);
#2027=AXIS2_PLACEMENT_3D('',#2951,#2401,#2402);
#2028=AXIS2_PLACEMENT_3D('',#2957,#2406,#2407);
#2029=AXIS2_PLACEMENT_3D('',#2960,#2409,#2410);
#2030=AXIS2_PLACEMENT_3D('',#2961,#2411,#2412);
#2031=AXIS2_PLACEMENT_3D('',#2964,#2414,#2415);
#2032=AXIS2_PLACEMENT_3D('',#2965,#2416,#2417);
#2033=AXIS2_PLACEMENT_3D('',#2967,#2419,#2420);
#2034=AXIS2_PLACEMENT_3D('',#2970,#2423,#2424);
#2035=AXIS2_PLACEMENT_3D('',#2973,#2427,#2428);
#2036=AXIS2_PLACEMENT_3D('',#2974,#2429,#2430);
#2037=AXIS2_PLACEMENT_3D('',#2975,#2431,#2432);
#2038=AXIS2_PLACEMENT_3D('',#2976,#2433,#2434);
#2039=AXIS2_PLACEMENT_3D('',#2977,#2435,#2436);
#2040=AXIS2_PLACEMENT_3D('',#2978,#2437,#2438);
#2041=AXIS2_PLACEMENT_3D('',#2979,#2439,#2440);
#2042=AXIS2_PLACEMENT_3D('',#2985,#2444,#2445);
#2043=AXIS2_PLACEMENT_3D('',#2987,#2447,#2448);
#2044=AXIS2_PLACEMENT_3D('',#2989,#2450,#2451);
#2045=AXIS2_PLACEMENT_3D('',#2991,#2453,#2454);
#2046=AXIS2_PLACEMENT_3D('',#2999,#2459,#2460);
#2047=AXIS2_PLACEMENT_3D('',#3003,#2463,#2464);
#2048=AXIS2_PLACEMENT_3D('',#3005,#2466,#2467);
#2049=AXIS2_PLACEMENT_3D('',#3009,#2470,#2471);
#2050=AXIS2_PLACEMENT_3D('',#3016,#2476,#2477);
#2051=AXIS2_PLACEMENT_3D('',#3020,#2480,#2481);
#2052=AXIS2_PLACEMENT_3D('',#3026,#2485,#2486);
#2053=AXIS2_PLACEMENT_3D('',#3032,#2490,#2491);
#2054=AXIS2_PLACEMENT_3D('',#3033,#2492,#2493);
#2055=AXIS2_PLACEMENT_3D('',#3034,#2494,#2495);
#2056=AXIS2_PLACEMENT_3D('',#3036,#2497,#2498);
#2057=AXIS2_PLACEMENT_3D('',#3040,#2501,#2502);
#2058=AXIS2_PLACEMENT_3D('',#3042,#2504,#2505);
#2059=AXIS2_PLACEMENT_3D('',#3046,#2508,#2509);
#2060=AXIS2_PLACEMENT_3D('',#3048,#2511,#2512);
#2061=AXIS2_PLACEMENT_3D('',#3050,#2514,#2515);
#2062=AXIS2_PLACEMENT_3D('',#3058,#2520,#2521);
#2063=AXIS2_PLACEMENT_3D('',#3060,#2523,#2524);
#2064=AXIS2_PLACEMENT_3D('',#3067,#2529,#2530);
#2065=AXIS2_PLACEMENT_3D('',#3069,#2532,#2533);
#2066=AXIS2_PLACEMENT_3D('',#3087,#2543,#2544);
#2067=AXIS2_PLACEMENT_3D('',#3089,#2546,#2547);
#2068=AXIS2_PLACEMENT_3D('',#3090,#2548,#2549);
#2069=AXIS2_PLACEMENT_3D('',#3091,#2550,#2551);
#2070=AXIS2_PLACEMENT_3D('',#3097,#2555,#2556);
#2071=AXIS2_PLACEMENT_3D('',#3101,#2559,#2560);
#2072=AXIS2_PLACEMENT_3D('',#3105,#2563,#2564);
#2073=AXIS2_PLACEMENT_3D('',#3107,#2566,#2567);
#2074=AXIS2_PLACEMENT_3D('',#3113,#2571,#2572);
#2075=AXIS2_PLACEMENT_3D('',#3117,#2575,#2576);
#2076=AXIS2_PLACEMENT_3D('',#3121,#2579,#2580);
#2077=AXIS2_PLACEMENT_3D('',#3123,#2582,#2583);
#2078=AXIS2_PLACEMENT_3D('',#3124,#2584,#2585);
#2079=DIRECTION('axis',(0.,0.,1.));
#2080=DIRECTION('refdir',(1.,0.,0.));
#2081=DIRECTION('center_axis',(0.,0.,-1.));
#2082=DIRECTION('ref_axis',(-1.,0.,0.));
#2083=DIRECTION('',(-1.,0.,0.));
#2084=DIRECTION('',(0.,-1.,0.));
#2085=DIRECTION('',(1.,0.,0.));
#2086=DIRECTION('',(0.,1.,0.));
#2087=DIRECTION('center_axis',(0.,0.,-1.));
#2088=DIRECTION('ref_axis',(-1.,0.,0.));
#2089=DIRECTION('',(-1.,0.,0.));
#2090=DIRECTION('',(0.,-1.,0.));
#2091=DIRECTION('',(1.,0.,0.));
#2092=DIRECTION('',(0.,1.,0.));
#2093=DIRECTION('center_axis',(1.,0.,0.));
#2094=DIRECTION('ref_axis',(0.,0.,-1.));
#2095=DIRECTION('',(0.,0.,-1.));
#2096=DIRECTION('',(0.,-1.,0.));
#2097=DIRECTION('',(0.,0.,-1.));
#2098=DIRECTION('center_axis',(0.,-1.,0.));
#2099=DIRECTION('ref_axis',(0.,0.,-1.));
#2100=DIRECTION('',(0.,0.,1.));
#2101=DIRECTION('',(1.,0.,0.));
#2102=DIRECTION('center_axis',(0.,-1.,0.));
#2103=DIRECTION('ref_axis',(0.,0.,-1.));
#2104=DIRECTION('',(0.,0.,-1.));
#2105=DIRECTION('',(1.,0.,0.));
#2106=DIRECTION('',(0.,0.,1.));
#2107=DIRECTION('center_axis',(1.,0.,0.));
#2108=DIRECTION('ref_axis',(0.,0.,-1.));
#2109=DIRECTION('',(0.,0.,-1.));
#2110=DIRECTION('',(0.,-1.,0.));
#2111=DIRECTION('center_axis',(0.,-1.,0.));
#2112=DIRECTION('ref_axis',(0.,0.,-1.));
#2113=DIRECTION('',(0.,0.,1.));
#2114=DIRECTION('',(-1.,0.,0.));
#2115=DIRECTION('center_axis',(0.,0.,1.));
#2116=DIRECTION('ref_axis',(-1.,0.,0.));
#2117=DIRECTION('',(0.,-1.,0.));
#2118=DIRECTION('',(1.,0.,0.));
#2119=DIRECTION('',(0.,-1.,0.));
#2120=DIRECTION('',(1.,0.,0.));
#2121=DIRECTION('center_axis',(0.,0.,1.));
#2122=DIRECTION('ref_axis',(-1.,0.,0.));
#2123=DIRECTION('',(0.,-1.,0.));
#2124=DIRECTION('',(1.,0.,0.));
#2125=DIRECTION('',(0.,-1.,0.));
#2126=DIRECTION('',(1.,0.,0.));
#2127=DIRECTION('center_axis',(0.,0.,1.));
#2128=DIRECTION('ref_axis',(-1.,0.,0.));
#2129=DIRECTION('',(0.,-1.,0.));
#2130=DIRECTION('',(1.,0.,0.));
#2131=DIRECTION('',(0.,-1.,0.));
#2132=DIRECTION('',(1.,0.,0.));
#2133=DIRECTION('center_axis',(0.,0.,1.));
#2134=DIRECTION('ref_axis',(-1.,0.,0.));
#2135=DIRECTION('',(0.,-1.,0.));
#2136=DIRECTION('',(1.,0.,0.));
#2137=DIRECTION('',(0.,-1.,0.));
#2138=DIRECTION('',(1.,0.,0.));
#2139=DIRECTION('center_axis',(1.,0.,0.));
#2140=DIRECTION('ref_axis',(0.,0.,-1.));
#2141=DIRECTION('',(0.,-1.,0.));
#2142=DIRECTION('',(0.,0.,1.));
#2143=DIRECTION('',(0.,-1.,0.));
#2144=DIRECTION('',(0.,0.,1.));
#2145=DIRECTION('center_axis',(0.,0.,1.));
#2146=DIRECTION('ref_axis',(-1.,0.,0.));
#2147=DIRECTION('',(-1.,0.,0.));
#2148=DIRECTION('',(-1.,0.,0.));
#2149=DIRECTION('',(-1.,0.,0.));
#2150=DIRECTION('',(-1.,0.,0.));
#2151=DIRECTION('',(-1.,0.,0.));
#2152=DIRECTION('',(0.,-1.,0.));
#2153=DIRECTION('',(-1.,0.,0.));
#2154=DIRECTION('',(0.,-1.,0.));
#2155=DIRECTION('',(0.,-1.,0.));
#2156=DIRECTION('',(1.,0.,0.));
#2157=DIRECTION('center_axis',(0.,0.,-1.));
#2158=DIRECTION('ref_axis',(1.,0.,0.));
#2159=DIRECTION('',(1.,0.,0.));
#2160=DIRECTION('',(0.,-1.,0.));
#2161=DIRECTION('center_axis',(0.,0.,1.));
#2162=DIRECTION('ref_axis',(1.,0.,0.));
#2163=DIRECTION('center_axis',(0.,0.,-1.));
#2164=DIRECTION('ref_axis',(1.,0.,0.));
#2165=DIRECTION('',(0.,0.,1.));
#2166=DIRECTION('center_axis',(0.,0.,1.));
#2167=DIRECTION('ref_axis',(-1.,0.,0.));
#2168=DIRECTION('',(1.,0.,0.));
#2169=DIRECTION('',(0.,-1.,0.));
#2170=DIRECTION('',(1.,0.,0.));
#2171=DIRECTION('',(1.,0.,0.));
#2172=DIRECTION('',(0.,-1.,0.));
#2173=DIRECTION('',(0.,-1.,0.));
#2174=DIRECTION('',(1.,0.,0.));
#2175=DIRECTION('',(0.,-1.,0.));
#2176=DIRECTION('',(1.,0.,0.));
#2177=DIRECTION('',(1.,0.,0.));
#2178=DIRECTION('',(1.,0.,0.));
#2179=DIRECTION('',(1.,0.,0.));
#2180=DIRECTION('center_axis',(0.,-1.,0.));
#2181=DIRECTION('ref_axis',(0.,0.,-1.));
#2182=DIRECTION('',(0.,0.,1.));
#2183=DIRECTION('center_axis',(0.,-1.,0.));
#2184=DIRECTION('ref_axis',(0.,0.,-1.));
#2185=DIRECTION('',(0.,0.,1.));
#2186=DIRECTION('',(1.,0.,0.));
#2187=DIRECTION('',(0.,0.,1.));
#2188=DIRECTION('center_axis',(0.,-1.,0.));
#2189=DIRECTION('ref_axis',(0.,0.,-1.));
#2190=DIRECTION('',(1.,0.,0.));
#2191=DIRECTION('',(0.,0.,1.));
#2192=DIRECTION('center_axis',(0.,-1.,0.));
#2193=DIRECTION('ref_axis',(0.,0.,-1.));
#2194=DIRECTION('',(1.,0.,0.));
#2195=DIRECTION('',(0.,0.,1.));
#2196=DIRECTION('',(1.,0.,0.));
#2197=DIRECTION('center_axis',(0.,1.,0.));
#2198=DIRECTION('ref_axis',(0.,0.,1.));
#2199=DIRECTION('',(1.,0.,0.));
#2200=DIRECTION('center_axis',(0.,1.,0.));
#2201=DIRECTION('ref_axis',(0.,0.,1.));
#2202=DIRECTION('center_axis',(0.,1.,0.));
#2203=DIRECTION('ref_axis',(0.,0.,1.));
#2204=DIRECTION('',(0.,0.,-1.));
#2205=DIRECTION('center_axis',(0.,1.,0.));
#2206=DIRECTION('ref_axis',(0.,0.,1.));
#2207=DIRECTION('',(0.,0.,-1.));
#2208=DIRECTION('center_axis',(0.,1.,0.));
#2209=DIRECTION('ref_axis',(0.,0.,1.));
#2210=DIRECTION('',(0.,0.,-1.));
#2211=DIRECTION('center_axis',(0.,1.,0.));
#2212=DIRECTION('ref_axis',(0.,0.,1.));
#2213=DIRECTION('',(0.,0.,-1.));
#2214=DIRECTION('',(1.,0.,0.));
#2215=DIRECTION('center_axis',(0.,1.,0.));
#2216=DIRECTION('ref_axis',(0.,0.,1.));
#2217=DIRECTION('',(1.,0.,0.));
#2218=DIRECTION('center_axis',(0.,1.,0.));
#2219=DIRECTION('ref_axis',(0.,0.,1.));
#2220=DIRECTION('',(1.,0.,0.));
#2221=DIRECTION('center_axis',(0.,1.,0.));
#2222=DIRECTION('ref_axis',(0.,0.,1.));
#2223=DIRECTION('',(1.,0.,0.));
#2224=DIRECTION('center_axis',(0.,1.,0.));
#2225=DIRECTION('ref_axis',(0.,0.,1.));
#2226=DIRECTION('',(1.,0.,0.));
#2227=DIRECTION('center_axis',(0.,1.,0.));
#2228=DIRECTION('ref_axis',(0.,0.,1.));
#2229=DIRECTION('',(1.,0.,0.));
#2230=DIRECTION('center_axis',(0.,1.,0.));
#2231=DIRECTION('ref_axis',(0.,0.,1.));
#2232=DIRECTION('center_axis',(0.,-1.,0.));
#2233=DIRECTION('ref_axis',(0.,0.,-1.));
#2234=DIRECTION('',(1.,0.,0.));
#2235=DIRECTION('',(0.,0.,1.));
#2236=DIRECTION('',(1.,0.,0.));
#2237=DIRECTION('',(0.,0.,1.));
#2238=DIRECTION('',(1.,0.,0.));
#2239=DIRECTION('',(0.,0.,1.));
#2240=DIRECTION('center_axis',(0.,-1.,0.));
#2241=DIRECTION('ref_axis',(0.,0.,-1.));
#2242=DIRECTION('',(1.,0.,0.));
#2243=DIRECTION('',(0.,0.,1.));
#2244=DIRECTION('center_axis',(1.,0.,0.));
#2245=DIRECTION('ref_axis',(0.,0.,-1.));
#2246=DIRECTION('',(0.,0.,1.));
#2247=DIRECTION('',(0.,1.,0.));
#2248=DIRECTION('',(0.,0.,1.));
#2249=DIRECTION('',(0.,1.,0.));
#2250=DIRECTION('',(0.,0.,1.));
#2251=DIRECTION('',(0.,-1.,0.));
#2252=DIRECTION('center_axis',(0.,-1.,0.));
#2253=DIRECTION('ref_axis',(0.,0.,-1.));
#2254=DIRECTION('',(0.,0.,-1.));
#2255=DIRECTION('',(1.,0.,0.));
#2256=DIRECTION('center_axis',(1.,0.,0.));
#2257=DIRECTION('ref_axis',(0.,0.,-1.));
#2258=DIRECTION('',(0.,0.,1.));
#2259=DIRECTION('',(0.,-1.,0.));
#2260=DIRECTION('',(0.,0.,1.));
#2261=DIRECTION('',(0.,-1.,0.));
#2262=DIRECTION('center_axis',(1.,0.,0.));
#2263=DIRECTION('ref_axis',(0.,0.,-1.));
#2264=DIRECTION('',(0.,0.,1.));
#2265=DIRECTION('center_axis',(0.,-1.,0.));
#2266=DIRECTION('ref_axis',(0.,0.,-1.));
#2267=DIRECTION('',(0.,0.,1.));
#2268=DIRECTION('center_axis',(1.,0.,0.));
#2269=DIRECTION('ref_axis',(0.,0.,-1.));
#2270=DIRECTION('',(0.,0.,1.));
#2271=DIRECTION('center_axis',(0.,0.,1.));
#2272=DIRECTION('ref_axis',(-1.,0.,0.));
#2273=DIRECTION('',(0.,-1.,0.));
#2274=DIRECTION('',(1.,0.,0.));
#2275=DIRECTION('',(0.,-1.,0.));
#2276=DIRECTION('center_axis',(0.,0.,1.));
#2277=DIRECTION('ref_axis',(-1.,0.,0.));
#2278=DIRECTION('',(0.,-1.,0.));
#2279=DIRECTION('',(1.,0.,0.));
#2280=DIRECTION('center_axis',(0.,0.,1.));
#2281=DIRECTION('ref_axis',(-1.,0.,0.));
#2282=DIRECTION('',(0.,-1.,0.));
#2283=DIRECTION('',(1.,0.,0.));
#2284=DIRECTION('center_axis',(0.,0.,1.));
#2285=DIRECTION('ref_axis',(-1.,0.,0.));
#2286=DIRECTION('',(0.,-1.,0.));
#2287=DIRECTION('',(1.,0.,0.));
#2288=DIRECTION('center_axis',(0.,0.,1.));
#2289=DIRECTION('ref_axis',(-1.,0.,0.));
#2290=DIRECTION('center_axis',(0.,0.,1.));
#2291=DIRECTION('ref_axis',(-1.,0.,0.));
#2292=DIRECTION('',(1.,0.,0.));
#2293=DIRECTION('',(0.,-1.,0.));
#2294=DIRECTION('center_axis',(0.,0.,1.));
#2295=DIRECTION('ref_axis',(-1.,0.,0.));
#2296=DIRECTION('',(1.,0.,0.));
#2297=DIRECTION('',(0.,-1.,0.));
#2298=DIRECTION('center_axis',(0.,-1.,0.));
#2299=DIRECTION('ref_axis',(0.,0.,-1.));
#2300=DIRECTION('',(1.,0.,0.));
#2301=DIRECTION('',(0.,0.,1.));
#2302=DIRECTION('center_axis',(1.,0.,0.));
#2303=DIRECTION('ref_axis',(0.,0.,-1.));
#2304=DIRECTION('',(0.,0.,1.));
#2305=DIRECTION('',(0.,-1.,0.));
#2306=DIRECTION('',(0.,-1.,0.));
#2307=DIRECTION('center_axis',(0.,0.,1.));
#2308=DIRECTION('ref_axis',(-1.,0.,0.));
#2309=DIRECTION('',(1.,0.,0.));
#2310=DIRECTION('',(0.,-1.,0.));
#2311=DIRECTION('center_axis',(0.,0.,1.));
#2312=DIRECTION('ref_axis',(-1.,0.,0.));
#2313=DIRECTION('',(1.,0.,0.));
#2314=DIRECTION('',(0.,-1.,0.));
#2315=DIRECTION('center_axis',(0.,0.,1.));
#2316=DIRECTION('ref_axis',(-1.,0.,0.));
#2317=DIRECTION('',(1.,0.,0.));
#2318=DIRECTION('',(0.,-1.,0.));
#2319=DIRECTION('center_axis',(0.,0.,1.));
#2320=DIRECTION('ref_axis',(-1.,0.,0.));
#2321=DIRECTION('',(0.,-1.,0.));
#2322=DIRECTION('',(1.,0.,0.));
#2323=DIRECTION('',(0.,-1.,0.));
#2324=DIRECTION('center_axis',(0.,-1.,0.));
#2325=DIRECTION('ref_axis',(0.,0.,1.));
#2326=DIRECTION('',(0.,-1.,0.));
#2327=DIRECTION('center_axis',(0.,1.,0.));
#2328=DIRECTION('ref_axis',(0.,0.,1.));
#2329=DIRECTION('center_axis',(0.,-1.,0.));
#2330=DIRECTION('ref_axis',(0.,0.,1.));
#2331=DIRECTION('',(0.,-1.,0.));
#2332=DIRECTION('center_axis',(0.,1.,0.));
#2333=DIRECTION('ref_axis',(0.,0.,1.));
#2334=DIRECTION('center_axis',(0.,0.,1.));
#2335=DIRECTION('ref_axis',(-1.,0.,0.));
#2336=DIRECTION('',(1.,0.,0.));
#2337=DIRECTION('center_axis',(0.,-1.,0.));
#2338=DIRECTION('ref_axis',(0.,0.,1.));
#2339=DIRECTION('center_axis',(0.,-1.,0.));
#2340=DIRECTION('ref_axis',(0.,0.,1.));
#2341=DIRECTION('center_axis',(1.,0.,0.));
#2342=DIRECTION('ref_axis',(0.,0.,-1.));
#2343=DIRECTION('',(0.,0.,-1.));
#2344=DIRECTION('',(0.,-1.,0.));
#2345=DIRECTION('',(0.,0.,1.));
#2346=DIRECTION('',(0.,-1.,0.));
#2347=DIRECTION('center_axis',(0.,-1.,0.));
#2348=DIRECTION('ref_axis',(0.,0.,1.));
#2349=DIRECTION('center_axis',(0.,1.,0.));
#2350=DIRECTION('ref_axis',(0.,0.,1.));
#2351=DIRECTION('center_axis',(0.,-1.,0.));
#2352=DIRECTION('ref_axis',(-1.28020157116733E-13,0.,-1.));
#2353=DIRECTION('center_axis',(0.,-1.,0.));
#2354=DIRECTION('ref_axis',(0.,0.,1.));
#2355=DIRECTION('center_axis',(1.,0.,0.));
#2356=DIRECTION('ref_axis',(0.,0.,-1.));
#2357=DIRECTION('',(0.,-1.,0.));
#2358=DIRECTION('',(0.,0.,1.));
#2359=DIRECTION('',(0.,-1.,0.));
#2360=DIRECTION('',(0.,0.,-1.));
#2361=DIRECTION('center_axis',(0.,-1.,0.));
#2362=DIRECTION('ref_axis',(0.,0.,1.));
#2363=DIRECTION('center_axis',(0.,1.,0.));
#2364=DIRECTION('ref_axis',(0.,0.,1.));
#2365=DIRECTION('center_axis',(0.,0.,1.));
#2366=DIRECTION('ref_axis',(-1.,0.,0.));
#2367=DIRECTION('',(0.,-1.,0.));
#2368=DIRECTION('',(1.,0.,0.));
#2369=DIRECTION('',(0.,-1.,0.));
#2370=DIRECTION('center_axis',(0.,-1.,0.));
#2371=DIRECTION('ref_axis',(0.,0.,1.));
#2372=DIRECTION('',(0.,-1.,0.));
#2373=DIRECTION('center_axis',(0.,1.,0.));
#2374=DIRECTION('ref_axis',(0.,0.,1.));
#2375=DIRECTION('center_axis',(0.,-1.,0.));
#2376=DIRECTION('ref_axis',(0.,0.,1.));
#2377=DIRECTION('',(0.,-1.,0.));
#2378=DIRECTION('center_axis',(0.,1.,0.));
#2379=DIRECTION('ref_axis',(0.,0.,1.));
#2380=DIRECTION('center_axis',(0.,0.,1.));
#2381=DIRECTION('ref_axis',(-1.,0.,0.));
#2382=DIRECTION('',(1.,0.,0.));
#2383=DIRECTION('center_axis',(0.,0.,1.));
#2384=DIRECTION('ref_axis',(-1.,0.,0.));
#2385=DIRECTION('',(0.,-1.,0.));
#2386=DIRECTION('',(1.,0.,0.));
#2387=DIRECTION('',(0.,-1.,0.));
#2388=DIRECTION('center_axis',(0.,-1.,0.));
#2389=DIRECTION('ref_axis',(0.,0.,1.));
#2390=DIRECTION('',(0.,-1.,0.));
#2391=DIRECTION('center_axis',(0.,1.,0.));
#2392=DIRECTION('ref_axis',(0.,0.,1.));
#2393=DIRECTION('center_axis',(0.,-1.,0.));
#2394=DIRECTION('ref_axis',(0.,0.,1.));
#2395=DIRECTION('',(0.,-1.,0.));
#2396=DIRECTION('center_axis',(0.,1.,0.));
#2397=DIRECTION('ref_axis',(0.,0.,1.));
#2398=DIRECTION('center_axis',(0.,0.,1.));
#2399=DIRECTION('ref_axis',(-1.,0.,0.));
#2400=DIRECTION('',(1.,0.,0.));
#2401=DIRECTION('center_axis',(0.,0.,1.));
#2402=DIRECTION('ref_axis',(-1.,0.,0.));
#2403=DIRECTION('',(0.,-1.,0.));
#2404=DIRECTION('',(1.,0.,0.));
#2405=DIRECTION('',(0.,-1.,0.));
#2406=DIRECTION('center_axis',(0.,-1.,0.));
#2407=DIRECTION('ref_axis',(0.,0.,1.));
#2408=DIRECTION('',(0.,-1.,0.));
#2409=DIRECTION('center_axis',(0.,1.,0.));
#2410=DIRECTION('ref_axis',(0.,0.,1.));
#2411=DIRECTION('center_axis',(0.,-1.,0.));
#2412=DIRECTION('ref_axis',(0.,0.,1.));
#2413=DIRECTION('',(0.,-1.,0.));
#2414=DIRECTION('center_axis',(0.,1.,0.));
#2415=DIRECTION('ref_axis',(0.,0.,1.));
#2416=DIRECTION('center_axis',(0.,0.,1.));
#2417=DIRECTION('ref_axis',(-1.,0.,0.));
#2418=DIRECTION('',(1.,0.,0.));
#2419=DIRECTION('center_axis',(0.,0.,1.));
#2420=DIRECTION('ref_axis',(-1.,0.,0.));
#2421=DIRECTION('',(1.,0.,0.));
#2422=DIRECTION('',(0.,-1.,0.));
#2423=DIRECTION('center_axis',(0.,-1.,0.));
#2424=DIRECTION('ref_axis',(0.,0.,-1.));
#2425=DIRECTION('',(1.,0.,0.));
#2426=DIRECTION('',(1.,0.,0.));
#2427=DIRECTION('center_axis',(0.,0.,1.));
#2428=DIRECTION('ref_axis',(-1.,0.,0.));
#2429=DIRECTION('center_axis',(0.,0.,-1.));
#2430=DIRECTION('ref_axis',(1.,0.,0.));
#2431=DIRECTION('center_axis',(0.,0.,1.));
#2432=DIRECTION('ref_axis',(1.,0.,0.));
#2433=DIRECTION('center_axis',(0.,0.,-1.));
#2434=DIRECTION('ref_axis',(1.,0.,0.));
#2435=DIRECTION('center_axis',(0.,0.,1.));
#2436=DIRECTION('ref_axis',(-1.,0.,0.));
#2437=DIRECTION('center_axis',(0.,0.,1.));
#2438=DIRECTION('ref_axis',(-1.,0.,0.));
#2439=DIRECTION('center_axis',(0.,-1.,0.));
#2440=DIRECTION('ref_axis',(0.,0.,-1.));
#2441=DIRECTION('',(0.,0.,1.));
#2442=DIRECTION('',(1.,0.,0.));
#2443=DIRECTION('',(1.,0.,0.));
#2444=DIRECTION('center_axis',(0.,0.,1.));
#2445=DIRECTION('ref_axis',(-1.,0.,0.));
#2446=DIRECTION('',(0.,-1.,0.));
#2447=DIRECTION('center_axis',(0.,-1.,0.));
#2448=DIRECTION('ref_axis',(0.,0.,-1.));
#2449=DIRECTION('',(0.,0.,1.));
#2450=DIRECTION('center_axis',(1.,0.,0.));
#2451=DIRECTION('ref_axis',(0.,0.,-1.));
#2452=DIRECTION('',(0.,0.,1.));
#2453=DIRECTION('center_axis',(0.,0.,1.));
#2454=DIRECTION('ref_axis',(-1.,0.,0.));
#2455=DIRECTION('',(0.,-1.,0.));
#2456=DIRECTION('',(1.,0.,0.));
#2457=DIRECTION('',(0.,-1.,0.));
#2458=DIRECTION('',(0.,-1.,0.));
#2459=DIRECTION('center_axis',(0.,0.,1.));
#2460=DIRECTION('ref_axis',(-1.,0.,0.));
#2461=DIRECTION('',(0.,-1.,0.));
#2462=DIRECTION('',(1.,0.,0.));
#2463=DIRECTION('center_axis',(0.,0.,1.));
#2464=DIRECTION('ref_axis',(-1.,0.,0.));
#2465=DIRECTION('',(1.,0.,0.));
#2466=DIRECTION('center_axis',(0.,0.,1.));
#2467=DIRECTION('ref_axis',(-1.,0.,0.));
#2468=DIRECTION('',(1.,0.,0.));
#2469=DIRECTION('',(0.,-1.,0.));
#2470=DIRECTION('center_axis',(0.,-1.,0.));
#2471=DIRECTION('ref_axis',(0.,0.,-1.));
#2472=DIRECTION('',(0.,0.,-1.));
#2473=DIRECTION('',(1.,0.,0.));
#2474=DIRECTION('',(0.,0.,-1.));
#2475=DIRECTION('',(0.,0.,1.));
#2476=DIRECTION('center_axis',(0.,-1.,0.));
#2477=DIRECTION('ref_axis',(0.,0.,-1.));
#2478=DIRECTION('',(-1.,0.,0.));
#2479=DIRECTION('',(0.,0.,-1.));
#2480=DIRECTION('center_axis',(0.,0.,1.));
#2481=DIRECTION('ref_axis',(-1.,0.,0.));
#2482=DIRECTION('',(0.,-1.,0.));
#2483=DIRECTION('',(0.,-1.,0.));
#2484=DIRECTION('',(1.,0.,0.));
#2485=DIRECTION('center_axis',(0.,-1.,0.));
#2486=DIRECTION('ref_axis',(0.,0.,-1.));
#2487=DIRECTION('',(0.,0.,-1.));
#2488=DIRECTION('',(-1.,0.,0.));
#2489=DIRECTION('',(0.,0.,-1.));
#2490=DIRECTION('center_axis',(0.,-1.,0.));
#2491=DIRECTION('ref_axis',(0.,0.,-1.));
#2492=DIRECTION('center_axis',(0.,-1.,0.));
#2493=DIRECTION('ref_axis',(0.,0.,-1.));
#2494=DIRECTION('center_axis',(1.,0.,0.));
#2495=DIRECTION('ref_axis',(0.,0.,-1.));
#2496=DIRECTION('',(0.,-1.,0.));
#2497=DIRECTION('center_axis',(1.,0.,0.));
#2498=DIRECTION('ref_axis',(0.,0.,-1.));
#2499=DIRECTION('',(0.,-1.,0.));
#2500=DIRECTION('',(0.,0.,1.));
#2501=DIRECTION('center_axis',(0.,0.,1.));
#2502=DIRECTION('ref_axis',(-1.,0.,0.));
#2503=DIRECTION('',(1.,0.,0.));
#2504=DIRECTION('center_axis',(0.,-1.,0.));
#2505=DIRECTION('ref_axis',(0.,0.,-1.));
#2506=DIRECTION('',(0.,0.,1.));
#2507=DIRECTION('',(1.,0.,0.));
#2508=DIRECTION('center_axis',(0.,-1.,0.));
#2509=DIRECTION('ref_axis',(0.,0.,-1.));
#2510=DIRECTION('',(1.,0.,0.));
#2511=DIRECTION('center_axis',(0.,-1.,0.));
#2512=DIRECTION('ref_axis',(0.,0.,-1.));
#2513=DIRECTION('',(1.,0.,0.));
#2514=DIRECTION('center_axis',(1.,0.,0.));
#2515=DIRECTION('ref_axis',(0.,0.,-1.));
#2516=DIRECTION('',(0.,0.,1.));
#2517=DIRECTION('',(0.,-1.,0.));
#2518=DIRECTION('',(0.,0.,1.));
#2519=DIRECTION('',(0.,-1.,0.));
#2520=DIRECTION('center_axis',(0.,0.,1.));
#2521=DIRECTION('ref_axis',(-1.,0.,0.));
#2522=DIRECTION('',(0.,-1.,0.));
#2523=DIRECTION('center_axis',(1.,0.,0.));
#2524=DIRECTION('ref_axis',(0.,0.,-1.));
#2525=DIRECTION('',(0.,0.,1.));
#2526=DIRECTION('',(0.,0.,1.));
#2527=DIRECTION('',(0.,0.,1.));
#2528=DIRECTION('',(0.,-1.,0.));
#2529=DIRECTION('center_axis',(0.,-1.,0.));
#2530=DIRECTION('ref_axis',(0.,0.,-1.));
#2531=DIRECTION('',(1.,0.,0.));
#2532=DIRECTION('center_axis',(0.,0.,1.));
#2533=DIRECTION('ref_axis',(-1.,0.,0.));
#2534=DIRECTION('',(-1.,0.,0.));
#2535=DIRECTION('',(0.,-1.,0.));
#2536=DIRECTION('',(1.,0.,0.));
#2537=DIRECTION('',(0.,-1.,0.));
#2538=DIRECTION('',(1.,0.,0.));
#2539=DIRECTION('',(0.,-1.,0.));
#2540=DIRECTION('',(1.,0.,0.));
#2541=DIRECTION('',(0.,-1.,0.));
#2542=DIRECTION('',(1.,0.,0.));
#2543=DIRECTION('center_axis',(0.,-1.,0.));
#2544=DIRECTION('ref_axis',(0.,0.,-1.));
#2545=DIRECTION('',(0.,0.,1.));
#2546=DIRECTION('center_axis',(1.,0.,0.));
#2547=DIRECTION('ref_axis',(0.,0.,-1.));
#2548=DIRECTION('center_axis',(0.,-1.,0.));
#2549=DIRECTION('ref_axis',(0.,0.,-1.));
#2550=DIRECTION('center_axis',(1.,0.,0.));
#2551=DIRECTION('ref_axis',(0.,0.,-1.));
#2552=DIRECTION('',(0.,0.,1.));
#2553=DIRECTION('',(0.,0.,1.));
#2554=DIRECTION('',(0.,-1.,0.));
#2555=DIRECTION('center_axis',(0.,-1.,0.));
#2556=DIRECTION('ref_axis',(0.,0.,-1.));
#2557=DIRECTION('',(0.,0.,1.));
#2558=DIRECTION('',(1.,0.,0.));
#2559=DIRECTION('center_axis',(0.,-1.,0.));
#2560=DIRECTION('ref_axis',(0.,0.,-1.));
#2561=DIRECTION('',(1.,0.,0.));
#2562=DIRECTION('',(0.,0.,1.));
#2563=DIRECTION('center_axis',(1.,0.,0.));
#2564=DIRECTION('ref_axis',(0.,0.,-1.));
#2565=DIRECTION('',(0.,-1.,0.));
#2566=DIRECTION('center_axis',(1.,0.,0.));
#2567=DIRECTION('ref_axis',(0.,0.,-1.));
#2568=DIRECTION('',(0.,0.,1.));
#2569=DIRECTION('',(0.,0.,1.));
#2570=DIRECTION('',(0.,-1.,0.));
#2571=DIRECTION('center_axis',(0.,-1.,0.));
#2572=DIRECTION('ref_axis',(0.,0.,-1.));
#2573=DIRECTION('',(1.,0.,0.));
#2574=DIRECTION('',(0.,0.,1.));
#2575=DIRECTION('center_axis',(1.,0.,0.));
#2576=DIRECTION('ref_axis',(0.,0.,-1.));
#2577=DIRECTION('',(0.,-1.,0.));
#2578=DIRECTION('',(0.,0.,1.));
#2579=DIRECTION('center_axis',(0.,-1.,0.));
#2580=DIRECTION('ref_axis',(0.,0.,-1.));
#2581=DIRECTION('',(1.,0.,0.));
#2582=DIRECTION('center_axis',(0.,0.,1.));
#2583=DIRECTION('ref_axis',(-1.,0.,0.));
#2584=DIRECTION('center_axis',(0.,0.,1.));
#2585=DIRECTION('ref_axis',(-1.,0.,0.));
#2586=CARTESIAN_POINT('',(0.,0.,0.));
#2587=CARTESIAN_POINT('Origin',(91.35,92.,11.));
#2588=CARTESIAN_POINT('',(137.65,89.,11.));
#2589=CARTESIAN_POINT('',(126.,89.,11.));
#2590=CARTESIAN_POINT('',(91.35,89.,11.));
#2591=CARTESIAN_POINT('',(137.65,92.,11.));
#2592=CARTESIAN_POINT('',(137.65,92.,11.));
#2593=CARTESIAN_POINT('',(126.,92.,11.));
#2594=CARTESIAN_POINT('',(91.35,92.,11.));
#2595=CARTESIAN_POINT('',(126.,92.5,11.));
#2596=CARTESIAN_POINT('Origin',(91.35,92.,11.));
#2597=CARTESIAN_POINT('',(106.,89.,11.));
#2598=CARTESIAN_POINT('',(94.35,89.,11.));
#2599=CARTESIAN_POINT('',(91.35,89.,11.));
#2600=CARTESIAN_POINT('',(106.,92.,11.));
#2601=CARTESIAN_POINT('',(106.,92.5,11.));
#2602=CARTESIAN_POINT('',(94.35,92.,11.));
#2603=CARTESIAN_POINT('',(91.35,92.,11.));
#2604=CARTESIAN_POINT('',(94.35,92.,11.));
#2605=CARTESIAN_POINT('Origin',(126.,93.,9.));
#2606=CARTESIAN_POINT('',(126.,92.,10.));
#2607=CARTESIAN_POINT('',(126.,92.,4.5));
#2608=CARTESIAN_POINT('',(126.,89.,10.));
#2609=CARTESIAN_POINT('',(126.,92.5,10.));
#2610=CARTESIAN_POINT('',(126.,89.,4.5));
#2611=CARTESIAN_POINT('Origin',(91.35,92.,0.));
#2612=CARTESIAN_POINT('',(137.65,92.,10.));
#2613=CARTESIAN_POINT('',(137.65,92.,0.));
#2614=CARTESIAN_POINT('',(0.,92.,10.));
#2615=CARTESIAN_POINT('Origin',(91.35,92.,0.));
#2616=CARTESIAN_POINT('',(106.,92.,10.));
#2617=CARTESIAN_POINT('',(106.,92.,4.5));
#2618=CARTESIAN_POINT('',(94.35,92.,10.));
#2619=CARTESIAN_POINT('',(0.,92.,10.));
#2620=CARTESIAN_POINT('',(94.35,92.,0.));
#2621=CARTESIAN_POINT('Origin',(106.,93.,9.));
#2622=CARTESIAN_POINT('',(106.,89.,10.));
#2623=CARTESIAN_POINT('',(106.,89.,4.5));
#2624=CARTESIAN_POINT('',(106.,92.5,10.));
#2625=CARTESIAN_POINT('Origin',(91.35,89.,0.));
#2626=CARTESIAN_POINT('',(94.35,89.,10.));
#2627=CARTESIAN_POINT('',(94.35,89.,0.));
#2628=CARTESIAN_POINT('',(45.675,89.,10.));
#2629=CARTESIAN_POINT('Origin',(102.5,55.799,22.8));
#2630=CARTESIAN_POINT('',(108.015640288664,54.799,22.8));
#2631=CARTESIAN_POINT('',(108.01564028866,48.799,22.8));
#2632=CARTESIAN_POINT('',(108.01564028866,51.799,22.8));
#2633=CARTESIAN_POINT('',(102.5,54.799,22.8));
#2634=CARTESIAN_POINT('',(96.5,54.799,22.8));
#2635=CARTESIAN_POINT('',(102.5,48.799,22.8));
#2636=CARTESIAN_POINT('',(102.5,55.799,22.8));
#2637=CARTESIAN_POINT('',(96.5,48.799,22.8));
#2638=CARTESIAN_POINT('Origin',(102.5,55.799,22.8));
#2639=CARTESIAN_POINT('',(123.984359711336,54.799,22.8));
#2640=CARTESIAN_POINT('',(123.98435971133,48.799,22.8));
#2641=CARTESIAN_POINT('',(123.984359711336,51.799,22.8));
#2642=CARTESIAN_POINT('',(129.5,48.799,22.8));
#2643=CARTESIAN_POINT('',(96.5,48.799,22.8));
#2644=CARTESIAN_POINT('',(129.5,54.799,22.8));
#2645=CARTESIAN_POINT('',(129.5,55.799,22.8));
#2646=CARTESIAN_POINT('',(96.5,54.799,22.8));
#2647=CARTESIAN_POINT('Origin',(102.5,55.799,45.8));
#2648=CARTESIAN_POINT('',(123.98435971133,54.799,45.8));
#2649=CARTESIAN_POINT('',(123.98435971133,48.799,45.8));
#2650=CARTESIAN_POINT('',(123.98435971133,51.799,45.8));
#2651=CARTESIAN_POINT('',(129.5,54.799,45.8));
#2652=CARTESIAN_POINT('',(96.5,54.799,45.8));
#2653=CARTESIAN_POINT('',(129.5,48.799,45.8));
#2654=CARTESIAN_POINT('',(129.5,55.799,45.8));
#2655=CARTESIAN_POINT('',(96.5,48.799,45.8));
#2656=CARTESIAN_POINT('Origin',(102.5,55.799,45.8));
#2657=CARTESIAN_POINT('',(108.01564028866,54.799,45.8));
#2658=CARTESIAN_POINT('',(108.01564028866,48.799,45.8));
#2659=CARTESIAN_POINT('',(108.015640288664,51.799,45.8));
#2660=CARTESIAN_POINT('',(102.5,48.799,45.8));
#2661=CARTESIAN_POINT('',(96.5,48.799,45.8));
#2662=CARTESIAN_POINT('',(102.5,54.799,45.8));
#2663=CARTESIAN_POINT('',(102.5,55.799,45.8));
#2664=CARTESIAN_POINT('',(96.5,54.799,45.8));
#2665=CARTESIAN_POINT('Origin',(0.,92.,0.));
#2666=CARTESIAN_POINT('',(0.,92.,10.));
#2667=CARTESIAN_POINT('',(0.,80.1,10.));
#2668=CARTESIAN_POINT('',(0.,92.,10.));
#2669=CARTESIAN_POINT('',(0.,92.,0.));
#2670=CARTESIAN_POINT('',(0.,92.,0.));
#2671=CARTESIAN_POINT('',(0.,80.1,0.));
#2672=CARTESIAN_POINT('',(0.,92.,0.));
#2673=CARTESIAN_POINT('',(0.,80.1,-1.));
#2674=CARTESIAN_POINT('Origin',(0.,92.,10.));
#2675=CARTESIAN_POINT('',(141.,48.799,10.));
#2676=CARTESIAN_POINT('',(140.65,48.799,10.));
#2677=CARTESIAN_POINT('',(45.25,48.799,10.));
#2678=CARTESIAN_POINT('',(137.65,48.799,10.));
#2679=CARTESIAN_POINT('',(45.25,48.799,10.));
#2680=CARTESIAN_POINT('',(94.35,48.799,10.));
#2681=CARTESIAN_POINT('',(45.25,48.799,10.));
#2682=CARTESIAN_POINT('',(91.35,48.799,10.));
#2683=CARTESIAN_POINT('',(45.25,48.799,10.));
#2684=CARTESIAN_POINT('',(90.5,48.799,10.));
#2685=CARTESIAN_POINT('',(45.25,48.799,10.));
#2686=CARTESIAN_POINT('',(90.5,54.799,10.));
#2687=CARTESIAN_POINT('',(90.5,73.3995,10.));
#2688=CARTESIAN_POINT('',(91.35,54.799,10.));
#2689=CARTESIAN_POINT('',(45.25,54.799,10.));
#2690=CARTESIAN_POINT('',(91.35,89.,10.));
#2691=CARTESIAN_POINT('',(91.35,92.,10.));
#2692=CARTESIAN_POINT('',(91.35,92.,10.));
#2693=CARTESIAN_POINT('',(91.35,92.,10.));
#2694=CARTESIAN_POINT('',(0.,92.,10.));
#2695=CARTESIAN_POINT('',(78.867040010387,14.,10.));
#2696=CARTESIAN_POINT('Origin',(0.,0.,10.));
#2697=CARTESIAN_POINT('',(141.,14.,10.));
#2698=CARTESIAN_POINT('',(0.,14.,10.));
#2699=CARTESIAN_POINT('',(141.,92.,10.));
#2700=CARTESIAN_POINT('Origin',(0.,0.,-1.));
#2701=CARTESIAN_POINT('',(78.867040010387,14.,0.));
#2702=CARTESIAN_POINT('Origin',(0.,0.,0.));
#2703=CARTESIAN_POINT('',(78.867040010387,14.,-1.));
#2704=CARTESIAN_POINT('Origin',(0.,92.,0.));
#2705=CARTESIAN_POINT('',(140.65,48.799,0.));
#2706=CARTESIAN_POINT('',(141.,48.799,0.));
#2707=CARTESIAN_POINT('',(90.5,48.799,0.));
#2708=CARTESIAN_POINT('',(141.,14.,0.));
#2709=CARTESIAN_POINT('',(141.,92.,0.));
#2710=CARTESIAN_POINT('',(0.,14.,0.));
#2711=CARTESIAN_POINT('',(91.35,92.,0.));
#2712=CARTESIAN_POINT('',(0.,92.,0.));
#2713=CARTESIAN_POINT('',(91.35,89.,0.));
#2714=CARTESIAN_POINT('',(91.35,92.,0.));
#2715=CARTESIAN_POINT('',(91.35,54.799,0.));
#2716=CARTESIAN_POINT('',(91.35,92.,0.));
#2717=CARTESIAN_POINT('',(90.5,54.799,0.));
#2718=CARTESIAN_POINT('',(90.5,54.799,0.));
#2719=CARTESIAN_POINT('',(90.5,48.799,0.));
#2720=CARTESIAN_POINT('',(90.5,54.799,0.));
#2721=CARTESIAN_POINT('',(91.35,48.799,0.));
#2722=CARTESIAN_POINT('',(90.5,48.799,0.));
#2723=CARTESIAN_POINT('',(94.35,48.799,0.));
#2724=CARTESIAN_POINT('',(91.35,48.799,0.));
#2725=CARTESIAN_POINT('',(137.65,48.799,0.));
#2726=CARTESIAN_POINT('',(90.5,48.799,0.));
#2727=CARTESIAN_POINT('',(137.65,48.799,0.));
#2728=CARTESIAN_POINT('Origin',(0.,92.,0.));
#2729=CARTESIAN_POINT('',(91.35,92.,0.));
#2730=CARTESIAN_POINT('Origin',(90.5,48.799,0.));
#2731=CARTESIAN_POINT('',(141.,48.799,56.));
#2732=CARTESIAN_POINT('',(141.,48.799,0.));
#2733=CARTESIAN_POINT('',(140.65,48.799,56.));
#2734=CARTESIAN_POINT('',(90.5,48.799,56.));
#2735=CARTESIAN_POINT('',(140.65,48.799,0.));
#2736=CARTESIAN_POINT('Origin',(90.5,48.799,0.));
#2737=CARTESIAN_POINT('',(137.65,48.799,56.));
#2738=CARTESIAN_POINT('',(137.65,48.799,56.));
#2739=CARTESIAN_POINT('',(137.65,48.799,0.));
#2740=CARTESIAN_POINT('Origin',(90.5,48.799,0.));
#2741=CARTESIAN_POINT('',(94.35,48.799,56.));
#2742=CARTESIAN_POINT('',(90.5,48.799,56.));
#2743=CARTESIAN_POINT('',(94.35,48.799,0.));
#2744=CARTESIAN_POINT('',(98.5,48.799,20.5));
#2745=CARTESIAN_POINT('',(102.5,48.799,20.5));
#2746=CARTESIAN_POINT('',(94.5,48.799,20.5));
#2747=CARTESIAN_POINT('',(102.5,48.799,17.1));
#2748=CARTESIAN_POINT('Origin',(102.5,48.799,18.8));
#2749=CARTESIAN_POINT('',(98.5,48.799,17.1));
#2750=CARTESIAN_POINT('',(94.5,48.799,17.1));
#2751=CARTESIAN_POINT('Origin',(98.5,48.799,18.8));
#2752=CARTESIAN_POINT('Origin',(116.,48.799,34.3));
#2753=CARTESIAN_POINT('',(129.5,48.799,38.008099243548));
#2754=CARTESIAN_POINT('',(129.5,48.799,11.4));
#2755=CARTESIAN_POINT('',(129.5,48.799,30.591900756452));
#2756=CARTESIAN_POINT('Origin',(116.,48.799,34.3));
#2757=CARTESIAN_POINT('',(129.5,48.799,11.4));
#2758=CARTESIAN_POINT('Origin',(116.,48.799,34.3));
#2759=CARTESIAN_POINT('',(102.5,48.799,30.591900756452));
#2760=CARTESIAN_POINT('',(102.5,48.799,11.4));
#2761=CARTESIAN_POINT('',(102.5,48.799,38.008099243548));
#2762=CARTESIAN_POINT('Origin',(116.,48.799,34.3));
#2763=CARTESIAN_POINT('',(102.5,48.799,11.4));
#2764=CARTESIAN_POINT('',(98.5,48.799,51.5));
#2765=CARTESIAN_POINT('',(102.5,48.799,51.5));
#2766=CARTESIAN_POINT('',(94.5,48.799,51.5));
#2767=CARTESIAN_POINT('',(102.5,48.799,48.1));
#2768=CARTESIAN_POINT('Origin',(102.5,48.799,49.8));
#2769=CARTESIAN_POINT('',(98.5,48.799,48.1));
#2770=CARTESIAN_POINT('',(94.5,48.799,48.1));
#2771=CARTESIAN_POINT('Origin',(98.5,48.799,49.8));
#2772=CARTESIAN_POINT('',(129.5,48.799,20.5));
#2773=CARTESIAN_POINT('',(133.5,48.799,20.5));
#2774=CARTESIAN_POINT('',(110.,48.799,20.5));
#2775=CARTESIAN_POINT('',(133.5,48.799,17.1));
#2776=CARTESIAN_POINT('Origin',(133.5,48.799,18.8));
#2777=CARTESIAN_POINT('',(129.5,48.799,17.1));
#2778=CARTESIAN_POINT('',(110.,48.799,17.1));
#2779=CARTESIAN_POINT('Origin',(129.5,48.799,18.8));
#2780=CARTESIAN_POINT('',(129.5,48.799,51.5));
#2781=CARTESIAN_POINT('',(133.5,48.799,51.5));
#2782=CARTESIAN_POINT('',(110.,48.799,51.5));
#2783=CARTESIAN_POINT('',(133.5,48.799,48.1));
#2784=CARTESIAN_POINT('Origin',(133.5,48.799,49.8));
#2785=CARTESIAN_POINT('',(129.5,48.799,48.1));
#2786=CARTESIAN_POINT('',(110.,48.799,48.1));
#2787=CARTESIAN_POINT('Origin',(129.5,48.799,49.8));
#2788=CARTESIAN_POINT('Origin',(90.5,48.799,0.));
#2789=CARTESIAN_POINT('',(91.35,48.799,56.));
#2790=CARTESIAN_POINT('',(91.35,48.799,56.));
#2791=CARTESIAN_POINT('',(91.35,48.799,45.3));
#2792=CARTESIAN_POINT('',(91.35,48.799,0.));
#2793=CARTESIAN_POINT('',(92.406209742636,48.799,45.3));
#2794=CARTESIAN_POINT('',(45.25,48.799,45.3));
#2795=CARTESIAN_POINT('',(92.406209742636,48.799,23.3));
#2796=CARTESIAN_POINT('',(92.406209742636,48.799,23.3));
#2797=CARTESIAN_POINT('',(91.35,48.799,23.3));
#2798=CARTESIAN_POINT('',(45.25,48.799,23.3));
#2799=CARTESIAN_POINT('',(91.35,48.799,0.));
#2800=CARTESIAN_POINT('Origin',(90.5,48.799,0.));
#2801=CARTESIAN_POINT('',(90.5,48.799,23.3));
#2802=CARTESIAN_POINT('',(45.25,48.799,23.3));
#2803=CARTESIAN_POINT('',(90.5,48.799,0.));
#2804=CARTESIAN_POINT('Origin',(90.5,54.799,0.));
#2805=CARTESIAN_POINT('',(90.5,54.799,56.));
#2806=CARTESIAN_POINT('',(90.5,54.799,0.));
#2807=CARTESIAN_POINT('',(90.5,52.249401910453,23.3));
#2808=CARTESIAN_POINT('',(90.5,27.3995,23.3));
#2809=CARTESIAN_POINT('',(90.5,52.249401910453,45.3));
#2810=CARTESIAN_POINT('',(90.5,52.249401910453,23.3));
#2811=CARTESIAN_POINT('',(90.5,48.799,45.3));
#2812=CARTESIAN_POINT('',(90.5,27.3995,45.3));
#2813=CARTESIAN_POINT('',(90.5,48.799,56.));
#2814=CARTESIAN_POINT('',(90.5,48.799,0.));
#2815=CARTESIAN_POINT('',(90.5,54.799,56.));
#2816=CARTESIAN_POINT('Origin',(90.5,54.799,0.));
#2817=CARTESIAN_POINT('',(91.35,54.799,56.));
#2818=CARTESIAN_POINT('',(91.35,54.799,0.));
#2819=CARTESIAN_POINT('',(90.5,54.799,56.));
#2820=CARTESIAN_POINT('Origin',(91.35,92.,0.));
#2821=CARTESIAN_POINT('',(91.35,92.,30.));
#2822=CARTESIAN_POINT('',(91.35,92.,56.));
#2823=CARTESIAN_POINT('',(91.35,92.,0.));
#2824=CARTESIAN_POINT('',(91.35,89.,30.));
#2825=CARTESIAN_POINT('',(91.35,92.,30.));
#2826=CARTESIAN_POINT('',(91.35,89.,0.));
#2827=CARTESIAN_POINT('',(91.35,92.,56.));
#2828=CARTESIAN_POINT('Origin',(91.35,92.,0.));
#2829=CARTESIAN_POINT('',(91.35,92.,0.));
#2830=CARTESIAN_POINT('Origin',(0.,14.,0.));
#2831=CARTESIAN_POINT('',(141.,14.,0.));
#2832=CARTESIAN_POINT('Origin',(141.,92.,0.));
#2833=CARTESIAN_POINT('',(141.,48.799,0.));
#2834=CARTESIAN_POINT('Origin',(90.5,54.799,0.));
#2835=CARTESIAN_POINT('',(140.65,54.799,0.));
#2836=CARTESIAN_POINT('',(140.65,92.,0.));
#2837=CARTESIAN_POINT('',(141.,54.799,0.));
#2838=CARTESIAN_POINT('',(90.5,54.799,0.));
#2839=CARTESIAN_POINT('',(141.,54.799,0.));
#2840=CARTESIAN_POINT('Origin',(90.5,54.799,0.));
#2841=CARTESIAN_POINT('',(137.65,54.799,0.));
#2842=CARTESIAN_POINT('',(137.65,92.,0.));
#2843=CARTESIAN_POINT('',(90.5,54.799,0.));
#2844=CARTESIAN_POINT('Origin',(90.5,54.799,0.));
#2845=CARTESIAN_POINT('',(94.35,54.799,0.));
#2846=CARTESIAN_POINT('',(94.35,92.,0.));
#2847=CARTESIAN_POINT('',(90.5,54.799,0.));
#2848=CARTESIAN_POINT('Origin',(90.5,54.799,0.));
#2849=CARTESIAN_POINT('',(91.35,92.,0.));
#2850=CARTESIAN_POINT('',(90.5,54.799,0.));
#2851=CARTESIAN_POINT('Origin',(90.5,54.799,0.));
#2852=CARTESIAN_POINT('Origin',(0.,92.,0.));
#2853=CARTESIAN_POINT('',(94.35,89.,0.));
#2854=CARTESIAN_POINT('',(91.35,89.,0.));
#2855=CARTESIAN_POINT('',(94.35,92.,0.));
#2856=CARTESIAN_POINT('Origin',(0.,92.,0.));
#2857=CARTESIAN_POINT('',(94.35,92.,0.));
#2858=CARTESIAN_POINT('',(91.35,92.,0.));
#2859=CARTESIAN_POINT('',(94.35,92.,0.));
#2860=CARTESIAN_POINT('Origin',(0.,92.,0.));
#2861=CARTESIAN_POINT('',(0.,92.,10.));
#2862=CARTESIAN_POINT('',(94.35,92.,0.));
#2863=CARTESIAN_POINT('Origin',(141.,54.799,0.));
#2864=CARTESIAN_POINT('',(141.,54.799,10.));
#2865=CARTESIAN_POINT('',(141.,54.799,56.));
#2866=CARTESIAN_POINT('',(141.,54.799,0.));
#2867=CARTESIAN_POINT('',(141.,54.799,56.));
#2868=CARTESIAN_POINT('',(141.,92.,10.));
#2869=CARTESIAN_POINT('Origin',(90.5,54.799,56.));
#2870=CARTESIAN_POINT('',(140.65,54.799,56.));
#2871=CARTESIAN_POINT('',(90.5,54.799,56.));
#2872=CARTESIAN_POINT('',(140.65,92.,56.));
#2873=CARTESIAN_POINT('Origin',(90.5,54.799,56.));
#2874=CARTESIAN_POINT('',(137.65,54.799,56.));
#2875=CARTESIAN_POINT('',(90.5,54.799,56.));
#2876=CARTESIAN_POINT('',(137.65,92.,56.));
#2877=CARTESIAN_POINT('Origin',(90.5,54.799,56.));
#2878=CARTESIAN_POINT('',(94.35,54.799,56.));
#2879=CARTESIAN_POINT('',(90.5,54.799,56.));
#2880=CARTESIAN_POINT('',(94.35,92.,56.));
#2881=CARTESIAN_POINT('Origin',(98.5,55.799,20.5));
#2882=CARTESIAN_POINT('',(98.5,54.799,20.5));
#2883=CARTESIAN_POINT('',(98.5,55.799,20.5));
#2884=CARTESIAN_POINT('',(102.5,54.799,20.5));
#2885=CARTESIAN_POINT('',(94.5,54.799,20.5));
#2886=CARTESIAN_POINT('',(102.5,55.799,20.5));
#2887=CARTESIAN_POINT('Origin',(98.5,55.799,18.8));
#2888=CARTESIAN_POINT('',(98.5,54.799,17.1));
#2889=CARTESIAN_POINT('',(98.5,55.799,17.1));
#2890=CARTESIAN_POINT('Origin',(98.5,54.799,18.8));
#2891=CARTESIAN_POINT('Origin',(102.5,55.799,18.8));
#2892=CARTESIAN_POINT('',(102.5,54.799,17.1));
#2893=CARTESIAN_POINT('',(102.5,55.799,17.1));
#2894=CARTESIAN_POINT('Origin',(102.5,54.799,18.8));
#2895=CARTESIAN_POINT('Origin',(98.5,55.799,17.1));
#2896=CARTESIAN_POINT('',(94.5,54.799,17.1));
#2897=CARTESIAN_POINT('Origin',(116.,51.799,34.3));
#2898=CARTESIAN_POINT('Origin',(116.,54.799,34.3));
#2899=CARTESIAN_POINT('Origin',(129.5,55.799,22.8));
#2900=CARTESIAN_POINT('',(129.5,54.799,11.4));
#2901=CARTESIAN_POINT('',(129.5,51.799,30.591900756452));
#2902=CARTESIAN_POINT('',(129.5,51.799,30.591900756452));
#2903=CARTESIAN_POINT('',(129.5,51.799,38.008099243548));
#2904=CARTESIAN_POINT('',(129.5,51.799,28.55));
#2905=CARTESIAN_POINT('',(129.5,51.799,38.008099243548));
#2906=CARTESIAN_POINT('Origin',(116.,51.799,34.3));
#2907=CARTESIAN_POINT('Origin',(116.,51.799,34.3));
#2908=CARTESIAN_POINT('Origin',(116.,51.799,34.3));
#2909=CARTESIAN_POINT('Origin',(116.,54.799,34.3));
#2910=CARTESIAN_POINT('Origin',(102.5,55.799,22.8));
#2911=CARTESIAN_POINT('',(102.5,51.799,38.008099243548));
#2912=CARTESIAN_POINT('',(102.5,51.799,38.008099243548));
#2913=CARTESIAN_POINT('',(102.5,51.799,30.591900756452));
#2914=CARTESIAN_POINT('',(102.5,51.799,28.55));
#2915=CARTESIAN_POINT('',(102.5,51.799,30.591900756452));
#2916=CARTESIAN_POINT('',(102.5,54.799,11.4));
#2917=CARTESIAN_POINT('Origin',(116.,51.799,34.3));
#2918=CARTESIAN_POINT('Origin',(116.,51.799,34.3));
#2919=CARTESIAN_POINT('Origin',(98.5,55.799,51.5));
#2920=CARTESIAN_POINT('',(98.5,54.799,51.5));
#2921=CARTESIAN_POINT('',(98.5,55.799,51.5));
#2922=CARTESIAN_POINT('',(102.5,54.799,51.5));
#2923=CARTESIAN_POINT('',(94.5,54.799,51.5));
#2924=CARTESIAN_POINT('',(102.5,55.799,51.5));
#2925=CARTESIAN_POINT('Origin',(98.5,55.799,49.8));
#2926=CARTESIAN_POINT('',(98.5,54.799,48.1));
#2927=CARTESIAN_POINT('',(98.5,55.799,48.1));
#2928=CARTESIAN_POINT('Origin',(98.5,54.799,49.8));
#2929=CARTESIAN_POINT('Origin',(102.5,55.799,49.8));
#2930=CARTESIAN_POINT('',(102.5,54.799,48.1));
#2931=CARTESIAN_POINT('',(102.5,55.799,48.1));
#2932=CARTESIAN_POINT('Origin',(102.5,54.799,49.8));
#2933=CARTESIAN_POINT('Origin',(98.5,55.799,48.1));
#2934=CARTESIAN_POINT('',(94.5,54.799,48.1));
#2935=CARTESIAN_POINT('Origin',(129.5,55.799,20.5));
#2936=CARTESIAN_POINT('',(129.5,54.799,20.5));
#2937=CARTESIAN_POINT('',(129.5,55.799,20.5));
#2938=CARTESIAN_POINT('',(133.5,54.799,20.5));
#2939=CARTESIAN_POINT('',(110.,54.799,20.5));
#2940=CARTESIAN_POINT('',(133.5,55.799,20.5));
#2941=CARTESIAN_POINT('Origin',(129.5,55.799,18.8));
#2942=CARTESIAN_POINT('',(129.5,54.799,17.1));
#2943=CARTESIAN_POINT('',(129.5,55.799,17.1));
#2944=CARTESIAN_POINT('Origin',(129.5,54.799,18.8));
#2945=CARTESIAN_POINT('Origin',(133.5,55.799,18.8));
#2946=CARTESIAN_POINT('',(133.5,54.799,17.1));
#2947=CARTESIAN_POINT('',(133.5,55.799,17.1));
#2948=CARTESIAN_POINT('Origin',(133.5,54.799,18.8));
#2949=CARTESIAN_POINT('Origin',(129.5,55.799,17.1));
#2950=CARTESIAN_POINT('',(110.,54.799,17.1));
#2951=CARTESIAN_POINT('Origin',(129.5,55.799,51.5));
#2952=CARTESIAN_POINT('',(129.5,54.799,51.5));
#2953=CARTESIAN_POINT('',(129.5,55.799,51.5));
#2954=CARTESIAN_POINT('',(133.5,54.799,51.5));
#2955=CARTESIAN_POINT('',(110.,54.799,51.5));
#2956=CARTESIAN_POINT('',(133.5,55.799,51.5));
#2957=CARTESIAN_POINT('Origin',(129.5,55.799,49.8));
#2958=CARTESIAN_POINT('',(129.5,54.799,48.1));
#2959=CARTESIAN_POINT('',(129.5,55.799,48.1));
#2960=CARTESIAN_POINT('Origin',(129.5,54.799,49.8));
#2961=CARTESIAN_POINT('Origin',(133.5,55.799,49.8));
#2962=CARTESIAN_POINT('',(133.5,54.799,48.1));
#2963=CARTESIAN_POINT('',(133.5,55.799,48.1));
#2964=CARTESIAN_POINT('Origin',(133.5,54.799,49.8));
#2965=CARTESIAN_POINT('Origin',(129.5,55.799,48.1));
#2966=CARTESIAN_POINT('',(110.,54.799,48.1));
#2967=CARTESIAN_POINT('Origin',(90.5,54.799,56.));
#2968=CARTESIAN_POINT('',(90.5,54.799,56.));
#2969=CARTESIAN_POINT('',(91.35,92.,56.));
#2970=CARTESIAN_POINT('Origin',(90.5,48.799,0.));
#2971=CARTESIAN_POINT('',(90.5,48.799,56.));
#2972=CARTESIAN_POINT('',(45.25,48.799,45.3));
#2973=CARTESIAN_POINT('Origin',(0.,0.,45.3));
#2974=CARTESIAN_POINT('Origin',(0.,0.,45.3));
#2975=CARTESIAN_POINT('Origin',(0.,0.,23.3));
#2976=CARTESIAN_POINT('Origin',(0.,0.,23.3));
#2977=CARTESIAN_POINT('Origin',(0.,0.,23.3));
#2978=CARTESIAN_POINT('Origin',(90.5,54.799,56.));
#2979=CARTESIAN_POINT('Origin',(91.35,92.,0.));
#2980=CARTESIAN_POINT('',(94.35,92.,30.));
#2981=CARTESIAN_POINT('',(94.35,92.,56.));
#2982=CARTESIAN_POINT('',(94.35,92.,0.));
#2983=CARTESIAN_POINT('',(91.35,92.,30.));
#2984=CARTESIAN_POINT('',(91.35,92.,56.));
#2985=CARTESIAN_POINT('Origin',(91.35,92.,56.));
#2986=CARTESIAN_POINT('',(94.35,92.,56.));
#2987=CARTESIAN_POINT('Origin',(91.35,92.,0.));
#2988=CARTESIAN_POINT('',(94.35,92.,0.));
#2989=CARTESIAN_POINT('Origin',(141.,92.,0.));
#2990=CARTESIAN_POINT('',(141.,54.799,0.));
#2991=CARTESIAN_POINT('Origin',(0.,92.,0.));
#2992=CARTESIAN_POINT('',(140.65,92.,0.));
#2993=CARTESIAN_POINT('',(140.65,89.,0.));
#2994=CARTESIAN_POINT('',(140.65,92.,0.));
#2995=CARTESIAN_POINT('',(141.,92.,0.));
#2996=CARTESIAN_POINT('',(0.,92.,0.));
#2997=CARTESIAN_POINT('',(141.,92.,0.));
#2998=CARTESIAN_POINT('',(140.65,92.,0.));
#2999=CARTESIAN_POINT('Origin',(0.,92.,0.));
#3000=CARTESIAN_POINT('',(137.65,89.,0.));
#3001=CARTESIAN_POINT('',(137.65,92.,0.));
#3002=CARTESIAN_POINT('',(91.35,89.,0.));
#3003=CARTESIAN_POINT('Origin',(0.,92.,0.));
#3004=CARTESIAN_POINT('',(91.35,89.,0.));
#3005=CARTESIAN_POINT('Origin',(0.,92.,0.));
#3006=CARTESIAN_POINT('',(137.65,92.,0.));
#3007=CARTESIAN_POINT('',(0.,92.,0.));
#3008=CARTESIAN_POINT('',(137.65,92.,0.));
#3009=CARTESIAN_POINT('Origin',(0.,92.,0.));
#3010=CARTESIAN_POINT('',(106.,92.,9.));
#3011=CARTESIAN_POINT('',(106.,92.,4.5));
#3012=CARTESIAN_POINT('',(126.,92.,9.));
#3013=CARTESIAN_POINT('',(98.675,92.,9.));
#3014=CARTESIAN_POINT('',(126.,92.,4.5));
#3015=CARTESIAN_POINT('',(137.65,92.,0.));
#3016=CARTESIAN_POINT('Origin',(90.5,54.799,0.));
#3017=CARTESIAN_POINT('',(140.65,54.799,10.));
#3018=CARTESIAN_POINT('',(45.25,54.799,10.));
#3019=CARTESIAN_POINT('',(140.65,54.799,0.));
#3020=CARTESIAN_POINT('Origin',(137.65,92.,56.));
#3021=CARTESIAN_POINT('',(137.65,92.,56.));
#3022=CARTESIAN_POINT('',(137.65,92.,56.));
#3023=CARTESIAN_POINT('',(140.65,92.,56.));
#3024=CARTESIAN_POINT('',(140.65,92.,56.));
#3025=CARTESIAN_POINT('',(137.65,92.,56.));
#3026=CARTESIAN_POINT('Origin',(90.5,54.799,0.));
#3027=CARTESIAN_POINT('',(137.65,54.799,10.));
#3028=CARTESIAN_POINT('',(137.65,54.799,0.));
#3029=CARTESIAN_POINT('',(94.35,54.799,10.));
#3030=CARTESIAN_POINT('',(45.25,54.799,10.));
#3031=CARTESIAN_POINT('',(94.35,54.799,0.));
#3032=CARTESIAN_POINT('Origin',(116.,51.799,34.3));
#3033=CARTESIAN_POINT('Origin',(116.,51.799,34.3));
#3034=CARTESIAN_POINT('Origin',(94.35,92.,0.));
#3035=CARTESIAN_POINT('',(94.35,92.,10.));
#3036=CARTESIAN_POINT('Origin',(141.,92.,0.));
#3037=CARTESIAN_POINT('',(141.,92.,10.));
#3038=CARTESIAN_POINT('',(141.,92.,10.));
#3039=CARTESIAN_POINT('',(141.,92.,0.));
#3040=CARTESIAN_POINT('Origin',(0.,92.,0.));
#3041=CARTESIAN_POINT('',(137.65,92.,0.));
#3042=CARTESIAN_POINT('Origin',(0.,92.,0.));
#3043=CARTESIAN_POINT('',(140.65,92.,10.));
#3044=CARTESIAN_POINT('',(140.65,92.,0.));
#3045=CARTESIAN_POINT('',(0.,92.,10.));
#3046=CARTESIAN_POINT('Origin',(0.,92.,0.));
#3047=CARTESIAN_POINT('',(0.,92.,10.));
#3048=CARTESIAN_POINT('Origin',(0.,92.,0.));
#3049=CARTESIAN_POINT('',(0.,92.,10.));
#3050=CARTESIAN_POINT('Origin',(140.65,92.,0.));
#3051=CARTESIAN_POINT('',(140.65,92.,30.));
#3052=CARTESIAN_POINT('',(140.65,92.,0.));
#3053=CARTESIAN_POINT('',(140.65,89.,10.));
#3054=CARTESIAN_POINT('',(140.65,92.,10.));
#3055=CARTESIAN_POINT('',(140.65,89.,30.));
#3056=CARTESIAN_POINT('',(140.65,89.,0.));
#3057=CARTESIAN_POINT('',(140.65,92.,30.));
#3058=CARTESIAN_POINT('Origin',(0.,92.,10.));
#3059=CARTESIAN_POINT('',(140.65,92.,10.));
#3060=CARTESIAN_POINT('Origin',(137.65,92.,0.));
#3061=CARTESIAN_POINT('',(137.65,92.,30.));
#3062=CARTESIAN_POINT('',(137.65,92.,0.));
#3063=CARTESIAN_POINT('',(137.65,92.,0.));
#3064=CARTESIAN_POINT('',(137.65,89.,10.));
#3065=CARTESIAN_POINT('',(137.65,89.,0.));
#3066=CARTESIAN_POINT('',(137.65,92.,10.));
#3067=CARTESIAN_POINT('Origin',(137.65,92.,0.));
#3068=CARTESIAN_POINT('',(91.35,92.,30.));
#3069=CARTESIAN_POINT('Origin',(0.,92.,10.));
#3070=CARTESIAN_POINT('',(45.675,89.,10.));
#3071=CARTESIAN_POINT('',(96.,85.,10.));
#3072=CARTESIAN_POINT('',(96.,80.,10.));
#3073=CARTESIAN_POINT('',(96.,85.,10.));
#3074=CARTESIAN_POINT('',(136.,85.,10.));
#3075=CARTESIAN_POINT('',(96.,85.,10.));
#3076=CARTESIAN_POINT('',(136.,80.,10.));
#3077=CARTESIAN_POINT('',(136.,85.,10.));
#3078=CARTESIAN_POINT('',(96.,80.,10.));
#3079=CARTESIAN_POINT('',(96.,65.,10.));
#3080=CARTESIAN_POINT('',(96.,60.,10.));
#3081=CARTESIAN_POINT('',(96.,65.,10.));
#3082=CARTESIAN_POINT('',(136.,65.,10.));
#3083=CARTESIAN_POINT('',(96.,65.,10.));
#3084=CARTESIAN_POINT('',(136.,60.,10.));
#3085=CARTESIAN_POINT('',(136.,65.,10.));
#3086=CARTESIAN_POINT('',(96.,60.,10.));
#3087=CARTESIAN_POINT('Origin',(137.65,92.,0.));
#3088=CARTESIAN_POINT('',(140.65,92.,0.));
#3089=CARTESIAN_POINT('Origin',(140.65,92.,0.));
#3090=CARTESIAN_POINT('Origin',(91.35,89.,0.));
#3091=CARTESIAN_POINT('Origin',(96.,85.,10.));
#3092=CARTESIAN_POINT('',(96.,85.,13.15));
#3093=CARTESIAN_POINT('',(96.,85.,10.));
#3094=CARTESIAN_POINT('',(96.,80.,13.15));
#3095=CARTESIAN_POINT('',(96.,80.,10.));
#3096=CARTESIAN_POINT('',(96.,85.,13.15));
#3097=CARTESIAN_POINT('Origin',(96.,80.,10.));
#3098=CARTESIAN_POINT('',(136.,80.,13.15));
#3099=CARTESIAN_POINT('',(136.,80.,10.));
#3100=CARTESIAN_POINT('',(96.,80.,13.15));
#3101=CARTESIAN_POINT('Origin',(96.,85.,10.));
#3102=CARTESIAN_POINT('',(136.,85.,13.15));
#3103=CARTESIAN_POINT('',(96.,85.,13.15));
#3104=CARTESIAN_POINT('',(136.,85.,10.));
#3105=CARTESIAN_POINT('Origin',(136.,85.,10.));
#3106=CARTESIAN_POINT('',(136.,85.,13.15));
#3107=CARTESIAN_POINT('Origin',(96.,65.,10.));
#3108=CARTESIAN_POINT('',(96.,65.,13.15));
#3109=CARTESIAN_POINT('',(96.,65.,10.));
#3110=CARTESIAN_POINT('',(96.,60.,13.15));
#3111=CARTESIAN_POINT('',(96.,60.,10.));
#3112=CARTESIAN_POINT('',(96.,65.,13.15));
#3113=CARTESIAN_POINT('Origin',(96.,65.,10.));
#3114=CARTESIAN_POINT('',(136.,65.,13.15));
#3115=CARTESIAN_POINT('',(96.,65.,13.15));
#3116=CARTESIAN_POINT('',(136.,65.,10.));
#3117=CARTESIAN_POINT('Origin',(136.,65.,10.));
#3118=CARTESIAN_POINT('',(136.,60.,13.15));
#3119=CARTESIAN_POINT('',(136.,65.,13.15));
#3120=CARTESIAN_POINT('',(136.,60.,10.));
#3121=CARTESIAN_POINT('Origin',(96.,60.,10.));
#3122=CARTESIAN_POINT('',(96.,60.,13.15));
#3123=CARTESIAN_POINT('Origin',(96.,85.,13.15));
#3124=CARTESIAN_POINT('Origin',(96.,65.,13.15));
#3125=UNCERTAINTY_MEASURE_WITH_UNIT(LENGTH_MEASURE(0.01),#3129,
'DISTANCE_ACCURACY_VALUE',
'Maximum model space distance between geometric entities at asserted c
onnectivities');
#3126=UNCERTAINTY_MEASURE_WITH_UNIT(LENGTH_MEASURE(0.01),#3129,
'DISTANCE_ACCURACY_VALUE',
'Maximum model space distance between geometric entities at asserted c
onnectivities');
#3127=(
GEOMETRIC_REPRESENTATION_CONTEXT(3)
GLOBAL_UNCERTAINTY_ASSIGNED_CONTEXT((#3125))
GLOBAL_UNIT_ASSIGNED_CONTEXT((#3129,#3131,#3132))
REPRESENTATION_CONTEXT('','3D')
);
#3128=(
GEOMETRIC_REPRESENTATION_CONTEXT(3)
GLOBAL_UNCERTAINTY_ASSIGNED_CONTEXT((#3126))
GLOBAL_UNIT_ASSIGNED_CONTEXT((#3129,#3131,#3132))
REPRESENTATION_CONTEXT('','3D')
);
#3129=(
LENGTH_UNIT()
NAMED_UNIT(*)
SI_UNIT(.MILLI.,.METRE.)
);
#3130=(
LENGTH_UNIT()
NAMED_UNIT(*)
SI_UNIT($,.METRE.)
);
#3131=(
NAMED_UNIT(*)
PLANE_ANGLE_UNIT()
SI_UNIT($,.RADIAN.)
);
#3132=(
NAMED_UNIT(*)
SI_UNIT($,.STERADIAN.)
SOLID_ANGLE_UNIT()
);
#3133=SHAPE_DEFINITION_REPRESENTATION(#3134,#3135);
#3134=PRODUCT_DEFINITION_SHAPE('',$,#3137);
#3135=SHAPE_REPRESENTATION('',(#1945),#3127);
#3136=PRODUCT_DEFINITION_CONTEXT('part definition',#3141,'design');
#3137=PRODUCT_DEFINITION('2026-09-04-15-52-33-040','motor_arm',#3138,#3136);
#3138=PRODUCT_DEFINITION_FORMATION('',$,#3143);
#3139=PRODUCT_RELATED_PRODUCT_CATEGORY('motor_arm','motor_arm',(#3143));
#3140=APPLICATION_PROTOCOL_DEFINITION('international standard',
'automotive_design',2009,#3141);
#3141=APPLICATION_CONTEXT(
'Core Data for Automotive Mechanical Design Process');
#3142=PRODUCT_CONTEXT('part definition',#3141,'mechanical');
#3143=PRODUCT('2026-09-04-15-52-33-040','motor_arm',$,(#3142));
#3144=PRESENTATION_STYLE_ASSIGNMENT((#3146));
#3145=PRESENTATION_STYLE_ASSIGNMENT((#3147));
#3146=SURFACE_STYLE_USAGE(.BOTH.,#3148);
#3147=SURFACE_STYLE_USAGE(.BOTH.,#3149);
#3148=SURFACE_SIDE_STYLE('',(#3150));
#3149=SURFACE_SIDE_STYLE('',(#3151));
#3150=SURFACE_STYLE_FILL_AREA(#3152);
#3151=SURFACE_STYLE_FILL_AREA(#3153);
#3152=FILL_AREA_STYLE('Steel - Satin',(#3154));
#3153=FILL_AREA_STYLE('Opaque(74,122,181)',(#3155));
#3154=FILL_AREA_STYLE_COLOUR('Steel - Satin',#3156);
#3155=FILL_AREA_STYLE_COLOUR('Opaque(74,122,181)',#3157);
#3156=COLOUR_RGB('Steel - Satin',0.627450980392157,0.627450980392157,0.627450980392157);
#3157=COLOUR_RGB('Opaque(74,122,181)',0.290196078431373,0.47843137254902,
0.709803921568627);
ENDSEC;
END-ISO-10303-21;
