ISO-10303-21;
HEADER;
/* Generated by software containing ST-Developer
 * from STEP Tools, Inc. (www.steptools.com) 
 */

FILE_DESCRIPTION(
/* description */ (''),
/* implementation_level */ '2;1');

FILE_NAME(
/* name */ 'roller_cage.step',
/* time_stamp */ '2026-09-04T15:52:54-04:00',
/* author */ (''),
/* organization */ (''),
/* preprocessor_version */ 'ST-DEVELOPER v20.1',
/* originating_system */ 'Autodesk Translation Framework v15.8.0.0',
/* authorisation */ '');

FILE_SCHEMA (('AUTOMOTIVE_DESIGN { 1 0 10303 214 3 1 1 }'));
ENDSEC;

DATA;
#10=MECHANICAL_DESIGN_GEOMETRIC_PRESENTATION_REPRESENTATION('',(#13),#3389);
#11=SHAPE_REPRESENTATION_RELATIONSHIP('SRR','None',#3396,#12);
#12=ADVANCED_BREP_SHAPE_REPRESENTATION('',(#14),#3388);
#13=STYLED_ITEM('',(#3406),#14);
#14=MANIFOLD_SOLID_BREP('Body1',#2177);
#15=FACE_BOUND('',#265,.T.);
#16=FACE_BOUND('',#266,.T.);
#17=FACE_BOUND('',#267,.T.);
#18=FACE_BOUND('',#268,.T.);
#19=FACE_BOUND('',#269,.T.);
#20=FACE_BOUND('',#270,.T.);
#21=FACE_BOUND('',#271,.T.);
#22=FACE_BOUND('',#272,.T.);
#23=FACE_BOUND('',#273,.T.);
#24=FACE_BOUND('',#274,.T.);
#25=FACE_BOUND('',#275,.T.);
#26=FACE_BOUND('',#276,.T.);
#27=FACE_BOUND('',#277,.T.);
#28=FACE_BOUND('',#278,.T.);
#29=FACE_BOUND('',#279,.T.);
#30=FACE_BOUND('',#280,.T.);
#31=FACE_BOUND('',#281,.T.);
#32=FACE_BOUND('',#282,.T.);
#33=FACE_BOUND('',#283,.T.);
#34=FACE_BOUND('',#284,.T.);
#35=FACE_BOUND('',#285,.T.);
#36=FACE_BOUND('',#286,.T.);
#37=FACE_BOUND('',#287,.T.);
#38=FACE_BOUND('',#288,.T.);
#39=FACE_BOUND('',#289,.T.);
#40=FACE_BOUND('',#291,.T.);
#41=FACE_BOUND('',#292,.T.);
#42=FACE_BOUND('',#293,.T.);
#43=FACE_BOUND('',#294,.T.);
#44=FACE_BOUND('',#295,.T.);
#45=FACE_BOUND('',#296,.T.);
#46=FACE_BOUND('',#297,.T.);
#47=FACE_BOUND('',#298,.T.);
#48=FACE_BOUND('',#299,.T.);
#49=FACE_BOUND('',#300,.T.);
#50=FACE_BOUND('',#301,.T.);
#51=FACE_BOUND('',#302,.T.);
#52=FACE_BOUND('',#303,.T.);
#53=FACE_BOUND('',#304,.T.);
#54=FACE_BOUND('',#305,.T.);
#55=FACE_BOUND('',#306,.T.);
#56=FACE_BOUND('',#307,.T.);
#57=FACE_BOUND('',#308,.T.);
#58=FACE_BOUND('',#309,.T.);
#59=FACE_BOUND('',#310,.T.);
#60=FACE_BOUND('',#311,.T.);
#61=FACE_BOUND('',#312,.T.);
#62=FACE_BOUND('',#313,.T.);
#63=FACE_BOUND('',#314,.T.);
#64=FACE_BOUND('',#315,.T.);
#65=PLANE('',#2194);
#66=PLANE('',#2196);
#67=PLANE('',#2198);
#68=PLANE('',#2199);
#69=PLANE('',#2200);
#70=PLANE('',#2201);
#71=PLANE('',#2202);
#72=PLANE('',#2203);
#73=PLANE('',#2204);
#74=PLANE('',#2205);
#75=PLANE('',#2206);
#76=PLANE('',#2207);
#77=PLANE('',#2208);
#78=PLANE('',#2209);
#79=PLANE('',#2210);
#80=PLANE('',#2211);
#81=PLANE('',#2212);
#82=PLANE('',#2213);
#83=PLANE('',#2214);
#84=PLANE('',#2215);
#85=PLANE('',#2216);
#86=PLANE('',#2217);
#87=PLANE('',#2218);
#88=PLANE('',#2219);
#89=PLANE('',#2220);
#90=PLANE('',#2221);
#91=PLANE('',#2222);
#92=PLANE('',#2223);
#93=PLANE('',#2224);
#94=PLANE('',#2225);
#95=PLANE('',#2226);
#96=PLANE('',#2227);
#97=PLANE('',#2228);
#98=PLANE('',#2229);
#99=PLANE('',#2230);
#100=PLANE('',#2231);
#101=PLANE('',#2232);
#102=PLANE('',#2233);
#103=PLANE('',#2234);
#104=PLANE('',#2235);
#105=PLANE('',#2236);
#106=PLANE('',#2237);
#107=PLANE('',#2238);
#108=PLANE('',#2239);
#109=PLANE('',#2240);
#110=PLANE('',#2241);
#111=PLANE('',#2242);
#112=PLANE('',#2243);
#113=PLANE('',#2244);
#114=PLANE('',#2245);
#115=PLANE('',#2246);
#116=PLANE('',#2247);
#117=PLANE('',#2248);
#118=PLANE('',#2249);
#119=PLANE('',#2250);
#120=PLANE('',#2251);
#121=PLANE('',#2252);
#122=PLANE('',#2253);
#123=PLANE('',#2254);
#124=PLANE('',#2255);
#125=PLANE('',#2256);
#126=PLANE('',#2257);
#127=PLANE('',#2258);
#128=PLANE('',#2259);
#129=PLANE('',#2260);
#130=PLANE('',#2261);
#131=PLANE('',#2262);
#132=PLANE('',#2263);
#133=PLANE('',#2264);
#134=PLANE('',#2265);
#135=PLANE('',#2267);
#136=PLANE('',#2268);
#137=PLANE('',#2269);
#138=PLANE('',#2270);
#139=PLANE('',#2271);
#140=PLANE('',#2272);
#141=PLANE('',#2273);
#142=PLANE('',#2274);
#143=PLANE('',#2275);
#144=PLANE('',#2276);
#145=PLANE('',#2277);
#146=PLANE('',#2278);
#147=PLANE('',#2279);
#148=PLANE('',#2280);
#149=PLANE('',#2281);
#150=PLANE('',#2282);
#151=PLANE('',#2283);
#152=PLANE('',#2284);
#153=PLANE('',#2285);
#154=PLANE('',#2286);
#155=PLANE('',#2287);
#156=PLANE('',#2288);
#157=PLANE('',#2289);
#158=PLANE('',#2290);
#159=PLANE('',#2291);
#160=PLANE('',#2292);
#161=PLANE('',#2293);
#162=PLANE('',#2294);
#163=FACE_OUTER_BOUND('',#263,.T.);
#164=FACE_OUTER_BOUND('',#264,.T.);
#165=FACE_OUTER_BOUND('',#290,.T.);
#166=FACE_OUTER_BOUND('',#316,.T.);
#167=FACE_OUTER_BOUND('',#317,.T.);
#168=FACE_OUTER_BOUND('',#318,.T.);
#169=FACE_OUTER_BOUND('',#319,.T.);
#170=FACE_OUTER_BOUND('',#320,.T.);
#171=FACE_OUTER_BOUND('',#321,.T.);
#172=FACE_OUTER_BOUND('',#322,.T.);
#173=FACE_OUTER_BOUND('',#323,.T.);
#174=FACE_OUTER_BOUND('',#324,.T.);
#175=FACE_OUTER_BOUND('',#325,.T.);
#176=FACE_OUTER_BOUND('',#326,.T.);
#177=FACE_OUTER_BOUND('',#327,.T.);
#178=FACE_OUTER_BOUND('',#328,.T.);
#179=FACE_OUTER_BOUND('',#329,.T.);
#180=FACE_OUTER_BOUND('',#330,.T.);
#181=FACE_OUTER_BOUND('',#331,.T.);
#182=FACE_OUTER_BOUND('',#332,.T.);
#183=FACE_OUTER_BOUND('',#333,.T.);
#184=FACE_OUTER_BOUND('',#334,.T.);
#185=FACE_OUTER_BOUND('',#335,.T.);
#186=FACE_OUTER_BOUND('',#336,.T.);
#187=FACE_OUTER_BOUND('',#337,.T.);
#188=FACE_OUTER_BOUND('',#338,.T.);
#189=FACE_OUTER_BOUND('',#339,.T.);
#190=FACE_OUTER_BOUND('',#340,.T.);
#191=FACE_OUTER_BOUND('',#341,.T.);
#192=FACE_OUTER_BOUND('',#342,.T.);
#193=FACE_OUTER_BOUND('',#343,.T.);
#194=FACE_OUTER_BOUND('',#344,.T.);
#195=FACE_OUTER_BOUND('',#345,.T.);
#196=FACE_OUTER_BOUND('',#346,.T.);
#197=FACE_OUTER_BOUND('',#347,.T.);
#198=FACE_OUTER_BOUND('',#348,.T.);
#199=FACE_OUTER_BOUND('',#349,.T.);
#200=FACE_OUTER_BOUND('',#350,.T.);
#201=FACE_OUTER_BOUND('',#351,.T.);
#202=FACE_OUTER_BOUND('',#352,.T.);
#203=FACE_OUTER_BOUND('',#353,.T.);
#204=FACE_OUTER_BOUND('',#354,.T.);
#205=FACE_OUTER_BOUND('',#355,.T.);
#206=FACE_OUTER_BOUND('',#356,.T.);
#207=FACE_OUTER_BOUND('',#357,.T.);
#208=FACE_OUTER_BOUND('',#358,.T.);
#209=FACE_OUTER_BOUND('',#359,.T.);
#210=FACE_OUTER_BOUND('',#360,.T.);
#211=FACE_OUTER_BOUND('',#361,.T.);
#212=FACE_OUTER_BOUND('',#362,.T.);
#213=FACE_OUTER_BOUND('',#363,.T.);
#214=FACE_OUTER_BOUND('',#364,.T.);
#215=FACE_OUTER_BOUND('',#365,.T.);
#216=FACE_OUTER_BOUND('',#366,.T.);
#217=FACE_OUTER_BOUND('',#367,.T.);
#218=FACE_OUTER_BOUND('',#368,.T.);
#219=FACE_OUTER_BOUND('',#369,.T.);
#220=FACE_OUTER_BOUND('',#370,.T.);
#221=FACE_OUTER_BOUND('',#371,.T.);
#222=FACE_OUTER_BOUND('',#372,.T.);
#223=FACE_OUTER_BOUND('',#373,.T.);
#224=FACE_OUTER_BOUND('',#374,.T.);
#225=FACE_OUTER_BOUND('',#375,.T.);
#226=FACE_OUTER_BOUND('',#376,.T.);
#227=FACE_OUTER_BOUND('',#377,.T.);
#228=FACE_OUTER_BOUND('',#378,.T.);
#229=FACE_OUTER_BOUND('',#379,.T.);
#230=FACE_OUTER_BOUND('',#380,.T.);
#231=FACE_OUTER_BOUND('',#381,.T.);
#232=FACE_OUTER_BOUND('',#382,.T.);
#233=FACE_OUTER_BOUND('',#383,.T.);
#234=FACE_OUTER_BOUND('',#384,.T.);
#235=FACE_OUTER_BOUND('',#385,.T.);
#236=FACE_OUTER_BOUND('',#386,.T.);
#237=FACE_OUTER_BOUND('',#387,.T.);
#238=FACE_OUTER_BOUND('',#388,.T.);
#239=FACE_OUTER_BOUND('',#389,.T.);
#240=FACE_OUTER_BOUND('',#390,.T.);
#241=FACE_OUTER_BOUND('',#391,.T.);
#242=FACE_OUTER_BOUND('',#392,.T.);
#243=FACE_OUTER_BOUND('',#393,.T.);
#244=FACE_OUTER_BOUND('',#394,.T.);
#245=FACE_OUTER_BOUND('',#395,.T.);
#246=FACE_OUTER_BOUND('',#396,.T.);
#247=FACE_OUTER_BOUND('',#397,.T.);
#248=FACE_OUTER_BOUND('',#398,.T.);
#249=FACE_OUTER_BOUND('',#399,.T.);
#250=FACE_OUTER_BOUND('',#400,.T.);
#251=FACE_OUTER_BOUND('',#401,.T.);
#252=FACE_OUTER_BOUND('',#402,.T.);
#253=FACE_OUTER_BOUND('',#403,.T.);
#254=FACE_OUTER_BOUND('',#404,.T.);
#255=FACE_OUTER_BOUND('',#405,.T.);
#256=FACE_OUTER_BOUND('',#406,.T.);
#257=FACE_OUTER_BOUND('',#407,.T.);
#258=FACE_OUTER_BOUND('',#408,.T.);
#259=FACE_OUTER_BOUND('',#409,.T.);
#260=FACE_OUTER_BOUND('',#410,.T.);
#261=FACE_OUTER_BOUND('',#411,.T.);
#262=FACE_OUTER_BOUND('',#412,.T.);
#263=EDGE_LOOP('',(#1487,#1488,#1489,#1490));
#264=EDGE_LOOP('',(#1491));
#265=EDGE_LOOP('',(#1492,#1493,#1494,#1495));
#266=EDGE_LOOP('',(#1496,#1497,#1498,#1499));
#267=EDGE_LOOP('',(#1500,#1501,#1502,#1503));
#268=EDGE_LOOP('',(#1504,#1505,#1506,#1507));
#269=EDGE_LOOP('',(#1508,#1509,#1510,#1511));
#270=EDGE_LOOP('',(#1512,#1513,#1514,#1515));
#271=EDGE_LOOP('',(#1516,#1517,#1518,#1519));
#272=EDGE_LOOP('',(#1520,#1521,#1522,#1523));
#273=EDGE_LOOP('',(#1524,#1525,#1526,#1527));
#274=EDGE_LOOP('',(#1528,#1529,#1530,#1531));
#275=EDGE_LOOP('',(#1532,#1533,#1534,#1535));
#276=EDGE_LOOP('',(#1536,#1537,#1538,#1539));
#277=EDGE_LOOP('',(#1540,#1541,#1542,#1543));
#278=EDGE_LOOP('',(#1544,#1545,#1546,#1547));
#279=EDGE_LOOP('',(#1548,#1549,#1550,#1551));
#280=EDGE_LOOP('',(#1552,#1553,#1554,#1555));
#281=EDGE_LOOP('',(#1556,#1557,#1558,#1559));
#282=EDGE_LOOP('',(#1560));
#283=EDGE_LOOP('',(#1561,#1562,#1563,#1564));
#284=EDGE_LOOP('',(#1565,#1566,#1567,#1568));
#285=EDGE_LOOP('',(#1569,#1570,#1571,#1572));
#286=EDGE_LOOP('',(#1573,#1574,#1575,#1576));
#287=EDGE_LOOP('',(#1577,#1578,#1579,#1580));
#288=EDGE_LOOP('',(#1581,#1582,#1583,#1584));
#289=EDGE_LOOP('',(#1585,#1586,#1587,#1588));
#290=EDGE_LOOP('',(#1589));
#291=EDGE_LOOP('',(#1590,#1591,#1592,#1593));
#292=EDGE_LOOP('',(#1594,#1595,#1596,#1597));
#293=EDGE_LOOP('',(#1598,#1599,#1600,#1601));
#294=EDGE_LOOP('',(#1602,#1603,#1604,#1605));
#295=EDGE_LOOP('',(#1606,#1607,#1608,#1609));
#296=EDGE_LOOP('',(#1610,#1611,#1612,#1613));
#297=EDGE_LOOP('',(#1614,#1615,#1616,#1617));
#298=EDGE_LOOP('',(#1618,#1619,#1620,#1621));
#299=EDGE_LOOP('',(#1622,#1623,#1624,#1625));
#300=EDGE_LOOP('',(#1626,#1627,#1628,#1629));
#301=EDGE_LOOP('',(#1630,#1631,#1632,#1633));
#302=EDGE_LOOP('',(#1634,#1635,#1636,#1637));
#303=EDGE_LOOP('',(#1638,#1639,#1640,#1641));
#304=EDGE_LOOP('',(#1642,#1643,#1644,#1645));
#305=EDGE_LOOP('',(#1646,#1647,#1648,#1649));
#306=EDGE_LOOP('',(#1650,#1651,#1652,#1653));
#307=EDGE_LOOP('',(#1654,#1655,#1656,#1657));
#308=EDGE_LOOP('',(#1658));
#309=EDGE_LOOP('',(#1659,#1660,#1661,#1662));
#310=EDGE_LOOP('',(#1663,#1664,#1665,#1666));
#311=EDGE_LOOP('',(#1667,#1668,#1669,#1670));
#312=EDGE_LOOP('',(#1671,#1672,#1673,#1674));
#313=EDGE_LOOP('',(#1675,#1676,#1677,#1678));
#314=EDGE_LOOP('',(#1679,#1680,#1681,#1682));
#315=EDGE_LOOP('',(#1683,#1684,#1685,#1686));
#316=EDGE_LOOP('',(#1687,#1688,#1689,#1690));
#317=EDGE_LOOP('',(#1691,#1692,#1693,#1694));
#318=EDGE_LOOP('',(#1695,#1696,#1697,#1698));
#319=EDGE_LOOP('',(#1699,#1700,#1701,#1702));
#320=EDGE_LOOP('',(#1703,#1704,#1705,#1706));
#321=EDGE_LOOP('',(#1707,#1708,#1709,#1710));
#322=EDGE_LOOP('',(#1711,#1712,#1713,#1714));
#323=EDGE_LOOP('',(#1715,#1716,#1717,#1718));
#324=EDGE_LOOP('',(#1719,#1720,#1721,#1722));
#325=EDGE_LOOP('',(#1723,#1724,#1725,#1726));
#326=EDGE_LOOP('',(#1727,#1728,#1729,#1730));
#327=EDGE_LOOP('',(#1731,#1732,#1733,#1734));
#328=EDGE_LOOP('',(#1735,#1736,#1737,#1738));
#329=EDGE_LOOP('',(#1739,#1740,#1741,#1742));
#330=EDGE_LOOP('',(#1743,#1744,#1745,#1746));
#331=EDGE_LOOP('',(#1747,#1748,#1749,#1750));
#332=EDGE_LOOP('',(#1751,#1752,#1753,#1754));
#333=EDGE_LOOP('',(#1755,#1756,#1757,#1758));
#334=EDGE_LOOP('',(#1759,#1760,#1761,#1762));
#335=EDGE_LOOP('',(#1763,#1764,#1765,#1766));
#336=EDGE_LOOP('',(#1767,#1768,#1769,#1770));
#337=EDGE_LOOP('',(#1771,#1772,#1773,#1774));
#338=EDGE_LOOP('',(#1775,#1776,#1777,#1778));
#339=EDGE_LOOP('',(#1779,#1780,#1781,#1782));
#340=EDGE_LOOP('',(#1783,#1784,#1785,#1786));
#341=EDGE_LOOP('',(#1787,#1788,#1789,#1790));
#342=EDGE_LOOP('',(#1791,#1792,#1793,#1794));
#343=EDGE_LOOP('',(#1795,#1796,#1797,#1798));
#344=EDGE_LOOP('',(#1799,#1800,#1801,#1802));
#345=EDGE_LOOP('',(#1803,#1804,#1805,#1806));
#346=EDGE_LOOP('',(#1807,#1808,#1809,#1810));
#347=EDGE_LOOP('',(#1811,#1812,#1813,#1814));
#348=EDGE_LOOP('',(#1815,#1816,#1817,#1818));
#349=EDGE_LOOP('',(#1819,#1820,#1821,#1822));
#350=EDGE_LOOP('',(#1823,#1824,#1825,#1826));
#351=EDGE_LOOP('',(#1827,#1828,#1829,#1830));
#352=EDGE_LOOP('',(#1831,#1832,#1833,#1834));
#353=EDGE_LOOP('',(#1835,#1836,#1837,#1838));
#354=EDGE_LOOP('',(#1839,#1840,#1841,#1842));
#355=EDGE_LOOP('',(#1843,#1844,#1845,#1846));
#356=EDGE_LOOP('',(#1847,#1848,#1849,#1850));
#357=EDGE_LOOP('',(#1851,#1852,#1853,#1854));
#358=EDGE_LOOP('',(#1855,#1856,#1857,#1858));
#359=EDGE_LOOP('',(#1859,#1860,#1861,#1862));
#360=EDGE_LOOP('',(#1863,#1864,#1865,#1866));
#361=EDGE_LOOP('',(#1867,#1868,#1869,#1870));
#362=EDGE_LOOP('',(#1871,#1872,#1873,#1874));
#363=EDGE_LOOP('',(#1875,#1876,#1877,#1878));
#364=EDGE_LOOP('',(#1879,#1880,#1881,#1882));
#365=EDGE_LOOP('',(#1883,#1884,#1885,#1886));
#366=EDGE_LOOP('',(#1887,#1888,#1889,#1890));
#367=EDGE_LOOP('',(#1891,#1892,#1893,#1894));
#368=EDGE_LOOP('',(#1895,#1896,#1897,#1898));
#369=EDGE_LOOP('',(#1899,#1900,#1901,#1902));
#370=EDGE_LOOP('',(#1903,#1904,#1905,#1906));
#371=EDGE_LOOP('',(#1907,#1908,#1909,#1910));
#372=EDGE_LOOP('',(#1911,#1912,#1913,#1914));
#373=EDGE_LOOP('',(#1915,#1916,#1917,#1918));
#374=EDGE_LOOP('',(#1919,#1920,#1921,#1922));
#375=EDGE_LOOP('',(#1923,#1924,#1925,#1926));
#376=EDGE_LOOP('',(#1927,#1928,#1929,#1930));
#377=EDGE_LOOP('',(#1931,#1932,#1933,#1934));
#378=EDGE_LOOP('',(#1935,#1936,#1937,#1938));
#379=EDGE_LOOP('',(#1939,#1940,#1941,#1942));
#380=EDGE_LOOP('',(#1943,#1944,#1945,#1946));
#381=EDGE_LOOP('',(#1947,#1948,#1949,#1950));
#382=EDGE_LOOP('',(#1951,#1952,#1953,#1954));
#383=EDGE_LOOP('',(#1955,#1956,#1957,#1958));
#384=EDGE_LOOP('',(#1959,#1960,#1961,#1962));
#385=EDGE_LOOP('',(#1963,#1964,#1965,#1966));
#386=EDGE_LOOP('',(#1967,#1968,#1969,#1970));
#387=EDGE_LOOP('',(#1971,#1972,#1973,#1974));
#388=EDGE_LOOP('',(#1975,#1976,#1977,#1978));
#389=EDGE_LOOP('',(#1979,#1980,#1981,#1982));
#390=EDGE_LOOP('',(#1983,#1984,#1985,#1986));
#391=EDGE_LOOP('',(#1987,#1988,#1989,#1990));
#392=EDGE_LOOP('',(#1991,#1992,#1993,#1994));
#393=EDGE_LOOP('',(#1995,#1996,#1997,#1998));
#394=EDGE_LOOP('',(#1999,#2000,#2001,#2002));
#395=EDGE_LOOP('',(#2003,#2004,#2005,#2006));
#396=EDGE_LOOP('',(#2007,#2008,#2009,#2010));
#397=EDGE_LOOP('',(#2011,#2012,#2013,#2014));
#398=EDGE_LOOP('',(#2015,#2016,#2017,#2018));
#399=EDGE_LOOP('',(#2019,#2020,#2021,#2022));
#400=EDGE_LOOP('',(#2023,#2024,#2025,#2026));
#401=EDGE_LOOP('',(#2027,#2028,#2029,#2030));
#402=EDGE_LOOP('',(#2031,#2032,#2033,#2034));
#403=EDGE_LOOP('',(#2035,#2036,#2037,#2038));
#404=EDGE_LOOP('',(#2039,#2040,#2041,#2042));
#405=EDGE_LOOP('',(#2043,#2044,#2045,#2046));
#406=EDGE_LOOP('',(#2047,#2048,#2049,#2050));
#407=EDGE_LOOP('',(#2051,#2052,#2053,#2054));
#408=EDGE_LOOP('',(#2055,#2056,#2057,#2058));
#409=EDGE_LOOP('',(#2059,#2060,#2061,#2062));
#410=EDGE_LOOP('',(#2063,#2064,#2065,#2066));
#411=EDGE_LOOP('',(#2067,#2068,#2069,#2070));
#412=EDGE_LOOP('',(#2071,#2072,#2073,#2074));
#413=LINE('',#2800,#703);
#414=LINE('',#2805,#704);
#415=LINE('',#2807,#705);
#416=LINE('',#2809,#706);
#417=LINE('',#2810,#707);
#418=LINE('',#2813,#708);
#419=LINE('',#2815,#709);
#420=LINE('',#2817,#710);
#421=LINE('',#2818,#711);
#422=LINE('',#2821,#712);
#423=LINE('',#2823,#713);
#424=LINE('',#2825,#714);
#425=LINE('',#2826,#715);
#426=LINE('',#2829,#716);
#427=LINE('',#2831,#717);
#428=LINE('',#2833,#718);
#429=LINE('',#2834,#719);
#430=LINE('',#2837,#720);
#431=LINE('',#2839,#721);
#432=LINE('',#2841,#722);
#433=LINE('',#2842,#723);
#434=LINE('',#2845,#724);
#435=LINE('',#2847,#725);
#436=LINE('',#2849,#726);
#437=LINE('',#2850,#727);
#438=LINE('',#2853,#728);
#439=LINE('',#2855,#729);
#440=LINE('',#2857,#730);
#441=LINE('',#2858,#731);
#442=LINE('',#2861,#732);
#443=LINE('',#2863,#733);
#444=LINE('',#2865,#734);
#445=LINE('',#2866,#735);
#446=LINE('',#2869,#736);
#447=LINE('',#2871,#737);
#448=LINE('',#2873,#738);
#449=LINE('',#2874,#739);
#450=LINE('',#2877,#740);
#451=LINE('',#2879,#741);
#452=LINE('',#2881,#742);
#453=LINE('',#2882,#743);
#454=LINE('',#2885,#744);
#455=LINE('',#2887,#745);
#456=LINE('',#2889,#746);
#457=LINE('',#2890,#747);
#458=LINE('',#2893,#748);
#459=LINE('',#2895,#749);
#460=LINE('',#2897,#750);
#461=LINE('',#2898,#751);
#462=LINE('',#2901,#752);
#463=LINE('',#2903,#753);
#464=LINE('',#2905,#754);
#465=LINE('',#2906,#755);
#466=LINE('',#2909,#756);
#467=LINE('',#2911,#757);
#468=LINE('',#2913,#758);
#469=LINE('',#2914,#759);
#470=LINE('',#2917,#760);
#471=LINE('',#2919,#761);
#472=LINE('',#2921,#762);
#473=LINE('',#2922,#763);
#474=LINE('',#2925,#764);
#475=LINE('',#2927,#765);
#476=LINE('',#2929,#766);
#477=LINE('',#2930,#767);
#478=LINE('',#2933,#768);
#479=LINE('',#2935,#769);
#480=LINE('',#2937,#770);
#481=LINE('',#2938,#771);
#482=LINE('',#2943,#772);
#483=LINE('',#2945,#773);
#484=LINE('',#2947,#774);
#485=LINE('',#2948,#775);
#486=LINE('',#2951,#776);
#487=LINE('',#2953,#777);
#488=LINE('',#2955,#778);
#489=LINE('',#2956,#779);
#490=LINE('',#2959,#780);
#491=LINE('',#2961,#781);
#492=LINE('',#2963,#782);
#493=LINE('',#2964,#783);
#494=LINE('',#2967,#784);
#495=LINE('',#2969,#785);
#496=LINE('',#2971,#786);
#497=LINE('',#2972,#787);
#498=LINE('',#2975,#788);
#499=LINE('',#2977,#789);
#500=LINE('',#2979,#790);
#501=LINE('',#2980,#791);
#502=LINE('',#2983,#792);
#503=LINE('',#2985,#793);
#504=LINE('',#2987,#794);
#505=LINE('',#2988,#795);
#506=LINE('',#2991,#796);
#507=LINE('',#2993,#797);
#508=LINE('',#2995,#798);
#509=LINE('',#2996,#799);
#510=LINE('',#3000,#800);
#511=LINE('',#3002,#801);
#512=LINE('',#3004,#802);
#513=LINE('',#3005,#803);
#514=LINE('',#3008,#804);
#515=LINE('',#3010,#805);
#516=LINE('',#3012,#806);
#517=LINE('',#3013,#807);
#518=LINE('',#3016,#808);
#519=LINE('',#3018,#809);
#520=LINE('',#3020,#810);
#521=LINE('',#3021,#811);
#522=LINE('',#3024,#812);
#523=LINE('',#3026,#813);
#524=LINE('',#3028,#814);
#525=LINE('',#3029,#815);
#526=LINE('',#3032,#816);
#527=LINE('',#3034,#817);
#528=LINE('',#3036,#818);
#529=LINE('',#3037,#819);
#530=LINE('',#3040,#820);
#531=LINE('',#3042,#821);
#532=LINE('',#3044,#822);
#533=LINE('',#3045,#823);
#534=LINE('',#3048,#824);
#535=LINE('',#3050,#825);
#536=LINE('',#3052,#826);
#537=LINE('',#3053,#827);
#538=LINE('',#3056,#828);
#539=LINE('',#3058,#829);
#540=LINE('',#3060,#830);
#541=LINE('',#3061,#831);
#542=LINE('',#3064,#832);
#543=LINE('',#3066,#833);
#544=LINE('',#3068,#834);
#545=LINE('',#3069,#835);
#546=LINE('',#3072,#836);
#547=LINE('',#3074,#837);
#548=LINE('',#3076,#838);
#549=LINE('',#3077,#839);
#550=LINE('',#3080,#840);
#551=LINE('',#3082,#841);
#552=LINE('',#3084,#842);
#553=LINE('',#3085,#843);
#554=LINE('',#3088,#844);
#555=LINE('',#3090,#845);
#556=LINE('',#3092,#846);
#557=LINE('',#3093,#847);
#558=LINE('',#3096,#848);
#559=LINE('',#3098,#849);
#560=LINE('',#3100,#850);
#561=LINE('',#3101,#851);
#562=LINE('',#3104,#852);
#563=LINE('',#3106,#853);
#564=LINE('',#3108,#854);
#565=LINE('',#3109,#855);
#566=LINE('',#3112,#856);
#567=LINE('',#3114,#857);
#568=LINE('',#3116,#858);
#569=LINE('',#3117,#859);
#570=LINE('',#3120,#860);
#571=LINE('',#3122,#861);
#572=LINE('',#3124,#862);
#573=LINE('',#3125,#863);
#574=LINE('',#3128,#864);
#575=LINE('',#3130,#865);
#576=LINE('',#3132,#866);
#577=LINE('',#3133,#867);
#578=LINE('',#3138,#868);
#579=LINE('',#3140,#869);
#580=LINE('',#3142,#870);
#581=LINE('',#3143,#871);
#582=LINE('',#3146,#872);
#583=LINE('',#3148,#873);
#584=LINE('',#3150,#874);
#585=LINE('',#3151,#875);
#586=LINE('',#3154,#876);
#587=LINE('',#3156,#877);
#588=LINE('',#3158,#878);
#589=LINE('',#3159,#879);
#590=LINE('',#3162,#880);
#591=LINE('',#3164,#881);
#592=LINE('',#3166,#882);
#593=LINE('',#3167,#883);
#594=LINE('',#3170,#884);
#595=LINE('',#3172,#885);
#596=LINE('',#3174,#886);
#597=LINE('',#3175,#887);
#598=LINE('',#3178,#888);
#599=LINE('',#3180,#889);
#600=LINE('',#3182,#890);
#601=LINE('',#3183,#891);
#602=LINE('',#3186,#892);
#603=LINE('',#3188,#893);
#604=LINE('',#3190,#894);
#605=LINE('',#3191,#895);
#606=LINE('',#3193,#896);
#607=LINE('',#3194,#897);
#608=LINE('',#3196,#898);
#609=LINE('',#3198,#899);
#610=LINE('',#3201,#900);
#611=LINE('',#3202,#901);
#612=LINE('',#3204,#902);
#613=LINE('',#3206,#903);
#614=LINE('',#3209,#904);
#615=LINE('',#3210,#905);
#616=LINE('',#3212,#906);
#617=LINE('',#3214,#907);
#618=LINE('',#3217,#908);
#619=LINE('',#3218,#909);
#620=LINE('',#3220,#910);
#621=LINE('',#3222,#911);
#622=LINE('',#3225,#912);
#623=LINE('',#3226,#913);
#624=LINE('',#3228,#914);
#625=LINE('',#3230,#915);
#626=LINE('',#3233,#916);
#627=LINE('',#3234,#917);
#628=LINE('',#3236,#918);
#629=LINE('',#3238,#919);
#630=LINE('',#3241,#920);
#631=LINE('',#3242,#921);
#632=LINE('',#3244,#922);
#633=LINE('',#3246,#923);
#634=LINE('',#3249,#924);
#635=LINE('',#3250,#925);
#636=LINE('',#3252,#926);
#637=LINE('',#3254,#927);
#638=LINE('',#3257,#928);
#639=LINE('',#3258,#929);
#640=LINE('',#3260,#930);
#641=LINE('',#3262,#931);
#642=LINE('',#3265,#932);
#643=LINE('',#3266,#933);
#644=LINE('',#3268,#934);
#645=LINE('',#3270,#935);
#646=LINE('',#3273,#936);
#647=LINE('',#3274,#937);
#648=LINE('',#3276,#938);
#649=LINE('',#3278,#939);
#650=LINE('',#3281,#940);
#651=LINE('',#3282,#941);
#652=LINE('',#3284,#942);
#653=LINE('',#3286,#943);
#654=LINE('',#3289,#944);
#655=LINE('',#3290,#945);
#656=LINE('',#3292,#946);
#657=LINE('',#3294,#947);
#658=LINE('',#3297,#948);
#659=LINE('',#3298,#949);
#660=LINE('',#3300,#950);
#661=LINE('',#3302,#951);
#662=LINE('',#3305,#952);
#663=LINE('',#3306,#953);
#664=LINE('',#3308,#954);
#665=LINE('',#3310,#955);
#666=LINE('',#3313,#956);
#667=LINE('',#3314,#957);
#668=LINE('',#3316,#958);
#669=LINE('',#3318,#959);
#670=LINE('',#3321,#960);
#671=LINE('',#3322,#961);
#672=LINE('',#3324,#962);
#673=LINE('',#3326,#963);
#674=LINE('',#3329,#964);
#675=LINE('',#3331,#965);
#676=LINE('',#3332,#966);
#677=LINE('',#3334,#967);
#678=LINE('',#3336,#968);
#679=LINE('',#3339,#969);
#680=LINE('',#3340,#970);
#681=LINE('',#3342,#971);
#682=LINE('',#3344,#972);
#683=LINE('',#3347,#973);
#684=LINE('',#3348,#974);
#685=LINE('',#3350,#975);
#686=LINE('',#3352,#976);
#687=LINE('',#3355,#977);
#688=LINE('',#3356,#978);
#689=LINE('',#3358,#979);
#690=LINE('',#3360,#980);
#691=LINE('',#3363,#981);
#692=LINE('',#3364,#982);
#693=LINE('',#3366,#983);
#694=LINE('',#3368,#984);
#695=LINE('',#3371,#985);
#696=LINE('',#3372,#986);
#697=LINE('',#3374,#987);
#698=LINE('',#3376,#988);
#699=LINE('',#3379,#989);
#700=LINE('',#3380,#990);
#701=LINE('',#3382,#991);
#702=LINE('',#3384,#992);
#703=VECTOR('',#2301,69.);
#704=VECTOR('',#2306,1.00000000000064);
#705=VECTOR('',#2307,1.00000000000064);
#706=VECTOR('',#2308,1.00000000000064);
#707=VECTOR('',#2309,1.00000000000064);
#708=VECTOR('',#2310,0.99999999999962);
#709=VECTOR('',#2311,0.99999999999962);
#710=VECTOR('',#2312,0.99999999999962);
#711=VECTOR('',#2313,0.99999999999962);
#712=VECTOR('',#2314,1.00000000000006);
#713=VECTOR('',#2315,1.00000000000006);
#714=VECTOR('',#2316,1.00000000000006);
#715=VECTOR('',#2317,1.00000000000006);
#716=VECTOR('',#2318,1.);
#717=VECTOR('',#2319,1.);
#718=VECTOR('',#2320,1.);
#719=VECTOR('',#2321,1.);
#720=VECTOR('',#2322,0.99999999999962);
#721=VECTOR('',#2323,0.99999999999962);
#722=VECTOR('',#2324,0.99999999999962);
#723=VECTOR('',#2325,0.99999999999962);
#724=VECTOR('',#2326,1.00000000000006);
#725=VECTOR('',#2327,1.00000000000006);
#726=VECTOR('',#2328,1.00000000000006);
#727=VECTOR('',#2329,1.00000000000006);
#728=VECTOR('',#2330,1.00000000000006);
#729=VECTOR('',#2331,1.00000000000006);
#730=VECTOR('',#2332,1.00000000000006);
#731=VECTOR('',#2333,1.00000000000006);
#732=VECTOR('',#2334,0.99999999999962);
#733=VECTOR('',#2335,0.99999999999962);
#734=VECTOR('',#2336,0.99999999999962);
#735=VECTOR('',#2337,0.99999999999962);
#736=VECTOR('',#2338,1.00000000000064);
#737=VECTOR('',#2339,1.00000000000064);
#738=VECTOR('',#2340,1.00000000000064);
#739=VECTOR('',#2341,1.00000000000064);
#740=VECTOR('',#2342,0.99999999999962);
#741=VECTOR('',#2343,0.99999999999962);
#742=VECTOR('',#2344,0.99999999999962);
#743=VECTOR('',#2345,0.99999999999962);
#744=VECTOR('',#2346,1.00000000000006);
#745=VECTOR('',#2347,1.00000000000006);
#746=VECTOR('',#2348,1.00000000000006);
#747=VECTOR('',#2349,1.00000000000006);
#748=VECTOR('',#2350,1.);
#749=VECTOR('',#2351,1.);
#750=VECTOR('',#2352,1.);
#751=VECTOR('',#2353,1.);
#752=VECTOR('',#2354,1.00000000000006);
#753=VECTOR('',#2355,1.00000000000006);
#754=VECTOR('',#2356,1.00000000000006);
#755=VECTOR('',#2357,1.00000000000006);
#756=VECTOR('',#2358,0.99999999999962);
#757=VECTOR('',#2359,0.99999999999962);
#758=VECTOR('',#2360,0.99999999999962);
#759=VECTOR('',#2361,0.99999999999962);
#760=VECTOR('',#2362,1.00000000000064);
#761=VECTOR('',#2363,1.00000000000064);
#762=VECTOR('',#2364,1.00000000000064);
#763=VECTOR('',#2365,1.00000000000064);
#764=VECTOR('',#2366,0.99999999999962);
#765=VECTOR('',#2367,0.99999999999962);
#766=VECTOR('',#2368,0.99999999999962);
#767=VECTOR('',#2369,0.99999999999962);
#768=VECTOR('',#2370,1.00000000000006);
#769=VECTOR('',#2371,1.00000000000006);
#770=VECTOR('',#2372,1.00000000000006);
#771=VECTOR('',#2373,1.00000000000006);
#772=VECTOR('',#2376,1.);
#773=VECTOR('',#2377,1.);
#774=VECTOR('',#2378,1.);
#775=VECTOR('',#2379,1.);
#776=VECTOR('',#2380,1.00000000000006);
#777=VECTOR('',#2381,1.00000000000006);
#778=VECTOR('',#2382,1.00000000000006);
#779=VECTOR('',#2383,1.00000000000006);
#780=VECTOR('',#2384,0.99999999999962);
#781=VECTOR('',#2385,0.99999999999962);
#782=VECTOR('',#2386,0.99999999999962);
#783=VECTOR('',#2387,0.99999999999962);
#784=VECTOR('',#2388,1.);
#785=VECTOR('',#2389,1.);
#786=VECTOR('',#2390,1.);
#787=VECTOR('',#2391,1.);
#788=VECTOR('',#2392,1.00000000000006);
#789=VECTOR('',#2393,1.00000000000006);
#790=VECTOR('',#2394,1.00000000000006);
#791=VECTOR('',#2395,1.00000000000006);
#792=VECTOR('',#2396,0.99999999999962);
#793=VECTOR('',#2397,0.99999999999962);
#794=VECTOR('',#2398,0.99999999999962);
#795=VECTOR('',#2399,0.99999999999962);
#796=VECTOR('',#2400,1.00000000000064);
#797=VECTOR('',#2401,1.00000000000064);
#798=VECTOR('',#2402,1.00000000000064);
#799=VECTOR('',#2403,1.00000000000064);
#800=VECTOR('',#2406,1.00000000000064);
#801=VECTOR('',#2407,1.00000000000064);
#802=VECTOR('',#2408,1.00000000000064);
#803=VECTOR('',#2409,1.00000000000064);
#804=VECTOR('',#2410,0.99999999999962);
#805=VECTOR('',#2411,0.99999999999962);
#806=VECTOR('',#2412,0.99999999999962);
#807=VECTOR('',#2413,0.99999999999962);
#808=VECTOR('',#2414,1.00000000000006);
#809=VECTOR('',#2415,1.00000000000006);
#810=VECTOR('',#2416,1.00000000000006);
#811=VECTOR('',#2417,1.00000000000006);
#812=VECTOR('',#2418,1.);
#813=VECTOR('',#2419,1.);
#814=VECTOR('',#2420,1.);
#815=VECTOR('',#2421,1.);
#816=VECTOR('',#2422,0.99999999999962);
#817=VECTOR('',#2423,0.99999999999962);
#818=VECTOR('',#2424,0.99999999999962);
#819=VECTOR('',#2425,0.99999999999962);
#820=VECTOR('',#2426,1.00000000000006);
#821=VECTOR('',#2427,1.00000000000006);
#822=VECTOR('',#2428,1.00000000000006);
#823=VECTOR('',#2429,1.00000000000006);
#824=VECTOR('',#2430,1.00000000000006);
#825=VECTOR('',#2431,1.00000000000006);
#826=VECTOR('',#2432,1.00000000000006);
#827=VECTOR('',#2433,1.00000000000006);
#828=VECTOR('',#2434,0.99999999999962);
#829=VECTOR('',#2435,0.99999999999962);
#830=VECTOR('',#2436,0.99999999999962);
#831=VECTOR('',#2437,0.99999999999962);
#832=VECTOR('',#2438,1.00000000000064);
#833=VECTOR('',#2439,1.00000000000064);
#834=VECTOR('',#2440,1.00000000000064);
#835=VECTOR('',#2441,1.00000000000064);
#836=VECTOR('',#2442,0.99999999999962);
#837=VECTOR('',#2443,0.99999999999962);
#838=VECTOR('',#2444,0.99999999999962);
#839=VECTOR('',#2445,0.99999999999962);
#840=VECTOR('',#2446,1.00000000000006);
#841=VECTOR('',#2447,1.00000000000006);
#842=VECTOR('',#2448,1.00000000000006);
#843=VECTOR('',#2449,1.00000000000006);
#844=VECTOR('',#2450,1.);
#845=VECTOR('',#2451,1.);
#846=VECTOR('',#2452,1.);
#847=VECTOR('',#2453,1.);
#848=VECTOR('',#2454,1.00000000000006);
#849=VECTOR('',#2455,1.00000000000006);
#850=VECTOR('',#2456,1.00000000000006);
#851=VECTOR('',#2457,1.00000000000006);
#852=VECTOR('',#2458,0.99999999999962);
#853=VECTOR('',#2459,0.99999999999962);
#854=VECTOR('',#2460,0.99999999999962);
#855=VECTOR('',#2461,0.99999999999962);
#856=VECTOR('',#2462,1.00000000000064);
#857=VECTOR('',#2463,1.00000000000064);
#858=VECTOR('',#2464,1.00000000000064);
#859=VECTOR('',#2465,1.00000000000064);
#860=VECTOR('',#2466,0.99999999999962);
#861=VECTOR('',#2467,0.99999999999962);
#862=VECTOR('',#2468,0.99999999999962);
#863=VECTOR('',#2469,0.99999999999962);
#864=VECTOR('',#2470,1.00000000000006);
#865=VECTOR('',#2471,1.00000000000006);
#866=VECTOR('',#2472,1.00000000000006);
#867=VECTOR('',#2473,1.00000000000006);
#868=VECTOR('',#2476,1.);
#869=VECTOR('',#2477,1.);
#870=VECTOR('',#2478,1.);
#871=VECTOR('',#2479,1.);
#872=VECTOR('',#2480,1.00000000000006);
#873=VECTOR('',#2481,1.00000000000006);
#874=VECTOR('',#2482,1.00000000000006);
#875=VECTOR('',#2483,1.00000000000006);
#876=VECTOR('',#2484,0.99999999999962);
#877=VECTOR('',#2485,0.99999999999962);
#878=VECTOR('',#2486,0.99999999999962);
#879=VECTOR('',#2487,0.99999999999962);
#880=VECTOR('',#2488,1.);
#881=VECTOR('',#2489,1.);
#882=VECTOR('',#2490,1.);
#883=VECTOR('',#2491,1.);
#884=VECTOR('',#2492,1.00000000000006);
#885=VECTOR('',#2493,1.00000000000006);
#886=VECTOR('',#2494,1.00000000000006);
#887=VECTOR('',#2495,1.00000000000006);
#888=VECTOR('',#2496,0.99999999999962);
#889=VECTOR('',#2497,0.99999999999962);
#890=VECTOR('',#2498,0.99999999999962);
#891=VECTOR('',#2499,0.99999999999962);
#892=VECTOR('',#2500,1.00000000000064);
#893=VECTOR('',#2501,1.00000000000064);
#894=VECTOR('',#2502,1.00000000000064);
#895=VECTOR('',#2503,1.00000000000064);
#896=VECTOR('',#2506,1.);
#897=VECTOR('',#2507,1.);
#898=VECTOR('',#2510,1.);
#899=VECTOR('',#2513,1.);
#900=VECTOR('',#2518,1.);
#901=VECTOR('',#2519,1.);
#902=VECTOR('',#2522,1.);
#903=VECTOR('',#2525,1.);
#904=VECTOR('',#2530,1.);
#905=VECTOR('',#2531,1.);
#906=VECTOR('',#2534,1.);
#907=VECTOR('',#2537,1.);
#908=VECTOR('',#2542,1.);
#909=VECTOR('',#2543,1.);
#910=VECTOR('',#2546,1.);
#911=VECTOR('',#2549,1.);
#912=VECTOR('',#2554,1.);
#913=VECTOR('',#2555,1.);
#914=VECTOR('',#2558,1.);
#915=VECTOR('',#2561,1.);
#916=VECTOR('',#2566,1.);
#917=VECTOR('',#2567,1.);
#918=VECTOR('',#2570,1.);
#919=VECTOR('',#2573,1.);
#920=VECTOR('',#2578,1.);
#921=VECTOR('',#2579,1.);
#922=VECTOR('',#2582,1.);
#923=VECTOR('',#2585,1.);
#924=VECTOR('',#2590,1.);
#925=VECTOR('',#2591,1.);
#926=VECTOR('',#2594,1.);
#927=VECTOR('',#2597,1.);
#928=VECTOR('',#2602,1.);
#929=VECTOR('',#2603,1.);
#930=VECTOR('',#2606,1.);
#931=VECTOR('',#2609,1.);
#932=VECTOR('',#2614,1.);
#933=VECTOR('',#2615,1.);
#934=VECTOR('',#2618,1.);
#935=VECTOR('',#2621,1.);
#936=VECTOR('',#2626,1.);
#937=VECTOR('',#2627,1.);
#938=VECTOR('',#2630,1.);
#939=VECTOR('',#2633,1.);
#940=VECTOR('',#2638,1.);
#941=VECTOR('',#2639,1.);
#942=VECTOR('',#2642,1.);
#943=VECTOR('',#2645,1.);
#944=VECTOR('',#2650,1.);
#945=VECTOR('',#2651,1.);
#946=VECTOR('',#2654,1.);
#947=VECTOR('',#2657,1.);
#948=VECTOR('',#2662,1.);
#949=VECTOR('',#2663,1.);
#950=VECTOR('',#2666,1.);
#951=VECTOR('',#2669,1.);
#952=VECTOR('',#2674,1.);
#953=VECTOR('',#2675,1.);
#954=VECTOR('',#2678,1.);
#955=VECTOR('',#2681,1.);
#956=VECTOR('',#2686,1.);
#957=VECTOR('',#2687,1.);
#958=VECTOR('',#2690,1.);
#959=VECTOR('',#2693,1.);
#960=VECTOR('',#2698,1.);
#961=VECTOR('',#2699,1.);
#962=VECTOR('',#2702,1.);
#963=VECTOR('',#2705,1.);
#964=VECTOR('',#2710,51.);
#965=VECTOR('',#2713,1.);
#966=VECTOR('',#2714,1.);
#967=VECTOR('',#2717,1.);
#968=VECTOR('',#2720,1.);
#969=VECTOR('',#2725,1.);
#970=VECTOR('',#2726,1.);
#971=VECTOR('',#2729,1.);
#972=VECTOR('',#2732,1.);
#973=VECTOR('',#2737,1.);
#974=VECTOR('',#2738,1.);
#975=VECTOR('',#2741,1.);
#976=VECTOR('',#2744,1.);
#977=VECTOR('',#2749,1.);
#978=VECTOR('',#2750,1.);
#979=VECTOR('',#2753,1.);
#980=VECTOR('',#2756,1.);
#981=VECTOR('',#2761,1.);
#982=VECTOR('',#2762,1.);
#983=VECTOR('',#2765,1.);
#984=VECTOR('',#2768,1.);
#985=VECTOR('',#2773,1.);
#986=VECTOR('',#2774,1.);
#987=VECTOR('',#2777,1.);
#988=VECTOR('',#2780,1.);
#989=VECTOR('',#2785,1.);
#990=VECTOR('',#2786,1.);
#991=VECTOR('',#2789,1.);
#992=VECTOR('',#2792,1.);
#993=CIRCLE('',#2192,69.);
#994=CIRCLE('',#2193,69.);
#995=CIRCLE('',#2195,51.);
#996=CIRCLE('',#2197,51.);
#997=VERTEX_POINT('',#2797);
#998=VERTEX_POINT('',#2799);
#999=VERTEX_POINT('',#2803);
#1000=VERTEX_POINT('',#2804);
#1001=VERTEX_POINT('',#2806);
#1002=VERTEX_POINT('',#2808);
#1003=VERTEX_POINT('',#2811);
#1004=VERTEX_POINT('',#2812);
#1005=VERTEX_POINT('',#2814);
#1006=VERTEX_POINT('',#2816);
#1007=VERTEX_POINT('',#2819);
#1008=VERTEX_POINT('',#2820);
#1009=VERTEX_POINT('',#2822);
#1010=VERTEX_POINT('',#2824);
#1011=VERTEX_POINT('',#2827);
#1012=VERTEX_POINT('',#2828);
#1013=VERTEX_POINT('',#2830);
#1014=VERTEX_POINT('',#2832);
#1015=VERTEX_POINT('',#2835);
#1016=VERTEX_POINT('',#2836);
#1017=VERTEX_POINT('',#2838);
#1018=VERTEX_POINT('',#2840);
#1019=VERTEX_POINT('',#2843);
#1020=VERTEX_POINT('',#2844);
#1021=VERTEX_POINT('',#2846);
#1022=VERTEX_POINT('',#2848);
#1023=VERTEX_POINT('',#2851);
#1024=VERTEX_POINT('',#2852);
#1025=VERTEX_POINT('',#2854);
#1026=VERTEX_POINT('',#2856);
#1027=VERTEX_POINT('',#2859);
#1028=VERTEX_POINT('',#2860);
#1029=VERTEX_POINT('',#2862);
#1030=VERTEX_POINT('',#2864);
#1031=VERTEX_POINT('',#2867);
#1032=VERTEX_POINT('',#2868);
#1033=VERTEX_POINT('',#2870);
#1034=VERTEX_POINT('',#2872);
#1035=VERTEX_POINT('',#2875);
#1036=VERTEX_POINT('',#2876);
#1037=VERTEX_POINT('',#2878);
#1038=VERTEX_POINT('',#2880);
#1039=VERTEX_POINT('',#2883);
#1040=VERTEX_POINT('',#2884);
#1041=VERTEX_POINT('',#2886);
#1042=VERTEX_POINT('',#2888);
#1043=VERTEX_POINT('',#2891);
#1044=VERTEX_POINT('',#2892);
#1045=VERTEX_POINT('',#2894);
#1046=VERTEX_POINT('',#2896);
#1047=VERTEX_POINT('',#2899);
#1048=VERTEX_POINT('',#2900);
#1049=VERTEX_POINT('',#2902);
#1050=VERTEX_POINT('',#2904);
#1051=VERTEX_POINT('',#2907);
#1052=VERTEX_POINT('',#2908);
#1053=VERTEX_POINT('',#2910);
#1054=VERTEX_POINT('',#2912);
#1055=VERTEX_POINT('',#2915);
#1056=VERTEX_POINT('',#2916);
#1057=VERTEX_POINT('',#2918);
#1058=VERTEX_POINT('',#2920);
#1059=VERTEX_POINT('',#2923);
#1060=VERTEX_POINT('',#2924);
#1061=VERTEX_POINT('',#2926);
#1062=VERTEX_POINT('',#2928);
#1063=VERTEX_POINT('',#2931);
#1064=VERTEX_POINT('',#2932);
#1065=VERTEX_POINT('',#2934);
#1066=VERTEX_POINT('',#2936);
#1067=VERTEX_POINT('',#2939);
#1068=VERTEX_POINT('',#2941);
#1069=VERTEX_POINT('',#2942);
#1070=VERTEX_POINT('',#2944);
#1071=VERTEX_POINT('',#2946);
#1072=VERTEX_POINT('',#2949);
#1073=VERTEX_POINT('',#2950);
#1074=VERTEX_POINT('',#2952);
#1075=VERTEX_POINT('',#2954);
#1076=VERTEX_POINT('',#2957);
#1077=VERTEX_POINT('',#2958);
#1078=VERTEX_POINT('',#2960);
#1079=VERTEX_POINT('',#2962);
#1080=VERTEX_POINT('',#2965);
#1081=VERTEX_POINT('',#2966);
#1082=VERTEX_POINT('',#2968);
#1083=VERTEX_POINT('',#2970);
#1084=VERTEX_POINT('',#2973);
#1085=VERTEX_POINT('',#2974);
#1086=VERTEX_POINT('',#2976);
#1087=VERTEX_POINT('',#2978);
#1088=VERTEX_POINT('',#2981);
#1089=VERTEX_POINT('',#2982);
#1090=VERTEX_POINT('',#2984);
#1091=VERTEX_POINT('',#2986);
#1092=VERTEX_POINT('',#2989);
#1093=VERTEX_POINT('',#2990);
#1094=VERTEX_POINT('',#2992);
#1095=VERTEX_POINT('',#2994);
#1096=VERTEX_POINT('',#2998);
#1097=VERTEX_POINT('',#2999);
#1098=VERTEX_POINT('',#3001);
#1099=VERTEX_POINT('',#3003);
#1100=VERTEX_POINT('',#3006);
#1101=VERTEX_POINT('',#3007);
#1102=VERTEX_POINT('',#3009);
#1103=VERTEX_POINT('',#3011);
#1104=VERTEX_POINT('',#3014);
#1105=VERTEX_POINT('',#3015);
#1106=VERTEX_POINT('',#3017);
#1107=VERTEX_POINT('',#3019);
#1108=VERTEX_POINT('',#3022);
#1109=VERTEX_POINT('',#3023);
#1110=VERTEX_POINT('',#3025);
#1111=VERTEX_POINT('',#3027);
#1112=VERTEX_POINT('',#3030);
#1113=VERTEX_POINT('',#3031);
#1114=VERTEX_POINT('',#3033);
#1115=VERTEX_POINT('',#3035);
#1116=VERTEX_POINT('',#3038);
#1117=VERTEX_POINT('',#3039);
#1118=VERTEX_POINT('',#3041);
#1119=VERTEX_POINT('',#3043);
#1120=VERTEX_POINT('',#3046);
#1121=VERTEX_POINT('',#3047);
#1122=VERTEX_POINT('',#3049);
#1123=VERTEX_POINT('',#3051);
#1124=VERTEX_POINT('',#3054);
#1125=VERTEX_POINT('',#3055);
#1126=VERTEX_POINT('',#3057);
#1127=VERTEX_POINT('',#3059);
#1128=VERTEX_POINT('',#3062);
#1129=VERTEX_POINT('',#3063);
#1130=VERTEX_POINT('',#3065);
#1131=VERTEX_POINT('',#3067);
#1132=VERTEX_POINT('',#3070);
#1133=VERTEX_POINT('',#3071);
#1134=VERTEX_POINT('',#3073);
#1135=VERTEX_POINT('',#3075);
#1136=VERTEX_POINT('',#3078);
#1137=VERTEX_POINT('',#3079);
#1138=VERTEX_POINT('',#3081);
#1139=VERTEX_POINT('',#3083);
#1140=VERTEX_POINT('',#3086);
#1141=VERTEX_POINT('',#3087);
#1142=VERTEX_POINT('',#3089);
#1143=VERTEX_POINT('',#3091);
#1144=VERTEX_POINT('',#3094);
#1145=VERTEX_POINT('',#3095);
#1146=VERTEX_POINT('',#3097);
#1147=VERTEX_POINT('',#3099);
#1148=VERTEX_POINT('',#3102);
#1149=VERTEX_POINT('',#3103);
#1150=VERTEX_POINT('',#3105);
#1151=VERTEX_POINT('',#3107);
#1152=VERTEX_POINT('',#3110);
#1153=VERTEX_POINT('',#3111);
#1154=VERTEX_POINT('',#3113);
#1155=VERTEX_POINT('',#3115);
#1156=VERTEX_POINT('',#3118);
#1157=VERTEX_POINT('',#3119);
#1158=VERTEX_POINT('',#3121);
#1159=VERTEX_POINT('',#3123);
#1160=VERTEX_POINT('',#3126);
#1161=VERTEX_POINT('',#3127);
#1162=VERTEX_POINT('',#3129);
#1163=VERTEX_POINT('',#3131);
#1164=VERTEX_POINT('',#3134);
#1165=VERTEX_POINT('',#3136);
#1166=VERTEX_POINT('',#3137);
#1167=VERTEX_POINT('',#3139);
#1168=VERTEX_POINT('',#3141);
#1169=VERTEX_POINT('',#3144);
#1170=VERTEX_POINT('',#3145);
#1171=VERTEX_POINT('',#3147);
#1172=VERTEX_POINT('',#3149);
#1173=VERTEX_POINT('',#3152);
#1174=VERTEX_POINT('',#3153);
#1175=VERTEX_POINT('',#3155);
#1176=VERTEX_POINT('',#3157);
#1177=VERTEX_POINT('',#3160);
#1178=VERTEX_POINT('',#3161);
#1179=VERTEX_POINT('',#3163);
#1180=VERTEX_POINT('',#3165);
#1181=VERTEX_POINT('',#3168);
#1182=VERTEX_POINT('',#3169);
#1183=VERTEX_POINT('',#3171);
#1184=VERTEX_POINT('',#3173);
#1185=VERTEX_POINT('',#3176);
#1186=VERTEX_POINT('',#3177);
#1187=VERTEX_POINT('',#3179);
#1188=VERTEX_POINT('',#3181);
#1189=VERTEX_POINT('',#3184);
#1190=VERTEX_POINT('',#3185);
#1191=VERTEX_POINT('',#3187);
#1192=VERTEX_POINT('',#3189);
#1193=EDGE_CURVE('',#997,#997,#993,.T.);
#1194=EDGE_CURVE('',#997,#998,#413,.T.);
#1195=EDGE_CURVE('',#998,#998,#994,.T.);
#1196=EDGE_CURVE('',#999,#1000,#414,.T.);
#1197=EDGE_CURVE('',#1000,#1001,#415,.T.);
#1198=EDGE_CURVE('',#1002,#1001,#416,.T.);
#1199=EDGE_CURVE('',#999,#1002,#417,.T.);
#1200=EDGE_CURVE('',#1003,#1004,#418,.T.);
#1201=EDGE_CURVE('',#1004,#1005,#419,.T.);
#1202=EDGE_CURVE('',#1006,#1005,#420,.T.);
#1203=EDGE_CURVE('',#1003,#1006,#421,.T.);
#1204=EDGE_CURVE('',#1007,#1008,#422,.T.);
#1205=EDGE_CURVE('',#1008,#1009,#423,.T.);
#1206=EDGE_CURVE('',#1010,#1009,#424,.T.);
#1207=EDGE_CURVE('',#1007,#1010,#425,.T.);
#1208=EDGE_CURVE('',#1011,#1012,#426,.T.);
#1209=EDGE_CURVE('',#1012,#1013,#427,.T.);
#1210=EDGE_CURVE('',#1014,#1013,#428,.T.);
#1211=EDGE_CURVE('',#1011,#1014,#429,.T.);
#1212=EDGE_CURVE('',#1015,#1016,#430,.T.);
#1213=EDGE_CURVE('',#1016,#1017,#431,.T.);
#1214=EDGE_CURVE('',#1018,#1017,#432,.T.);
#1215=EDGE_CURVE('',#1015,#1018,#433,.T.);
#1216=EDGE_CURVE('',#1019,#1020,#434,.T.);
#1217=EDGE_CURVE('',#1020,#1021,#435,.T.);
#1218=EDGE_CURVE('',#1022,#1021,#436,.T.);
#1219=EDGE_CURVE('',#1019,#1022,#437,.T.);
#1220=EDGE_CURVE('',#1023,#1024,#438,.T.);
#1221=EDGE_CURVE('',#1024,#1025,#439,.T.);
#1222=EDGE_CURVE('',#1026,#1025,#440,.T.);
#1223=EDGE_CURVE('',#1023,#1026,#441,.T.);
#1224=EDGE_CURVE('',#1027,#1028,#442,.T.);
#1225=EDGE_CURVE('',#1028,#1029,#443,.T.);
#1226=EDGE_CURVE('',#1030,#1029,#444,.T.);
#1227=EDGE_CURVE('',#1027,#1030,#445,.T.);
#1228=EDGE_CURVE('',#1031,#1032,#446,.T.);
#1229=EDGE_CURVE('',#1032,#1033,#447,.T.);
#1230=EDGE_CURVE('',#1034,#1033,#448,.T.);
#1231=EDGE_CURVE('',#1031,#1034,#449,.T.);
#1232=EDGE_CURVE('',#1035,#1036,#450,.T.);
#1233=EDGE_CURVE('',#1036,#1037,#451,.T.);
#1234=EDGE_CURVE('',#1038,#1037,#452,.T.);
#1235=EDGE_CURVE('',#1035,#1038,#453,.T.);
#1236=EDGE_CURVE('',#1039,#1040,#454,.T.);
#1237=EDGE_CURVE('',#1040,#1041,#455,.T.);
#1238=EDGE_CURVE('',#1042,#1041,#456,.T.);
#1239=EDGE_CURVE('',#1039,#1042,#457,.T.);
#1240=EDGE_CURVE('',#1043,#1044,#458,.T.);
#1241=EDGE_CURVE('',#1044,#1045,#459,.T.);
#1242=EDGE_CURVE('',#1046,#1045,#460,.T.);
#1243=EDGE_CURVE('',#1043,#1046,#461,.T.);
#1244=EDGE_CURVE('',#1047,#1048,#462,.T.);
#1245=EDGE_CURVE('',#1048,#1049,#463,.T.);
#1246=EDGE_CURVE('',#1050,#1049,#464,.T.);
#1247=EDGE_CURVE('',#1047,#1050,#465,.T.);
#1248=EDGE_CURVE('',#1051,#1052,#466,.T.);
#1249=EDGE_CURVE('',#1052,#1053,#467,.T.);
#1250=EDGE_CURVE('',#1054,#1053,#468,.T.);
#1251=EDGE_CURVE('',#1051,#1054,#469,.T.);
#1252=EDGE_CURVE('',#1055,#1056,#470,.T.);
#1253=EDGE_CURVE('',#1056,#1057,#471,.T.);
#1254=EDGE_CURVE('',#1058,#1057,#472,.T.);
#1255=EDGE_CURVE('',#1055,#1058,#473,.T.);
#1256=EDGE_CURVE('',#1059,#1060,#474,.T.);
#1257=EDGE_CURVE('',#1060,#1061,#475,.T.);
#1258=EDGE_CURVE('',#1062,#1061,#476,.T.);
#1259=EDGE_CURVE('',#1059,#1062,#477,.T.);
#1260=EDGE_CURVE('',#1063,#1064,#478,.T.);
#1261=EDGE_CURVE('',#1064,#1065,#479,.T.);
#1262=EDGE_CURVE('',#1066,#1065,#480,.T.);
#1263=EDGE_CURVE('',#1063,#1066,#481,.T.);
#1264=EDGE_CURVE('',#1067,#1067,#995,.T.);
#1265=EDGE_CURVE('',#1068,#1069,#482,.T.);
#1266=EDGE_CURVE('',#1069,#1070,#483,.T.);
#1267=EDGE_CURVE('',#1071,#1070,#484,.T.);
#1268=EDGE_CURVE('',#1068,#1071,#485,.T.);
#1269=EDGE_CURVE('',#1072,#1073,#486,.T.);
#1270=EDGE_CURVE('',#1073,#1074,#487,.T.);
#1271=EDGE_CURVE('',#1075,#1074,#488,.T.);
#1272=EDGE_CURVE('',#1072,#1075,#489,.T.);
#1273=EDGE_CURVE('',#1076,#1077,#490,.T.);
#1274=EDGE_CURVE('',#1077,#1078,#491,.T.);
#1275=EDGE_CURVE('',#1079,#1078,#492,.T.);
#1276=EDGE_CURVE('',#1076,#1079,#493,.T.);
#1277=EDGE_CURVE('',#1080,#1081,#494,.T.);
#1278=EDGE_CURVE('',#1081,#1082,#495,.T.);
#1279=EDGE_CURVE('',#1083,#1082,#496,.T.);
#1280=EDGE_CURVE('',#1080,#1083,#497,.T.);
#1281=EDGE_CURVE('',#1084,#1085,#498,.T.);
#1282=EDGE_CURVE('',#1085,#1086,#499,.T.);
#1283=EDGE_CURVE('',#1087,#1086,#500,.T.);
#1284=EDGE_CURVE('',#1084,#1087,#501,.T.);
#1285=EDGE_CURVE('',#1088,#1089,#502,.T.);
#1286=EDGE_CURVE('',#1089,#1090,#503,.T.);
#1287=EDGE_CURVE('',#1091,#1090,#504,.T.);
#1288=EDGE_CURVE('',#1088,#1091,#505,.T.);
#1289=EDGE_CURVE('',#1092,#1093,#506,.T.);
#1290=EDGE_CURVE('',#1093,#1094,#507,.T.);
#1291=EDGE_CURVE('',#1095,#1094,#508,.T.);
#1292=EDGE_CURVE('',#1092,#1095,#509,.T.);
#1293=EDGE_CURVE('',#1096,#1097,#510,.T.);
#1294=EDGE_CURVE('',#1096,#1098,#511,.T.);
#1295=EDGE_CURVE('',#1098,#1099,#512,.T.);
#1296=EDGE_CURVE('',#1097,#1099,#513,.T.);
#1297=EDGE_CURVE('',#1100,#1101,#514,.T.);
#1298=EDGE_CURVE('',#1100,#1102,#515,.T.);
#1299=EDGE_CURVE('',#1102,#1103,#516,.T.);
#1300=EDGE_CURVE('',#1101,#1103,#517,.T.);
#1301=EDGE_CURVE('',#1104,#1105,#518,.T.);
#1302=EDGE_CURVE('',#1104,#1106,#519,.T.);
#1303=EDGE_CURVE('',#1106,#1107,#520,.T.);
#1304=EDGE_CURVE('',#1105,#1107,#521,.T.);
#1305=EDGE_CURVE('',#1108,#1109,#522,.T.);
#1306=EDGE_CURVE('',#1108,#1110,#523,.T.);
#1307=EDGE_CURVE('',#1110,#1111,#524,.T.);
#1308=EDGE_CURVE('',#1109,#1111,#525,.T.);
#1309=EDGE_CURVE('',#1112,#1113,#526,.T.);
#1310=EDGE_CURVE('',#1112,#1114,#527,.T.);
#1311=EDGE_CURVE('',#1114,#1115,#528,.T.);
#1312=EDGE_CURVE('',#1113,#1115,#529,.T.);
#1313=EDGE_CURVE('',#1116,#1117,#530,.T.);
#1314=EDGE_CURVE('',#1116,#1118,#531,.T.);
#1315=EDGE_CURVE('',#1118,#1119,#532,.T.);
#1316=EDGE_CURVE('',#1117,#1119,#533,.T.);
#1317=EDGE_CURVE('',#1120,#1121,#534,.T.);
#1318=EDGE_CURVE('',#1120,#1122,#535,.T.);
#1319=EDGE_CURVE('',#1122,#1123,#536,.T.);
#1320=EDGE_CURVE('',#1121,#1123,#537,.T.);
#1321=EDGE_CURVE('',#1124,#1125,#538,.T.);
#1322=EDGE_CURVE('',#1124,#1126,#539,.T.);
#1323=EDGE_CURVE('',#1126,#1127,#540,.T.);
#1324=EDGE_CURVE('',#1125,#1127,#541,.T.);
#1325=EDGE_CURVE('',#1128,#1129,#542,.T.);
#1326=EDGE_CURVE('',#1128,#1130,#543,.T.);
#1327=EDGE_CURVE('',#1130,#1131,#544,.T.);
#1328=EDGE_CURVE('',#1129,#1131,#545,.T.);
#1329=EDGE_CURVE('',#1132,#1133,#546,.T.);
#1330=EDGE_CURVE('',#1132,#1134,#547,.T.);
#1331=EDGE_CURVE('',#1134,#1135,#548,.T.);
#1332=EDGE_CURVE('',#1133,#1135,#549,.T.);
#1333=EDGE_CURVE('',#1136,#1137,#550,.T.);
#1334=EDGE_CURVE('',#1136,#1138,#551,.T.);
#1335=EDGE_CURVE('',#1138,#1139,#552,.T.);
#1336=EDGE_CURVE('',#1137,#1139,#553,.T.);
#1337=EDGE_CURVE('',#1140,#1141,#554,.T.);
#1338=EDGE_CURVE('',#1140,#1142,#555,.T.);
#1339=EDGE_CURVE('',#1142,#1143,#556,.T.);
#1340=EDGE_CURVE('',#1141,#1143,#557,.T.);
#1341=EDGE_CURVE('',#1144,#1145,#558,.T.);
#1342=EDGE_CURVE('',#1144,#1146,#559,.T.);
#1343=EDGE_CURVE('',#1146,#1147,#560,.T.);
#1344=EDGE_CURVE('',#1145,#1147,#561,.T.);
#1345=EDGE_CURVE('',#1148,#1149,#562,.T.);
#1346=EDGE_CURVE('',#1148,#1150,#563,.T.);
#1347=EDGE_CURVE('',#1150,#1151,#564,.T.);
#1348=EDGE_CURVE('',#1149,#1151,#565,.T.);
#1349=EDGE_CURVE('',#1152,#1153,#566,.T.);
#1350=EDGE_CURVE('',#1152,#1154,#567,.T.);
#1351=EDGE_CURVE('',#1154,#1155,#568,.T.);
#1352=EDGE_CURVE('',#1153,#1155,#569,.T.);
#1353=EDGE_CURVE('',#1156,#1157,#570,.T.);
#1354=EDGE_CURVE('',#1156,#1158,#571,.T.);
#1355=EDGE_CURVE('',#1158,#1159,#572,.T.);
#1356=EDGE_CURVE('',#1157,#1159,#573,.T.);
#1357=EDGE_CURVE('',#1160,#1161,#574,.T.);
#1358=EDGE_CURVE('',#1160,#1162,#575,.T.);
#1359=EDGE_CURVE('',#1162,#1163,#576,.T.);
#1360=EDGE_CURVE('',#1161,#1163,#577,.T.);
#1361=EDGE_CURVE('',#1164,#1164,#996,.T.);
#1362=EDGE_CURVE('',#1165,#1166,#578,.T.);
#1363=EDGE_CURVE('',#1165,#1167,#579,.T.);
#1364=EDGE_CURVE('',#1167,#1168,#580,.T.);
#1365=EDGE_CURVE('',#1166,#1168,#581,.T.);
#1366=EDGE_CURVE('',#1169,#1170,#582,.T.);
#1367=EDGE_CURVE('',#1169,#1171,#583,.T.);
#1368=EDGE_CURVE('',#1171,#1172,#584,.T.);
#1369=EDGE_CURVE('',#1170,#1172,#585,.T.);
#1370=EDGE_CURVE('',#1173,#1174,#586,.T.);
#1371=EDGE_CURVE('',#1173,#1175,#587,.T.);
#1372=EDGE_CURVE('',#1175,#1176,#588,.T.);
#1373=EDGE_CURVE('',#1174,#1176,#589,.T.);
#1374=EDGE_CURVE('',#1177,#1178,#590,.T.);
#1375=EDGE_CURVE('',#1177,#1179,#591,.T.);
#1376=EDGE_CURVE('',#1179,#1180,#592,.T.);
#1377=EDGE_CURVE('',#1178,#1180,#593,.T.);
#1378=EDGE_CURVE('',#1181,#1182,#594,.T.);
#1379=EDGE_CURVE('',#1181,#1183,#595,.T.);
#1380=EDGE_CURVE('',#1183,#1184,#596,.T.);
#1381=EDGE_CURVE('',#1182,#1184,#597,.T.);
#1382=EDGE_CURVE('',#1185,#1186,#598,.T.);
#1383=EDGE_CURVE('',#1185,#1187,#599,.T.);
#1384=EDGE_CURVE('',#1187,#1188,#600,.T.);
#1385=EDGE_CURVE('',#1186,#1188,#601,.T.);
#1386=EDGE_CURVE('',#1189,#1190,#602,.T.);
#1387=EDGE_CURVE('',#1189,#1191,#603,.T.);
#1388=EDGE_CURVE('',#1191,#1192,#604,.T.);
#1389=EDGE_CURVE('',#1190,#1192,#605,.T.);
#1390=EDGE_CURVE('',#1096,#999,#606,.T.);
#1391=EDGE_CURVE('',#1097,#1000,#607,.T.);
#1392=EDGE_CURVE('',#1098,#1002,#608,.T.);
#1393=EDGE_CURVE('',#1099,#1001,#609,.T.);
#1394=EDGE_CURVE('',#1100,#1003,#610,.T.);
#1395=EDGE_CURVE('',#1101,#1004,#611,.T.);
#1396=EDGE_CURVE('',#1102,#1006,#612,.T.);
#1397=EDGE_CURVE('',#1103,#1005,#613,.T.);
#1398=EDGE_CURVE('',#1104,#1007,#614,.T.);
#1399=EDGE_CURVE('',#1105,#1008,#615,.T.);
#1400=EDGE_CURVE('',#1106,#1010,#616,.T.);
#1401=EDGE_CURVE('',#1107,#1009,#617,.T.);
#1402=EDGE_CURVE('',#1108,#1011,#618,.T.);
#1403=EDGE_CURVE('',#1109,#1012,#619,.T.);
#1404=EDGE_CURVE('',#1110,#1014,#620,.T.);
#1405=EDGE_CURVE('',#1111,#1013,#621,.T.);
#1406=EDGE_CURVE('',#1112,#1015,#622,.T.);
#1407=EDGE_CURVE('',#1113,#1016,#623,.T.);
#1408=EDGE_CURVE('',#1114,#1018,#624,.T.);
#1409=EDGE_CURVE('',#1115,#1017,#625,.T.);
#1410=EDGE_CURVE('',#1116,#1019,#626,.T.);
#1411=EDGE_CURVE('',#1117,#1020,#627,.T.);
#1412=EDGE_CURVE('',#1118,#1022,#628,.T.);
#1413=EDGE_CURVE('',#1119,#1021,#629,.T.);
#1414=EDGE_CURVE('',#1120,#1023,#630,.T.);
#1415=EDGE_CURVE('',#1121,#1024,#631,.T.);
#1416=EDGE_CURVE('',#1122,#1026,#632,.T.);
#1417=EDGE_CURVE('',#1123,#1025,#633,.T.);
#1418=EDGE_CURVE('',#1124,#1027,#634,.T.);
#1419=EDGE_CURVE('',#1125,#1028,#635,.T.);
#1420=EDGE_CURVE('',#1126,#1030,#636,.T.);
#1421=EDGE_CURVE('',#1127,#1029,#637,.T.);
#1422=EDGE_CURVE('',#1128,#1031,#638,.T.);
#1423=EDGE_CURVE('',#1129,#1032,#639,.T.);
#1424=EDGE_CURVE('',#1130,#1034,#640,.T.);
#1425=EDGE_CURVE('',#1131,#1033,#641,.T.);
#1426=EDGE_CURVE('',#1132,#1035,#642,.T.);
#1427=EDGE_CURVE('',#1133,#1036,#643,.T.);
#1428=EDGE_CURVE('',#1134,#1038,#644,.T.);
#1429=EDGE_CURVE('',#1135,#1037,#645,.T.);
#1430=EDGE_CURVE('',#1136,#1039,#646,.T.);
#1431=EDGE_CURVE('',#1137,#1040,#647,.T.);
#1432=EDGE_CURVE('',#1138,#1042,#648,.T.);
#1433=EDGE_CURVE('',#1139,#1041,#649,.T.);
#1434=EDGE_CURVE('',#1140,#1043,#650,.T.);
#1435=EDGE_CURVE('',#1141,#1044,#651,.T.);
#1436=EDGE_CURVE('',#1142,#1046,#652,.T.);
#1437=EDGE_CURVE('',#1143,#1045,#653,.T.);
#1438=EDGE_CURVE('',#1144,#1047,#654,.T.);
#1439=EDGE_CURVE('',#1145,#1048,#655,.T.);
#1440=EDGE_CURVE('',#1146,#1050,#656,.T.);
#1441=EDGE_CURVE('',#1147,#1049,#657,.T.);
#1442=EDGE_CURVE('',#1148,#1051,#658,.T.);
#1443=EDGE_CURVE('',#1149,#1052,#659,.T.);
#1444=EDGE_CURVE('',#1150,#1054,#660,.T.);
#1445=EDGE_CURVE('',#1151,#1053,#661,.T.);
#1446=EDGE_CURVE('',#1152,#1055,#662,.T.);
#1447=EDGE_CURVE('',#1153,#1056,#663,.T.);
#1448=EDGE_CURVE('',#1154,#1058,#664,.T.);
#1449=EDGE_CURVE('',#1155,#1057,#665,.T.);
#1450=EDGE_CURVE('',#1156,#1059,#666,.T.);
#1451=EDGE_CURVE('',#1157,#1060,#667,.T.);
#1452=EDGE_CURVE('',#1158,#1062,#668,.T.);
#1453=EDGE_CURVE('',#1159,#1061,#669,.T.);
#1454=EDGE_CURVE('',#1160,#1063,#670,.T.);
#1455=EDGE_CURVE('',#1161,#1064,#671,.T.);
#1456=EDGE_CURVE('',#1162,#1066,#672,.T.);
#1457=EDGE_CURVE('',#1163,#1065,#673,.T.);
#1458=EDGE_CURVE('',#1164,#1067,#674,.T.);
#1459=EDGE_CURVE('',#1165,#1068,#675,.T.);
#1460=EDGE_CURVE('',#1166,#1069,#676,.T.);
#1461=EDGE_CURVE('',#1167,#1071,#677,.T.);
#1462=EDGE_CURVE('',#1168,#1070,#678,.T.);
#1463=EDGE_CURVE('',#1169,#1072,#679,.T.);
#1464=EDGE_CURVE('',#1170,#1073,#680,.T.);
#1465=EDGE_CURVE('',#1171,#1075,#681,.T.);
#1466=EDGE_CURVE('',#1172,#1074,#682,.T.);
#1467=EDGE_CURVE('',#1173,#1076,#683,.T.);
#1468=EDGE_CURVE('',#1174,#1077,#684,.T.);
#1469=EDGE_CURVE('',#1175,#1079,#685,.T.);
#1470=EDGE_CURVE('',#1176,#1078,#686,.T.);
#1471=EDGE_CURVE('',#1177,#1080,#687,.T.);
#1472=EDGE_CURVE('',#1178,#1081,#688,.T.);
#1473=EDGE_CURVE('',#1179,#1083,#689,.T.);
#1474=EDGE_CURVE('',#1180,#1082,#690,.T.);
#1475=EDGE_CURVE('',#1181,#1084,#691,.T.);
#1476=EDGE_CURVE('',#1182,#1085,#692,.T.);
#1477=EDGE_CURVE('',#1183,#1087,#693,.T.);
#1478=EDGE_CURVE('',#1184,#1086,#694,.T.);
#1479=EDGE_CURVE('',#1185,#1088,#695,.T.);
#1480=EDGE_CURVE('',#1186,#1089,#696,.T.);
#1481=EDGE_CURVE('',#1187,#1091,#697,.T.);
#1482=EDGE_CURVE('',#1188,#1090,#698,.T.);
#1483=EDGE_CURVE('',#1189,#1092,#699,.T.);
#1484=EDGE_CURVE('',#1190,#1093,#700,.T.);
#1485=EDGE_CURVE('',#1191,#1095,#701,.T.);
#1486=EDGE_CURVE('',#1192,#1094,#702,.T.);
#1487=ORIENTED_EDGE('',*,*,#1193,.F.);
#1488=ORIENTED_EDGE('',*,*,#1194,.T.);
#1489=ORIENTED_EDGE('',*,*,#1195,.T.);
#1490=ORIENTED_EDGE('',*,*,#1194,.F.);
#1491=ORIENTED_EDGE('',*,*,#1193,.T.);
#1492=ORIENTED_EDGE('',*,*,#1196,.T.);
#1493=ORIENTED_EDGE('',*,*,#1197,.T.);
#1494=ORIENTED_EDGE('',*,*,#1198,.F.);
#1495=ORIENTED_EDGE('',*,*,#1199,.F.);
#1496=ORIENTED_EDGE('',*,*,#1200,.T.);
#1497=ORIENTED_EDGE('',*,*,#1201,.T.);
#1498=ORIENTED_EDGE('',*,*,#1202,.F.);
#1499=ORIENTED_EDGE('',*,*,#1203,.F.);
#1500=ORIENTED_EDGE('',*,*,#1204,.T.);
#1501=ORIENTED_EDGE('',*,*,#1205,.T.);
#1502=ORIENTED_EDGE('',*,*,#1206,.F.);
#1503=ORIENTED_EDGE('',*,*,#1207,.F.);
#1504=ORIENTED_EDGE('',*,*,#1208,.T.);
#1505=ORIENTED_EDGE('',*,*,#1209,.T.);
#1506=ORIENTED_EDGE('',*,*,#1210,.F.);
#1507=ORIENTED_EDGE('',*,*,#1211,.F.);
#1508=ORIENTED_EDGE('',*,*,#1212,.T.);
#1509=ORIENTED_EDGE('',*,*,#1213,.T.);
#1510=ORIENTED_EDGE('',*,*,#1214,.F.);
#1511=ORIENTED_EDGE('',*,*,#1215,.F.);
#1512=ORIENTED_EDGE('',*,*,#1216,.T.);
#1513=ORIENTED_EDGE('',*,*,#1217,.T.);
#1514=ORIENTED_EDGE('',*,*,#1218,.F.);
#1515=ORIENTED_EDGE('',*,*,#1219,.F.);
#1516=ORIENTED_EDGE('',*,*,#1220,.T.);
#1517=ORIENTED_EDGE('',*,*,#1221,.T.);
#1518=ORIENTED_EDGE('',*,*,#1222,.F.);
#1519=ORIENTED_EDGE('',*,*,#1223,.F.);
#1520=ORIENTED_EDGE('',*,*,#1224,.T.);
#1521=ORIENTED_EDGE('',*,*,#1225,.T.);
#1522=ORIENTED_EDGE('',*,*,#1226,.F.);
#1523=ORIENTED_EDGE('',*,*,#1227,.F.);
#1524=ORIENTED_EDGE('',*,*,#1228,.T.);
#1525=ORIENTED_EDGE('',*,*,#1229,.T.);
#1526=ORIENTED_EDGE('',*,*,#1230,.F.);
#1527=ORIENTED_EDGE('',*,*,#1231,.F.);
#1528=ORIENTED_EDGE('',*,*,#1232,.T.);
#1529=ORIENTED_EDGE('',*,*,#1233,.T.);
#1530=ORIENTED_EDGE('',*,*,#1234,.F.);
#1531=ORIENTED_EDGE('',*,*,#1235,.F.);
#1532=ORIENTED_EDGE('',*,*,#1236,.T.);
#1533=ORIENTED_EDGE('',*,*,#1237,.T.);
#1534=ORIENTED_EDGE('',*,*,#1238,.F.);
#1535=ORIENTED_EDGE('',*,*,#1239,.F.);
#1536=ORIENTED_EDGE('',*,*,#1240,.T.);
#1537=ORIENTED_EDGE('',*,*,#1241,.T.);
#1538=ORIENTED_EDGE('',*,*,#1242,.F.);
#1539=ORIENTED_EDGE('',*,*,#1243,.F.);
#1540=ORIENTED_EDGE('',*,*,#1244,.T.);
#1541=ORIENTED_EDGE('',*,*,#1245,.T.);
#1542=ORIENTED_EDGE('',*,*,#1246,.F.);
#1543=ORIENTED_EDGE('',*,*,#1247,.F.);
#1544=ORIENTED_EDGE('',*,*,#1248,.T.);
#1545=ORIENTED_EDGE('',*,*,#1249,.T.);
#1546=ORIENTED_EDGE('',*,*,#1250,.F.);
#1547=ORIENTED_EDGE('',*,*,#1251,.F.);
#1548=ORIENTED_EDGE('',*,*,#1252,.T.);
#1549=ORIENTED_EDGE('',*,*,#1253,.T.);
#1550=ORIENTED_EDGE('',*,*,#1254,.F.);
#1551=ORIENTED_EDGE('',*,*,#1255,.F.);
#1552=ORIENTED_EDGE('',*,*,#1256,.T.);
#1553=ORIENTED_EDGE('',*,*,#1257,.T.);
#1554=ORIENTED_EDGE('',*,*,#1258,.F.);
#1555=ORIENTED_EDGE('',*,*,#1259,.F.);
#1556=ORIENTED_EDGE('',*,*,#1260,.T.);
#1557=ORIENTED_EDGE('',*,*,#1261,.T.);
#1558=ORIENTED_EDGE('',*,*,#1262,.F.);
#1559=ORIENTED_EDGE('',*,*,#1263,.F.);
#1560=ORIENTED_EDGE('',*,*,#1264,.F.);
#1561=ORIENTED_EDGE('',*,*,#1265,.T.);
#1562=ORIENTED_EDGE('',*,*,#1266,.T.);
#1563=ORIENTED_EDGE('',*,*,#1267,.F.);
#1564=ORIENTED_EDGE('',*,*,#1268,.F.);
#1565=ORIENTED_EDGE('',*,*,#1269,.T.);
#1566=ORIENTED_EDGE('',*,*,#1270,.T.);
#1567=ORIENTED_EDGE('',*,*,#1271,.F.);
#1568=ORIENTED_EDGE('',*,*,#1272,.F.);
#1569=ORIENTED_EDGE('',*,*,#1273,.T.);
#1570=ORIENTED_EDGE('',*,*,#1274,.T.);
#1571=ORIENTED_EDGE('',*,*,#1275,.F.);
#1572=ORIENTED_EDGE('',*,*,#1276,.F.);
#1573=ORIENTED_EDGE('',*,*,#1277,.T.);
#1574=ORIENTED_EDGE('',*,*,#1278,.T.);
#1575=ORIENTED_EDGE('',*,*,#1279,.F.);
#1576=ORIENTED_EDGE('',*,*,#1280,.F.);
#1577=ORIENTED_EDGE('',*,*,#1281,.T.);
#1578=ORIENTED_EDGE('',*,*,#1282,.T.);
#1579=ORIENTED_EDGE('',*,*,#1283,.F.);
#1580=ORIENTED_EDGE('',*,*,#1284,.F.);
#1581=ORIENTED_EDGE('',*,*,#1285,.T.);
#1582=ORIENTED_EDGE('',*,*,#1286,.T.);
#1583=ORIENTED_EDGE('',*,*,#1287,.F.);
#1584=ORIENTED_EDGE('',*,*,#1288,.F.);
#1585=ORIENTED_EDGE('',*,*,#1289,.T.);
#1586=ORIENTED_EDGE('',*,*,#1290,.T.);
#1587=ORIENTED_EDGE('',*,*,#1291,.F.);
#1588=ORIENTED_EDGE('',*,*,#1292,.F.);
#1589=ORIENTED_EDGE('',*,*,#1195,.F.);
#1590=ORIENTED_EDGE('',*,*,#1293,.F.);
#1591=ORIENTED_EDGE('',*,*,#1294,.T.);
#1592=ORIENTED_EDGE('',*,*,#1295,.T.);
#1593=ORIENTED_EDGE('',*,*,#1296,.F.);
#1594=ORIENTED_EDGE('',*,*,#1297,.F.);
#1595=ORIENTED_EDGE('',*,*,#1298,.T.);
#1596=ORIENTED_EDGE('',*,*,#1299,.T.);
#1597=ORIENTED_EDGE('',*,*,#1300,.F.);
#1598=ORIENTED_EDGE('',*,*,#1301,.F.);
#1599=ORIENTED_EDGE('',*,*,#1302,.T.);
#1600=ORIENTED_EDGE('',*,*,#1303,.T.);
#1601=ORIENTED_EDGE('',*,*,#1304,.F.);
#1602=ORIENTED_EDGE('',*,*,#1305,.F.);
#1603=ORIENTED_EDGE('',*,*,#1306,.T.);
#1604=ORIENTED_EDGE('',*,*,#1307,.T.);
#1605=ORIENTED_EDGE('',*,*,#1308,.F.);
#1606=ORIENTED_EDGE('',*,*,#1309,.F.);
#1607=ORIENTED_EDGE('',*,*,#1310,.T.);
#1608=ORIENTED_EDGE('',*,*,#1311,.T.);
#1609=ORIENTED_EDGE('',*,*,#1312,.F.);
#1610=ORIENTED_EDGE('',*,*,#1313,.F.);
#1611=ORIENTED_EDGE('',*,*,#1314,.T.);
#1612=ORIENTED_EDGE('',*,*,#1315,.T.);
#1613=ORIENTED_EDGE('',*,*,#1316,.F.);
#1614=ORIENTED_EDGE('',*,*,#1317,.F.);
#1615=ORIENTED_EDGE('',*,*,#1318,.T.);
#1616=ORIENTED_EDGE('',*,*,#1319,.T.);
#1617=ORIENTED_EDGE('',*,*,#1320,.F.);
#1618=ORIENTED_EDGE('',*,*,#1321,.F.);
#1619=ORIENTED_EDGE('',*,*,#1322,.T.);
#1620=ORIENTED_EDGE('',*,*,#1323,.T.);
#1621=ORIENTED_EDGE('',*,*,#1324,.F.);
#1622=ORIENTED_EDGE('',*,*,#1325,.F.);
#1623=ORIENTED_EDGE('',*,*,#1326,.T.);
#1624=ORIENTED_EDGE('',*,*,#1327,.T.);
#1625=ORIENTED_EDGE('',*,*,#1328,.F.);
#1626=ORIENTED_EDGE('',*,*,#1329,.F.);
#1627=ORIENTED_EDGE('',*,*,#1330,.T.);
#1628=ORIENTED_EDGE('',*,*,#1331,.T.);
#1629=ORIENTED_EDGE('',*,*,#1332,.F.);
#1630=ORIENTED_EDGE('',*,*,#1333,.F.);
#1631=ORIENTED_EDGE('',*,*,#1334,.T.);
#1632=ORIENTED_EDGE('',*,*,#1335,.T.);
#1633=ORIENTED_EDGE('',*,*,#1336,.F.);
#1634=ORIENTED_EDGE('',*,*,#1337,.F.);
#1635=ORIENTED_EDGE('',*,*,#1338,.T.);
#1636=ORIENTED_EDGE('',*,*,#1339,.T.);
#1637=ORIENTED_EDGE('',*,*,#1340,.F.);
#1638=ORIENTED_EDGE('',*,*,#1341,.F.);
#1639=ORIENTED_EDGE('',*,*,#1342,.T.);
#1640=ORIENTED_EDGE('',*,*,#1343,.T.);
#1641=ORIENTED_EDGE('',*,*,#1344,.F.);
#1642=ORIENTED_EDGE('',*,*,#1345,.F.);
#1643=ORIENTED_EDGE('',*,*,#1346,.T.);
#1644=ORIENTED_EDGE('',*,*,#1347,.T.);
#1645=ORIENTED_EDGE('',*,*,#1348,.F.);
#1646=ORIENTED_EDGE('',*,*,#1349,.F.);
#1647=ORIENTED_EDGE('',*,*,#1350,.T.);
#1648=ORIENTED_EDGE('',*,*,#1351,.T.);
#1649=ORIENTED_EDGE('',*,*,#1352,.F.);
#1650=ORIENTED_EDGE('',*,*,#1353,.F.);
#1651=ORIENTED_EDGE('',*,*,#1354,.T.);
#1652=ORIENTED_EDGE('',*,*,#1355,.T.);
#1653=ORIENTED_EDGE('',*,*,#1356,.F.);
#1654=ORIENTED_EDGE('',*,*,#1357,.F.);
#1655=ORIENTED_EDGE('',*,*,#1358,.T.);
#1656=ORIENTED_EDGE('',*,*,#1359,.T.);
#1657=ORIENTED_EDGE('',*,*,#1360,.F.);
#1658=ORIENTED_EDGE('',*,*,#1361,.T.);
#1659=ORIENTED_EDGE('',*,*,#1362,.F.);
#1660=ORIENTED_EDGE('',*,*,#1363,.T.);
#1661=ORIENTED_EDGE('',*,*,#1364,.T.);
#1662=ORIENTED_EDGE('',*,*,#1365,.F.);
#1663=ORIENTED_EDGE('',*,*,#1366,.F.);
#1664=ORIENTED_EDGE('',*,*,#1367,.T.);
#1665=ORIENTED_EDGE('',*,*,#1368,.T.);
#1666=ORIENTED_EDGE('',*,*,#1369,.F.);
#1667=ORIENTED_EDGE('',*,*,#1370,.F.);
#1668=ORIENTED_EDGE('',*,*,#1371,.T.);
#1669=ORIENTED_EDGE('',*,*,#1372,.T.);
#1670=ORIENTED_EDGE('',*,*,#1373,.F.);
#1671=ORIENTED_EDGE('',*,*,#1374,.F.);
#1672=ORIENTED_EDGE('',*,*,#1375,.T.);
#1673=ORIENTED_EDGE('',*,*,#1376,.T.);
#1674=ORIENTED_EDGE('',*,*,#1377,.F.);
#1675=ORIENTED_EDGE('',*,*,#1378,.F.);
#1676=ORIENTED_EDGE('',*,*,#1379,.T.);
#1677=ORIENTED_EDGE('',*,*,#1380,.T.);
#1678=ORIENTED_EDGE('',*,*,#1381,.F.);
#1679=ORIENTED_EDGE('',*,*,#1382,.F.);
#1680=ORIENTED_EDGE('',*,*,#1383,.T.);
#1681=ORIENTED_EDGE('',*,*,#1384,.T.);
#1682=ORIENTED_EDGE('',*,*,#1385,.F.);
#1683=ORIENTED_EDGE('',*,*,#1386,.F.);
#1684=ORIENTED_EDGE('',*,*,#1387,.T.);
#1685=ORIENTED_EDGE('',*,*,#1388,.T.);
#1686=ORIENTED_EDGE('',*,*,#1389,.F.);
#1687=ORIENTED_EDGE('',*,*,#1390,.F.);
#1688=ORIENTED_EDGE('',*,*,#1293,.T.);
#1689=ORIENTED_EDGE('',*,*,#1391,.T.);
#1690=ORIENTED_EDGE('',*,*,#1196,.F.);
#1691=ORIENTED_EDGE('',*,*,#1390,.T.);
#1692=ORIENTED_EDGE('',*,*,#1199,.T.);
#1693=ORIENTED_EDGE('',*,*,#1392,.F.);
#1694=ORIENTED_EDGE('',*,*,#1294,.F.);
#1695=ORIENTED_EDGE('',*,*,#1391,.F.);
#1696=ORIENTED_EDGE('',*,*,#1296,.T.);
#1697=ORIENTED_EDGE('',*,*,#1393,.T.);
#1698=ORIENTED_EDGE('',*,*,#1197,.F.);
#1699=ORIENTED_EDGE('',*,*,#1392,.T.);
#1700=ORIENTED_EDGE('',*,*,#1198,.T.);
#1701=ORIENTED_EDGE('',*,*,#1393,.F.);
#1702=ORIENTED_EDGE('',*,*,#1295,.F.);
#1703=ORIENTED_EDGE('',*,*,#1394,.F.);
#1704=ORIENTED_EDGE('',*,*,#1297,.T.);
#1705=ORIENTED_EDGE('',*,*,#1395,.T.);
#1706=ORIENTED_EDGE('',*,*,#1200,.F.);
#1707=ORIENTED_EDGE('',*,*,#1394,.T.);
#1708=ORIENTED_EDGE('',*,*,#1203,.T.);
#1709=ORIENTED_EDGE('',*,*,#1396,.F.);
#1710=ORIENTED_EDGE('',*,*,#1298,.F.);
#1711=ORIENTED_EDGE('',*,*,#1395,.F.);
#1712=ORIENTED_EDGE('',*,*,#1300,.T.);
#1713=ORIENTED_EDGE('',*,*,#1397,.T.);
#1714=ORIENTED_EDGE('',*,*,#1201,.F.);
#1715=ORIENTED_EDGE('',*,*,#1396,.T.);
#1716=ORIENTED_EDGE('',*,*,#1202,.T.);
#1717=ORIENTED_EDGE('',*,*,#1397,.F.);
#1718=ORIENTED_EDGE('',*,*,#1299,.F.);
#1719=ORIENTED_EDGE('',*,*,#1398,.F.);
#1720=ORIENTED_EDGE('',*,*,#1301,.T.);
#1721=ORIENTED_EDGE('',*,*,#1399,.T.);
#1722=ORIENTED_EDGE('',*,*,#1204,.F.);
#1723=ORIENTED_EDGE('',*,*,#1398,.T.);
#1724=ORIENTED_EDGE('',*,*,#1207,.T.);
#1725=ORIENTED_EDGE('',*,*,#1400,.F.);
#1726=ORIENTED_EDGE('',*,*,#1302,.F.);
#1727=ORIENTED_EDGE('',*,*,#1399,.F.);
#1728=ORIENTED_EDGE('',*,*,#1304,.T.);
#1729=ORIENTED_EDGE('',*,*,#1401,.T.);
#1730=ORIENTED_EDGE('',*,*,#1205,.F.);
#1731=ORIENTED_EDGE('',*,*,#1400,.T.);
#1732=ORIENTED_EDGE('',*,*,#1206,.T.);
#1733=ORIENTED_EDGE('',*,*,#1401,.F.);
#1734=ORIENTED_EDGE('',*,*,#1303,.F.);
#1735=ORIENTED_EDGE('',*,*,#1402,.F.);
#1736=ORIENTED_EDGE('',*,*,#1305,.T.);
#1737=ORIENTED_EDGE('',*,*,#1403,.T.);
#1738=ORIENTED_EDGE('',*,*,#1208,.F.);
#1739=ORIENTED_EDGE('',*,*,#1402,.T.);
#1740=ORIENTED_EDGE('',*,*,#1211,.T.);
#1741=ORIENTED_EDGE('',*,*,#1404,.F.);
#1742=ORIENTED_EDGE('',*,*,#1306,.F.);
#1743=ORIENTED_EDGE('',*,*,#1403,.F.);
#1744=ORIENTED_EDGE('',*,*,#1308,.T.);
#1745=ORIENTED_EDGE('',*,*,#1405,.T.);
#1746=ORIENTED_EDGE('',*,*,#1209,.F.);
#1747=ORIENTED_EDGE('',*,*,#1404,.T.);
#1748=ORIENTED_EDGE('',*,*,#1210,.T.);
#1749=ORIENTED_EDGE('',*,*,#1405,.F.);
#1750=ORIENTED_EDGE('',*,*,#1307,.F.);
#1751=ORIENTED_EDGE('',*,*,#1406,.F.);
#1752=ORIENTED_EDGE('',*,*,#1309,.T.);
#1753=ORIENTED_EDGE('',*,*,#1407,.T.);
#1754=ORIENTED_EDGE('',*,*,#1212,.F.);
#1755=ORIENTED_EDGE('',*,*,#1406,.T.);
#1756=ORIENTED_EDGE('',*,*,#1215,.T.);
#1757=ORIENTED_EDGE('',*,*,#1408,.F.);
#1758=ORIENTED_EDGE('',*,*,#1310,.F.);
#1759=ORIENTED_EDGE('',*,*,#1407,.F.);
#1760=ORIENTED_EDGE('',*,*,#1312,.T.);
#1761=ORIENTED_EDGE('',*,*,#1409,.T.);
#1762=ORIENTED_EDGE('',*,*,#1213,.F.);
#1763=ORIENTED_EDGE('',*,*,#1408,.T.);
#1764=ORIENTED_EDGE('',*,*,#1214,.T.);
#1765=ORIENTED_EDGE('',*,*,#1409,.F.);
#1766=ORIENTED_EDGE('',*,*,#1311,.F.);
#1767=ORIENTED_EDGE('',*,*,#1410,.F.);
#1768=ORIENTED_EDGE('',*,*,#1313,.T.);
#1769=ORIENTED_EDGE('',*,*,#1411,.T.);
#1770=ORIENTED_EDGE('',*,*,#1216,.F.);
#1771=ORIENTED_EDGE('',*,*,#1410,.T.);
#1772=ORIENTED_EDGE('',*,*,#1219,.T.);
#1773=ORIENTED_EDGE('',*,*,#1412,.F.);
#1774=ORIENTED_EDGE('',*,*,#1314,.F.);
#1775=ORIENTED_EDGE('',*,*,#1411,.F.);
#1776=ORIENTED_EDGE('',*,*,#1316,.T.);
#1777=ORIENTED_EDGE('',*,*,#1413,.T.);
#1778=ORIENTED_EDGE('',*,*,#1217,.F.);
#1779=ORIENTED_EDGE('',*,*,#1412,.T.);
#1780=ORIENTED_EDGE('',*,*,#1218,.T.);
#1781=ORIENTED_EDGE('',*,*,#1413,.F.);
#1782=ORIENTED_EDGE('',*,*,#1315,.F.);
#1783=ORIENTED_EDGE('',*,*,#1414,.F.);
#1784=ORIENTED_EDGE('',*,*,#1317,.T.);
#1785=ORIENTED_EDGE('',*,*,#1415,.T.);
#1786=ORIENTED_EDGE('',*,*,#1220,.F.);
#1787=ORIENTED_EDGE('',*,*,#1414,.T.);
#1788=ORIENTED_EDGE('',*,*,#1223,.T.);
#1789=ORIENTED_EDGE('',*,*,#1416,.F.);
#1790=ORIENTED_EDGE('',*,*,#1318,.F.);
#1791=ORIENTED_EDGE('',*,*,#1415,.F.);
#1792=ORIENTED_EDGE('',*,*,#1320,.T.);
#1793=ORIENTED_EDGE('',*,*,#1417,.T.);
#1794=ORIENTED_EDGE('',*,*,#1221,.F.);
#1795=ORIENTED_EDGE('',*,*,#1416,.T.);
#1796=ORIENTED_EDGE('',*,*,#1222,.T.);
#1797=ORIENTED_EDGE('',*,*,#1417,.F.);
#1798=ORIENTED_EDGE('',*,*,#1319,.F.);
#1799=ORIENTED_EDGE('',*,*,#1418,.F.);
#1800=ORIENTED_EDGE('',*,*,#1321,.T.);
#1801=ORIENTED_EDGE('',*,*,#1419,.T.);
#1802=ORIENTED_EDGE('',*,*,#1224,.F.);
#1803=ORIENTED_EDGE('',*,*,#1418,.T.);
#1804=ORIENTED_EDGE('',*,*,#1227,.T.);
#1805=ORIENTED_EDGE('',*,*,#1420,.F.);
#1806=ORIENTED_EDGE('',*,*,#1322,.F.);
#1807=ORIENTED_EDGE('',*,*,#1419,.F.);
#1808=ORIENTED_EDGE('',*,*,#1324,.T.);
#1809=ORIENTED_EDGE('',*,*,#1421,.T.);
#1810=ORIENTED_EDGE('',*,*,#1225,.F.);
#1811=ORIENTED_EDGE('',*,*,#1420,.T.);
#1812=ORIENTED_EDGE('',*,*,#1226,.T.);
#1813=ORIENTED_EDGE('',*,*,#1421,.F.);
#1814=ORIENTED_EDGE('',*,*,#1323,.F.);
#1815=ORIENTED_EDGE('',*,*,#1422,.F.);
#1816=ORIENTED_EDGE('',*,*,#1325,.T.);
#1817=ORIENTED_EDGE('',*,*,#1423,.T.);
#1818=ORIENTED_EDGE('',*,*,#1228,.F.);
#1819=ORIENTED_EDGE('',*,*,#1422,.T.);
#1820=ORIENTED_EDGE('',*,*,#1231,.T.);
#1821=ORIENTED_EDGE('',*,*,#1424,.F.);
#1822=ORIENTED_EDGE('',*,*,#1326,.F.);
#1823=ORIENTED_EDGE('',*,*,#1423,.F.);
#1824=ORIENTED_EDGE('',*,*,#1328,.T.);
#1825=ORIENTED_EDGE('',*,*,#1425,.T.);
#1826=ORIENTED_EDGE('',*,*,#1229,.F.);
#1827=ORIENTED_EDGE('',*,*,#1424,.T.);
#1828=ORIENTED_EDGE('',*,*,#1230,.T.);
#1829=ORIENTED_EDGE('',*,*,#1425,.F.);
#1830=ORIENTED_EDGE('',*,*,#1327,.F.);
#1831=ORIENTED_EDGE('',*,*,#1426,.F.);
#1832=ORIENTED_EDGE('',*,*,#1329,.T.);
#1833=ORIENTED_EDGE('',*,*,#1427,.T.);
#1834=ORIENTED_EDGE('',*,*,#1232,.F.);
#1835=ORIENTED_EDGE('',*,*,#1426,.T.);
#1836=ORIENTED_EDGE('',*,*,#1235,.T.);
#1837=ORIENTED_EDGE('',*,*,#1428,.F.);
#1838=ORIENTED_EDGE('',*,*,#1330,.F.);
#1839=ORIENTED_EDGE('',*,*,#1427,.F.);
#1840=ORIENTED_EDGE('',*,*,#1332,.T.);
#1841=ORIENTED_EDGE('',*,*,#1429,.T.);
#1842=ORIENTED_EDGE('',*,*,#1233,.F.);
#1843=ORIENTED_EDGE('',*,*,#1428,.T.);
#1844=ORIENTED_EDGE('',*,*,#1234,.T.);
#1845=ORIENTED_EDGE('',*,*,#1429,.F.);
#1846=ORIENTED_EDGE('',*,*,#1331,.F.);
#1847=ORIENTED_EDGE('',*,*,#1430,.F.);
#1848=ORIENTED_EDGE('',*,*,#1333,.T.);
#1849=ORIENTED_EDGE('',*,*,#1431,.T.);
#1850=ORIENTED_EDGE('',*,*,#1236,.F.);
#1851=ORIENTED_EDGE('',*,*,#1430,.T.);
#1852=ORIENTED_EDGE('',*,*,#1239,.T.);
#1853=ORIENTED_EDGE('',*,*,#1432,.F.);
#1854=ORIENTED_EDGE('',*,*,#1334,.F.);
#1855=ORIENTED_EDGE('',*,*,#1432,.T.);
#1856=ORIENTED_EDGE('',*,*,#1238,.T.);
#1857=ORIENTED_EDGE('',*,*,#1433,.F.);
#1858=ORIENTED_EDGE('',*,*,#1335,.F.);
#1859=ORIENTED_EDGE('',*,*,#1431,.F.);
#1860=ORIENTED_EDGE('',*,*,#1336,.T.);
#1861=ORIENTED_EDGE('',*,*,#1433,.T.);
#1862=ORIENTED_EDGE('',*,*,#1237,.F.);
#1863=ORIENTED_EDGE('',*,*,#1434,.F.);
#1864=ORIENTED_EDGE('',*,*,#1337,.T.);
#1865=ORIENTED_EDGE('',*,*,#1435,.T.);
#1866=ORIENTED_EDGE('',*,*,#1240,.F.);
#1867=ORIENTED_EDGE('',*,*,#1434,.T.);
#1868=ORIENTED_EDGE('',*,*,#1243,.T.);
#1869=ORIENTED_EDGE('',*,*,#1436,.F.);
#1870=ORIENTED_EDGE('',*,*,#1338,.F.);
#1871=ORIENTED_EDGE('',*,*,#1435,.F.);
#1872=ORIENTED_EDGE('',*,*,#1340,.T.);
#1873=ORIENTED_EDGE('',*,*,#1437,.T.);
#1874=ORIENTED_EDGE('',*,*,#1241,.F.);
#1875=ORIENTED_EDGE('',*,*,#1436,.T.);
#1876=ORIENTED_EDGE('',*,*,#1242,.T.);
#1877=ORIENTED_EDGE('',*,*,#1437,.F.);
#1878=ORIENTED_EDGE('',*,*,#1339,.F.);
#1879=ORIENTED_EDGE('',*,*,#1438,.F.);
#1880=ORIENTED_EDGE('',*,*,#1341,.T.);
#1881=ORIENTED_EDGE('',*,*,#1439,.T.);
#1882=ORIENTED_EDGE('',*,*,#1244,.F.);
#1883=ORIENTED_EDGE('',*,*,#1438,.T.);
#1884=ORIENTED_EDGE('',*,*,#1247,.T.);
#1885=ORIENTED_EDGE('',*,*,#1440,.F.);
#1886=ORIENTED_EDGE('',*,*,#1342,.F.);
#1887=ORIENTED_EDGE('',*,*,#1439,.F.);
#1888=ORIENTED_EDGE('',*,*,#1344,.T.);
#1889=ORIENTED_EDGE('',*,*,#1441,.T.);
#1890=ORIENTED_EDGE('',*,*,#1245,.F.);
#1891=ORIENTED_EDGE('',*,*,#1440,.T.);
#1892=ORIENTED_EDGE('',*,*,#1246,.T.);
#1893=ORIENTED_EDGE('',*,*,#1441,.F.);
#1894=ORIENTED_EDGE('',*,*,#1343,.F.);
#1895=ORIENTED_EDGE('',*,*,#1442,.F.);
#1896=ORIENTED_EDGE('',*,*,#1345,.T.);
#1897=ORIENTED_EDGE('',*,*,#1443,.T.);
#1898=ORIENTED_EDGE('',*,*,#1248,.F.);
#1899=ORIENTED_EDGE('',*,*,#1442,.T.);
#1900=ORIENTED_EDGE('',*,*,#1251,.T.);
#1901=ORIENTED_EDGE('',*,*,#1444,.F.);
#1902=ORIENTED_EDGE('',*,*,#1346,.F.);
#1903=ORIENTED_EDGE('',*,*,#1443,.F.);
#1904=ORIENTED_EDGE('',*,*,#1348,.T.);
#1905=ORIENTED_EDGE('',*,*,#1445,.T.);
#1906=ORIENTED_EDGE('',*,*,#1249,.F.);
#1907=ORIENTED_EDGE('',*,*,#1444,.T.);
#1908=ORIENTED_EDGE('',*,*,#1250,.T.);
#1909=ORIENTED_EDGE('',*,*,#1445,.F.);
#1910=ORIENTED_EDGE('',*,*,#1347,.F.);
#1911=ORIENTED_EDGE('',*,*,#1446,.F.);
#1912=ORIENTED_EDGE('',*,*,#1349,.T.);
#1913=ORIENTED_EDGE('',*,*,#1447,.T.);
#1914=ORIENTED_EDGE('',*,*,#1252,.F.);
#1915=ORIENTED_EDGE('',*,*,#1446,.T.);
#1916=ORIENTED_EDGE('',*,*,#1255,.T.);
#1917=ORIENTED_EDGE('',*,*,#1448,.F.);
#1918=ORIENTED_EDGE('',*,*,#1350,.F.);
#1919=ORIENTED_EDGE('',*,*,#1447,.F.);
#1920=ORIENTED_EDGE('',*,*,#1352,.T.);
#1921=ORIENTED_EDGE('',*,*,#1449,.T.);
#1922=ORIENTED_EDGE('',*,*,#1253,.F.);
#1923=ORIENTED_EDGE('',*,*,#1448,.T.);
#1924=ORIENTED_EDGE('',*,*,#1254,.T.);
#1925=ORIENTED_EDGE('',*,*,#1449,.F.);
#1926=ORIENTED_EDGE('',*,*,#1351,.F.);
#1927=ORIENTED_EDGE('',*,*,#1450,.F.);
#1928=ORIENTED_EDGE('',*,*,#1353,.T.);
#1929=ORIENTED_EDGE('',*,*,#1451,.T.);
#1930=ORIENTED_EDGE('',*,*,#1256,.F.);
#1931=ORIENTED_EDGE('',*,*,#1450,.T.);
#1932=ORIENTED_EDGE('',*,*,#1259,.T.);
#1933=ORIENTED_EDGE('',*,*,#1452,.F.);
#1934=ORIENTED_EDGE('',*,*,#1354,.F.);
#1935=ORIENTED_EDGE('',*,*,#1451,.F.);
#1936=ORIENTED_EDGE('',*,*,#1356,.T.);
#1937=ORIENTED_EDGE('',*,*,#1453,.T.);
#1938=ORIENTED_EDGE('',*,*,#1257,.F.);
#1939=ORIENTED_EDGE('',*,*,#1452,.T.);
#1940=ORIENTED_EDGE('',*,*,#1258,.T.);
#1941=ORIENTED_EDGE('',*,*,#1453,.F.);
#1942=ORIENTED_EDGE('',*,*,#1355,.F.);
#1943=ORIENTED_EDGE('',*,*,#1454,.F.);
#1944=ORIENTED_EDGE('',*,*,#1357,.T.);
#1945=ORIENTED_EDGE('',*,*,#1455,.T.);
#1946=ORIENTED_EDGE('',*,*,#1260,.F.);
#1947=ORIENTED_EDGE('',*,*,#1454,.T.);
#1948=ORIENTED_EDGE('',*,*,#1263,.T.);
#1949=ORIENTED_EDGE('',*,*,#1456,.F.);
#1950=ORIENTED_EDGE('',*,*,#1358,.F.);
#1951=ORIENTED_EDGE('',*,*,#1455,.F.);
#1952=ORIENTED_EDGE('',*,*,#1360,.T.);
#1953=ORIENTED_EDGE('',*,*,#1457,.T.);
#1954=ORIENTED_EDGE('',*,*,#1261,.F.);
#1955=ORIENTED_EDGE('',*,*,#1456,.T.);
#1956=ORIENTED_EDGE('',*,*,#1262,.T.);
#1957=ORIENTED_EDGE('',*,*,#1457,.F.);
#1958=ORIENTED_EDGE('',*,*,#1359,.F.);
#1959=ORIENTED_EDGE('',*,*,#1361,.F.);
#1960=ORIENTED_EDGE('',*,*,#1458,.T.);
#1961=ORIENTED_EDGE('',*,*,#1264,.T.);
#1962=ORIENTED_EDGE('',*,*,#1458,.F.);
#1963=ORIENTED_EDGE('',*,*,#1459,.F.);
#1964=ORIENTED_EDGE('',*,*,#1362,.T.);
#1965=ORIENTED_EDGE('',*,*,#1460,.T.);
#1966=ORIENTED_EDGE('',*,*,#1265,.F.);
#1967=ORIENTED_EDGE('',*,*,#1459,.T.);
#1968=ORIENTED_EDGE('',*,*,#1268,.T.);
#1969=ORIENTED_EDGE('',*,*,#1461,.F.);
#1970=ORIENTED_EDGE('',*,*,#1363,.F.);
#1971=ORIENTED_EDGE('',*,*,#1460,.F.);
#1972=ORIENTED_EDGE('',*,*,#1365,.T.);
#1973=ORIENTED_EDGE('',*,*,#1462,.T.);
#1974=ORIENTED_EDGE('',*,*,#1266,.F.);
#1975=ORIENTED_EDGE('',*,*,#1461,.T.);
#1976=ORIENTED_EDGE('',*,*,#1267,.T.);
#1977=ORIENTED_EDGE('',*,*,#1462,.F.);
#1978=ORIENTED_EDGE('',*,*,#1364,.F.);
#1979=ORIENTED_EDGE('',*,*,#1463,.F.);
#1980=ORIENTED_EDGE('',*,*,#1366,.T.);
#1981=ORIENTED_EDGE('',*,*,#1464,.T.);
#1982=ORIENTED_EDGE('',*,*,#1269,.F.);
#1983=ORIENTED_EDGE('',*,*,#1463,.T.);
#1984=ORIENTED_EDGE('',*,*,#1272,.T.);
#1985=ORIENTED_EDGE('',*,*,#1465,.F.);
#1986=ORIENTED_EDGE('',*,*,#1367,.F.);
#1987=ORIENTED_EDGE('',*,*,#1464,.F.);
#1988=ORIENTED_EDGE('',*,*,#1369,.T.);
#1989=ORIENTED_EDGE('',*,*,#1466,.T.);
#1990=ORIENTED_EDGE('',*,*,#1270,.F.);
#1991=ORIENTED_EDGE('',*,*,#1465,.T.);
#1992=ORIENTED_EDGE('',*,*,#1271,.T.);
#1993=ORIENTED_EDGE('',*,*,#1466,.F.);
#1994=ORIENTED_EDGE('',*,*,#1368,.F.);
#1995=ORIENTED_EDGE('',*,*,#1467,.F.);
#1996=ORIENTED_EDGE('',*,*,#1370,.T.);
#1997=ORIENTED_EDGE('',*,*,#1468,.T.);
#1998=ORIENTED_EDGE('',*,*,#1273,.F.);
#1999=ORIENTED_EDGE('',*,*,#1467,.T.);
#2000=ORIENTED_EDGE('',*,*,#1276,.T.);
#2001=ORIENTED_EDGE('',*,*,#1469,.F.);
#2002=ORIENTED_EDGE('',*,*,#1371,.F.);
#2003=ORIENTED_EDGE('',*,*,#1468,.F.);
#2004=ORIENTED_EDGE('',*,*,#1373,.T.);
#2005=ORIENTED_EDGE('',*,*,#1470,.T.);
#2006=ORIENTED_EDGE('',*,*,#1274,.F.);
#2007=ORIENTED_EDGE('',*,*,#1469,.T.);
#2008=ORIENTED_EDGE('',*,*,#1275,.T.);
#2009=ORIENTED_EDGE('',*,*,#1470,.F.);
#2010=ORIENTED_EDGE('',*,*,#1372,.F.);
#2011=ORIENTED_EDGE('',*,*,#1471,.F.);
#2012=ORIENTED_EDGE('',*,*,#1374,.T.);
#2013=ORIENTED_EDGE('',*,*,#1472,.T.);
#2014=ORIENTED_EDGE('',*,*,#1277,.F.);
#2015=ORIENTED_EDGE('',*,*,#1471,.T.);
#2016=ORIENTED_EDGE('',*,*,#1280,.T.);
#2017=ORIENTED_EDGE('',*,*,#1473,.F.);
#2018=ORIENTED_EDGE('',*,*,#1375,.F.);
#2019=ORIENTED_EDGE('',*,*,#1472,.F.);
#2020=ORIENTED_EDGE('',*,*,#1377,.T.);
#2021=ORIENTED_EDGE('',*,*,#1474,.T.);
#2022=ORIENTED_EDGE('',*,*,#1278,.F.);
#2023=ORIENTED_EDGE('',*,*,#1473,.T.);
#2024=ORIENTED_EDGE('',*,*,#1279,.T.);
#2025=ORIENTED_EDGE('',*,*,#1474,.F.);
#2026=ORIENTED_EDGE('',*,*,#1376,.F.);
#2027=ORIENTED_EDGE('',*,*,#1475,.F.);
#2028=ORIENTED_EDGE('',*,*,#1378,.T.);
#2029=ORIENTED_EDGE('',*,*,#1476,.T.);
#2030=ORIENTED_EDGE('',*,*,#1281,.F.);
#2031=ORIENTED_EDGE('',*,*,#1475,.T.);
#2032=ORIENTED_EDGE('',*,*,#1284,.T.);
#2033=ORIENTED_EDGE('',*,*,#1477,.F.);
#2034=ORIENTED_EDGE('',*,*,#1379,.F.);
#2035=ORIENTED_EDGE('',*,*,#1476,.F.);
#2036=ORIENTED_EDGE('',*,*,#1381,.T.);
#2037=ORIENTED_EDGE('',*,*,#1478,.T.);
#2038=ORIENTED_EDGE('',*,*,#1282,.F.);
#2039=ORIENTED_EDGE('',*,*,#1477,.T.);
#2040=ORIENTED_EDGE('',*,*,#1283,.T.);
#2041=ORIENTED_EDGE('',*,*,#1478,.F.);
#2042=ORIENTED_EDGE('',*,*,#1380,.F.);
#2043=ORIENTED_EDGE('',*,*,#1479,.F.);
#2044=ORIENTED_EDGE('',*,*,#1382,.T.);
#2045=ORIENTED_EDGE('',*,*,#1480,.T.);
#2046=ORIENTED_EDGE('',*,*,#1285,.F.);
#2047=ORIENTED_EDGE('',*,*,#1479,.T.);
#2048=ORIENTED_EDGE('',*,*,#1288,.T.);
#2049=ORIENTED_EDGE('',*,*,#1481,.F.);
#2050=ORIENTED_EDGE('',*,*,#1383,.F.);
#2051=ORIENTED_EDGE('',*,*,#1480,.F.);
#2052=ORIENTED_EDGE('',*,*,#1385,.T.);
#2053=ORIENTED_EDGE('',*,*,#1482,.T.);
#2054=ORIENTED_EDGE('',*,*,#1286,.F.);
#2055=ORIENTED_EDGE('',*,*,#1481,.T.);
#2056=ORIENTED_EDGE('',*,*,#1287,.T.);
#2057=ORIENTED_EDGE('',*,*,#1482,.F.);
#2058=ORIENTED_EDGE('',*,*,#1384,.F.);
#2059=ORIENTED_EDGE('',*,*,#1483,.F.);
#2060=ORIENTED_EDGE('',*,*,#1386,.T.);
#2061=ORIENTED_EDGE('',*,*,#1484,.T.);
#2062=ORIENTED_EDGE('',*,*,#1289,.F.);
#2063=ORIENTED_EDGE('',*,*,#1483,.T.);
#2064=ORIENTED_EDGE('',*,*,#1292,.T.);
#2065=ORIENTED_EDGE('',*,*,#1485,.F.);
#2066=ORIENTED_EDGE('',*,*,#1387,.F.);
#2067=ORIENTED_EDGE('',*,*,#1484,.F.);
#2068=ORIENTED_EDGE('',*,*,#1389,.T.);
#2069=ORIENTED_EDGE('',*,*,#1486,.T.);
#2070=ORIENTED_EDGE('',*,*,#1290,.F.);
#2071=ORIENTED_EDGE('',*,*,#1485,.T.);
#2072=ORIENTED_EDGE('',*,*,#1291,.T.);
#2073=ORIENTED_EDGE('',*,*,#1486,.F.);
#2074=ORIENTED_EDGE('',*,*,#1388,.F.);
#2075=CYLINDRICAL_SURFACE('',#2191,69.);
#2076=CYLINDRICAL_SURFACE('',#2266,51.);
#2077=ADVANCED_FACE('',(#163),#2075,.T.);
#2078=ADVANCED_FACE('',(#164,#15,#16,#17,#18,#19,#20,#21,#22,#23,#24,#25,
#26,#27,#28,#29,#30,#31,#32,#33,#34,#35,#36,#37,#38,#39),#65,.T.);
#2079=ADVANCED_FACE('',(#165,#40,#41,#42,#43,#44,#45,#46,#47,#48,#49,#50,
#51,#52,#53,#54,#55,#56,#57,#58,#59,#60,#61,#62,#63,#64),#66,.F.);
#2080=ADVANCED_FACE('',(#166),#67,.T.);
#2081=ADVANCED_FACE('',(#167),#68,.F.);
#2082=ADVANCED_FACE('',(#168),#69,.T.);
#2083=ADVANCED_FACE('',(#169),#70,.F.);
#2084=ADVANCED_FACE('',(#170),#71,.T.);
#2085=ADVANCED_FACE('',(#171),#72,.F.);
#2086=ADVANCED_FACE('',(#172),#73,.T.);
#2087=ADVANCED_FACE('',(#173),#74,.F.);
#2088=ADVANCED_FACE('',(#174),#75,.T.);
#2089=ADVANCED_FACE('',(#175),#76,.F.);
#2090=ADVANCED_FACE('',(#176),#77,.T.);
#2091=ADVANCED_FACE('',(#177),#78,.F.);
#2092=ADVANCED_FACE('',(#178),#79,.T.);
#2093=ADVANCED_FACE('',(#179),#80,.F.);
#2094=ADVANCED_FACE('',(#180),#81,.T.);
#2095=ADVANCED_FACE('',(#181),#82,.F.);
#2096=ADVANCED_FACE('',(#182),#83,.T.);
#2097=ADVANCED_FACE('',(#183),#84,.F.);
#2098=ADVANCED_FACE('',(#184),#85,.T.);
#2099=ADVANCED_FACE('',(#185),#86,.F.);
#2100=ADVANCED_FACE('',(#186),#87,.T.);
#2101=ADVANCED_FACE('',(#187),#88,.F.);
#2102=ADVANCED_FACE('',(#188),#89,.T.);
#2103=ADVANCED_FACE('',(#189),#90,.F.);
#2104=ADVANCED_FACE('',(#190),#91,.T.);
#2105=ADVANCED_FACE('',(#191),#92,.F.);
#2106=ADVANCED_FACE('',(#192),#93,.T.);
#2107=ADVANCED_FACE('',(#193),#94,.F.);
#2108=ADVANCED_FACE('',(#194),#95,.T.);
#2109=ADVANCED_FACE('',(#195),#96,.F.);
#2110=ADVANCED_FACE('',(#196),#97,.T.);
#2111=ADVANCED_FACE('',(#197),#98,.F.);
#2112=ADVANCED_FACE('',(#198),#99,.T.);
#2113=ADVANCED_FACE('',(#199),#100,.F.);
#2114=ADVANCED_FACE('',(#200),#101,.T.);
#2115=ADVANCED_FACE('',(#201),#102,.F.);
#2116=ADVANCED_FACE('',(#202),#103,.T.);
#2117=ADVANCED_FACE('',(#203),#104,.F.);
#2118=ADVANCED_FACE('',(#204),#105,.T.);
#2119=ADVANCED_FACE('',(#205),#106,.F.);
#2120=ADVANCED_FACE('',(#206),#107,.T.);
#2121=ADVANCED_FACE('',(#207),#108,.F.);
#2122=ADVANCED_FACE('',(#208),#109,.F.);
#2123=ADVANCED_FACE('',(#209),#110,.T.);
#2124=ADVANCED_FACE('',(#210),#111,.T.);
#2125=ADVANCED_FACE('',(#211),#112,.F.);
#2126=ADVANCED_FACE('',(#212),#113,.T.);
#2127=ADVANCED_FACE('',(#213),#114,.F.);
#2128=ADVANCED_FACE('',(#214),#115,.T.);
#2129=ADVANCED_FACE('',(#215),#116,.F.);
#2130=ADVANCED_FACE('',(#216),#117,.T.);
#2131=ADVANCED_FACE('',(#217),#118,.F.);
#2132=ADVANCED_FACE('',(#218),#119,.T.);
#2133=ADVANCED_FACE('',(#219),#120,.F.);
#2134=ADVANCED_FACE('',(#220),#121,.T.);
#2135=ADVANCED_FACE('',(#221),#122,.F.);
#2136=ADVANCED_FACE('',(#222),#123,.T.);
#2137=ADVANCED_FACE('',(#223),#124,.F.);
#2138=ADVANCED_FACE('',(#224),#125,.T.);
#2139=ADVANCED_FACE('',(#225),#126,.F.);
#2140=ADVANCED_FACE('',(#226),#127,.T.);
#2141=ADVANCED_FACE('',(#227),#128,.F.);
#2142=ADVANCED_FACE('',(#228),#129,.T.);
#2143=ADVANCED_FACE('',(#229),#130,.F.);
#2144=ADVANCED_FACE('',(#230),#131,.T.);
#2145=ADVANCED_FACE('',(#231),#132,.F.);
#2146=ADVANCED_FACE('',(#232),#133,.T.);
#2147=ADVANCED_FACE('',(#233),#134,.F.);
#2148=ADVANCED_FACE('',(#234),#2076,.F.);
#2149=ADVANCED_FACE('',(#235),#135,.T.);
#2150=ADVANCED_FACE('',(#236),#136,.F.);
#2151=ADVANCED_FACE('',(#237),#137,.T.);
#2152=ADVANCED_FACE('',(#238),#138,.F.);
#2153=ADVANCED_FACE('',(#239),#139,.T.);
#2154=ADVANCED_FACE('',(#240),#140,.F.);
#2155=ADVANCED_FACE('',(#241),#141,.T.);
#2156=ADVANCED_FACE('',(#242),#142,.F.);
#2157=ADVANCED_FACE('',(#243),#143,.T.);
#2158=ADVANCED_FACE('',(#244),#144,.F.);
#2159=ADVANCED_FACE('',(#245),#145,.T.);
#2160=ADVANCED_FACE('',(#246),#146,.F.);
#2161=ADVANCED_FACE('',(#247),#147,.T.);
#2162=ADVANCED_FACE('',(#248),#148,.F.);
#2163=ADVANCED_FACE('',(#249),#149,.T.);
#2164=ADVANCED_FACE('',(#250),#150,.F.);
#2165=ADVANCED_FACE('',(#251),#151,.T.);
#2166=ADVANCED_FACE('',(#252),#152,.F.);
#2167=ADVANCED_FACE('',(#253),#153,.T.);
#2168=ADVANCED_FACE('',(#254),#154,.F.);
#2169=ADVANCED_FACE('',(#255),#155,.T.);
#2170=ADVANCED_FACE('',(#256),#156,.F.);
#2171=ADVANCED_FACE('',(#257),#157,.T.);
#2172=ADVANCED_FACE('',(#258),#158,.F.);
#2173=ADVANCED_FACE('',(#259),#159,.T.);
#2174=ADVANCED_FACE('',(#260),#160,.F.);
#2175=ADVANCED_FACE('',(#261),#161,.T.);
#2176=ADVANCED_FACE('',(#262),#162,.F.);
#2177=CLOSED_SHELL('',(#2077,#2078,#2079,#2080,#2081,#2082,#2083,#2084,
#2085,#2086,#2087,#2088,#2089,#2090,#2091,#2092,#2093,#2094,#2095,#2096,
#2097,#2098,#2099,#2100,#2101,#2102,#2103,#2104,#2105,#2106,#2107,#2108,
#2109,#2110,#2111,#2112,#2113,#2114,#2115,#2116,#2117,#2118,#2119,#2120,
#2121,#2122,#2123,#2124,#2125,#2126,#2127,#2128,#2129,#2130,#2131,#2132,
#2133,#2134,#2135,#2136,#2137,#2138,#2139,#2140,#2141,#2142,#2143,#2144,
#2145,#2146,#2147,#2148,#2149,#2150,#2151,#2152,#2153,#2154,#2155,#2156,
#2157,#2158,#2159,#2160,#2161,#2162,#2163,#2164,#2165,#2166,#2167,#2168,
#2169,#2170,#2171,#2172,#2173,#2174,#2175,#2176));
#2178=DERIVED_UNIT_ELEMENT(#2180,1.);
#2179=DERIVED_UNIT_ELEMENT(#3391,-3.);
#2180=(
MASS_UNIT()
NAMED_UNIT(*)
SI_UNIT(.KILO.,.GRAM.)
);
#2181=DERIVED_UNIT((#2178,#2179));
#2182=MEASURE_REPRESENTATION_ITEM('density measure',
POSITIVE_RATIO_MEASURE(7850.),#2181);
#2183=PROPERTY_DEFINITION_REPRESENTATION(#2188,#2185);
#2184=PROPERTY_DEFINITION_REPRESENTATION(#2189,#2186);
#2185=REPRESENTATION('material name',(#2187),#3388);
#2186=REPRESENTATION('density',(#2182),#3388);
#2187=DESCRIPTIVE_REPRESENTATION_ITEM('Steel','Steel');
#2188=PROPERTY_DEFINITION('material property','material name',#3398);
#2189=PROPERTY_DEFINITION('material property','density of part',#3398);
#2190=AXIS2_PLACEMENT_3D('',#2795,#2295,#2296);
#2191=AXIS2_PLACEMENT_3D('',#2796,#2297,#2298);
#2192=AXIS2_PLACEMENT_3D('',#2798,#2299,#2300);
#2193=AXIS2_PLACEMENT_3D('',#2801,#2302,#2303);
#2194=AXIS2_PLACEMENT_3D('',#2802,#2304,#2305);
#2195=AXIS2_PLACEMENT_3D('',#2940,#2374,#2375);
#2196=AXIS2_PLACEMENT_3D('',#2997,#2404,#2405);
#2197=AXIS2_PLACEMENT_3D('',#3135,#2474,#2475);
#2198=AXIS2_PLACEMENT_3D('',#3192,#2504,#2505);
#2199=AXIS2_PLACEMENT_3D('',#3195,#2508,#2509);
#2200=AXIS2_PLACEMENT_3D('',#3197,#2511,#2512);
#2201=AXIS2_PLACEMENT_3D('',#3199,#2514,#2515);
#2202=AXIS2_PLACEMENT_3D('',#3200,#2516,#2517);
#2203=AXIS2_PLACEMENT_3D('',#3203,#2520,#2521);
#2204=AXIS2_PLACEMENT_3D('',#3205,#2523,#2524);
#2205=AXIS2_PLACEMENT_3D('',#3207,#2526,#2527);
#2206=AXIS2_PLACEMENT_3D('',#3208,#2528,#2529);
#2207=AXIS2_PLACEMENT_3D('',#3211,#2532,#2533);
#2208=AXIS2_PLACEMENT_3D('',#3213,#2535,#2536);
#2209=AXIS2_PLACEMENT_3D('',#3215,#2538,#2539);
#2210=AXIS2_PLACEMENT_3D('',#3216,#2540,#2541);
#2211=AXIS2_PLACEMENT_3D('',#3219,#2544,#2545);
#2212=AXIS2_PLACEMENT_3D('',#3221,#2547,#2548);
#2213=AXIS2_PLACEMENT_3D('',#3223,#2550,#2551);
#2214=AXIS2_PLACEMENT_3D('',#3224,#2552,#2553);
#2215=AXIS2_PLACEMENT_3D('',#3227,#2556,#2557);
#2216=AXIS2_PLACEMENT_3D('',#3229,#2559,#2560);
#2217=AXIS2_PLACEMENT_3D('',#3231,#2562,#2563);
#2218=AXIS2_PLACEMENT_3D('',#3232,#2564,#2565);
#2219=AXIS2_PLACEMENT_3D('',#3235,#2568,#2569);
#2220=AXIS2_PLACEMENT_3D('',#3237,#2571,#2572);
#2221=AXIS2_PLACEMENT_3D('',#3239,#2574,#2575);
#2222=AXIS2_PLACEMENT_3D('',#3240,#2576,#2577);
#2223=AXIS2_PLACEMENT_3D('',#3243,#2580,#2581);
#2224=AXIS2_PLACEMENT_3D('',#3245,#2583,#2584);
#2225=AXIS2_PLACEMENT_3D('',#3247,#2586,#2587);
#2226=AXIS2_PLACEMENT_3D('',#3248,#2588,#2589);
#2227=AXIS2_PLACEMENT_3D('',#3251,#2592,#2593);
#2228=AXIS2_PLACEMENT_3D('',#3253,#2595,#2596);
#2229=AXIS2_PLACEMENT_3D('',#3255,#2598,#2599);
#2230=AXIS2_PLACEMENT_3D('',#3256,#2600,#2601);
#2231=AXIS2_PLACEMENT_3D('',#3259,#2604,#2605);
#2232=AXIS2_PLACEMENT_3D('',#3261,#2607,#2608);
#2233=AXIS2_PLACEMENT_3D('',#3263,#2610,#2611);
#2234=AXIS2_PLACEMENT_3D('',#3264,#2612,#2613);
#2235=AXIS2_PLACEMENT_3D('',#3267,#2616,#2617);
#2236=AXIS2_PLACEMENT_3D('',#3269,#2619,#2620);
#2237=AXIS2_PLACEMENT_3D('',#3271,#2622,#2623);
#2238=AXIS2_PLACEMENT_3D('',#3272,#2624,#2625);
#2239=AXIS2_PLACEMENT_3D('',#3275,#2628,#2629);
#2240=AXIS2_PLACEMENT_3D('',#3277,#2631,#2632);
#2241=AXIS2_PLACEMENT_3D('',#3279,#2634,#2635);
#2242=AXIS2_PLACEMENT_3D('',#3280,#2636,#2637);
#2243=AXIS2_PLACEMENT_3D('',#3283,#2640,#2641);
#2244=AXIS2_PLACEMENT_3D('',#3285,#2643,#2644);
#2245=AXIS2_PLACEMENT_3D('',#3287,#2646,#2647);
#2246=AXIS2_PLACEMENT_3D('',#3288,#2648,#2649);
#2247=AXIS2_PLACEMENT_3D('',#3291,#2652,#2653);
#2248=AXIS2_PLACEMENT_3D('',#3293,#2655,#2656);
#2249=AXIS2_PLACEMENT_3D('',#3295,#2658,#2659);
#2250=AXIS2_PLACEMENT_3D('',#3296,#2660,#2661);
#2251=AXIS2_PLACEMENT_3D('',#3299,#2664,#2665);
#2252=AXIS2_PLACEMENT_3D('',#3301,#2667,#2668);
#2253=AXIS2_PLACEMENT_3D('',#3303,#2670,#2671);
#2254=AXIS2_PLACEMENT_3D('',#3304,#2672,#2673);
#2255=AXIS2_PLACEMENT_3D('',#3307,#2676,#2677);
#2256=AXIS2_PLACEMENT_3D('',#3309,#2679,#2680);
#2257=AXIS2_PLACEMENT_3D('',#3311,#2682,#2683);
#2258=AXIS2_PLACEMENT_3D('',#3312,#2684,#2685);
#2259=AXIS2_PLACEMENT_3D('',#3315,#2688,#2689);
#2260=AXIS2_PLACEMENT_3D('',#3317,#2691,#2692);
#2261=AXIS2_PLACEMENT_3D('',#3319,#2694,#2695);
#2262=AXIS2_PLACEMENT_3D('',#3320,#2696,#2697);
#2263=AXIS2_PLACEMENT_3D('',#3323,#2700,#2701);
#2264=AXIS2_PLACEMENT_3D('',#3325,#2703,#2704);
#2265=AXIS2_PLACEMENT_3D('',#3327,#2706,#2707);
#2266=AXIS2_PLACEMENT_3D('',#3328,#2708,#2709);
#2267=AXIS2_PLACEMENT_3D('',#3330,#2711,#2712);
#2268=AXIS2_PLACEMENT_3D('',#3333,#2715,#2716);
#2269=AXIS2_PLACEMENT_3D('',#3335,#2718,#2719);
#2270=AXIS2_PLACEMENT_3D('',#3337,#2721,#2722);
#2271=AXIS2_PLACEMENT_3D('',#3338,#2723,#2724);
#2272=AXIS2_PLACEMENT_3D('',#3341,#2727,#2728);
#2273=AXIS2_PLACEMENT_3D('',#3343,#2730,#2731);
#2274=AXIS2_PLACEMENT_3D('',#3345,#2733,#2734);
#2275=AXIS2_PLACEMENT_3D('',#3346,#2735,#2736);
#2276=AXIS2_PLACEMENT_3D('',#3349,#2739,#2740);
#2277=AXIS2_PLACEMENT_3D('',#3351,#2742,#2743);
#2278=AXIS2_PLACEMENT_3D('',#3353,#2745,#2746);
#2279=AXIS2_PLACEMENT_3D('',#3354,#2747,#2748);
#2280=AXIS2_PLACEMENT_3D('',#3357,#2751,#2752);
#2281=AXIS2_PLACEMENT_3D('',#3359,#2754,#2755);
#2282=AXIS2_PLACEMENT_3D('',#3361,#2757,#2758);
#2283=AXIS2_PLACEMENT_3D('',#3362,#2759,#2760);
#2284=AXIS2_PLACEMENT_3D('',#3365,#2763,#2764);
#2285=AXIS2_PLACEMENT_3D('',#3367,#2766,#2767);
#2286=AXIS2_PLACEMENT_3D('',#3369,#2769,#2770);
#2287=AXIS2_PLACEMENT_3D('',#3370,#2771,#2772);
#2288=AXIS2_PLACEMENT_3D('',#3373,#2775,#2776);
#2289=AXIS2_PLACEMENT_3D('',#3375,#2778,#2779);
#2290=AXIS2_PLACEMENT_3D('',#3377,#2781,#2782);
#2291=AXIS2_PLACEMENT_3D('',#3378,#2783,#2784);
#2292=AXIS2_PLACEMENT_3D('',#3381,#2787,#2788);
#2293=AXIS2_PLACEMENT_3D('',#3383,#2790,#2791);
#2294=AXIS2_PLACEMENT_3D('',#3385,#2793,#2794);
#2295=DIRECTION('axis',(0.,0.,1.));
#2296=DIRECTION('refdir',(1.,0.,0.));
#2297=DIRECTION('center_axis',(0.,0.,1.));
#2298=DIRECTION('ref_axis',(1.,0.,0.));
#2299=DIRECTION('center_axis',(0.,0.,1.));
#2300=DIRECTION('ref_axis',(1.,0.,0.));
#2301=DIRECTION('',(0.,0.,-1.));
#2302=DIRECTION('center_axis',(0.,0.,1.));
#2303=DIRECTION('ref_axis',(1.,0.,0.));
#2304=DIRECTION('center_axis',(0.,0.,1.));
#2305=DIRECTION('ref_axis',(1.,0.,0.));
#2306=DIRECTION('',(0.707106781186548,0.707106781186548,0.));
#2307=DIRECTION('',(0.707106781186548,-0.707106781186548,0.));
#2308=DIRECTION('',(0.707106781186548,0.707106781186548,0.));
#2309=DIRECTION('',(0.707106781186548,-0.707106781186548,0.));
#2310=DIRECTION('',(0.50000000000019,0.866025403784329,0.));
#2311=DIRECTION('',(0.866025403784329,-0.50000000000019,0.));
#2312=DIRECTION('',(0.50000000000019,0.866025403784329,0.));
#2313=DIRECTION('',(0.866025403784329,-0.50000000000019,0.));
#2314=DIRECTION('',(0.258819045102985,0.965925826288944,0.));
#2315=DIRECTION('',(0.965925826288944,-0.258819045102985,0.));
#2316=DIRECTION('',(0.258819045102985,0.965925826288944,0.));
#2317=DIRECTION('',(0.965925826288944,-0.258819045102985,0.));
#2318=DIRECTION('',(2.22044604925E-16,1.,0.));
#2319=DIRECTION('',(1.,-2.22044604925E-16,0.));
#2320=DIRECTION('',(2.22044604925E-16,1.,0.));
#2321=DIRECTION('',(1.,-2.22044604925E-16,0.));
#2322=DIRECTION('',(0.866025403784329,0.50000000000019,0.));
#2323=DIRECTION('',(0.50000000000019,-0.866025403784329,0.));
#2324=DIRECTION('',(0.866025403784329,0.50000000000019,0.));
#2325=DIRECTION('',(0.50000000000019,-0.866025403784329,0.));
#2326=DIRECTION('',(0.965925826288944,0.258819045102985,0.));
#2327=DIRECTION('',(0.258819045102985,-0.965925826288944,0.));
#2328=DIRECTION('',(0.965925826288944,0.258819045102985,0.));
#2329=DIRECTION('',(0.258819045102985,-0.965925826288944,0.));
#2330=DIRECTION('',(-0.258819045102985,0.965925826288944,0.));
#2331=DIRECTION('',(0.965925826288944,0.258819045102985,0.));
#2332=DIRECTION('',(-0.258819045102985,0.965925826288944,0.));
#2333=DIRECTION('',(0.965925826288944,0.258819045102985,0.));
#2334=DIRECTION('',(-0.50000000000019,0.866025403784329,0.));
#2335=DIRECTION('',(0.866025403784329,0.50000000000019,0.));
#2336=DIRECTION('',(-0.50000000000019,0.866025403784329,0.));
#2337=DIRECTION('',(0.866025403784329,0.50000000000019,0.));
#2338=DIRECTION('',(-0.707106781186548,0.707106781186548,0.));
#2339=DIRECTION('',(0.707106781186548,0.707106781186548,0.));
#2340=DIRECTION('',(-0.707106781186548,0.707106781186548,0.));
#2341=DIRECTION('',(0.707106781186548,0.707106781186548,0.));
#2342=DIRECTION('',(-0.866025403784329,0.50000000000019,0.));
#2343=DIRECTION('',(0.50000000000019,0.866025403784329,0.));
#2344=DIRECTION('',(-0.866025403784329,0.50000000000019,0.));
#2345=DIRECTION('',(0.50000000000019,0.866025403784329,0.));
#2346=DIRECTION('',(-0.965925826288944,0.258819045102985,0.));
#2347=DIRECTION('',(0.258819045102985,0.965925826288944,0.));
#2348=DIRECTION('',(-0.965925826288944,0.258819045102985,0.));
#2349=DIRECTION('',(0.258819045102985,0.965925826288944,0.));
#2350=DIRECTION('',(1.,-1.224646799147E-16,0.));
#2351=DIRECTION('',(-1.224646799147E-16,-1.,0.));
#2352=DIRECTION('',(1.,-1.224646799147E-16,0.));
#2353=DIRECTION('',(-1.224646799147E-16,-1.,0.));
#2354=DIRECTION('',(0.965925826288944,-0.258819045102985,0.));
#2355=DIRECTION('',(-0.258819045102985,-0.965925826288944,0.));
#2356=DIRECTION('',(0.965925826288944,-0.258819045102985,0.));
#2357=DIRECTION('',(-0.258819045102985,-0.965925826288944,0.));
#2358=DIRECTION('',(0.866025403784329,-0.50000000000019,0.));
#2359=DIRECTION('',(-0.50000000000019,-0.866025403784329,0.));
#2360=DIRECTION('',(0.866025403784329,-0.50000000000019,0.));
#2361=DIRECTION('',(-0.50000000000019,-0.866025403784329,0.));
#2362=DIRECTION('',(0.707106781186548,-0.707106781186548,0.));
#2363=DIRECTION('',(-0.707106781186548,-0.707106781186548,0.));
#2364=DIRECTION('',(0.707106781186548,-0.707106781186548,0.));
#2365=DIRECTION('',(-0.707106781186548,-0.707106781186548,0.));
#2366=DIRECTION('',(0.50000000000019,-0.866025403784329,0.));
#2367=DIRECTION('',(-0.866025403784329,-0.50000000000019,0.));
#2368=DIRECTION('',(0.50000000000019,-0.866025403784329,0.));
#2369=DIRECTION('',(-0.866025403784329,-0.50000000000019,0.));
#2370=DIRECTION('',(0.258819045102985,-0.965925826288944,0.));
#2371=DIRECTION('',(-0.965925826288944,-0.258819045102985,0.));
#2372=DIRECTION('',(0.258819045102985,-0.965925826288944,0.));
#2373=DIRECTION('',(-0.965925826288944,-0.258819045102985,0.));
#2374=DIRECTION('center_axis',(0.,0.,1.));
#2375=DIRECTION('ref_axis',(1.,0.,0.));
#2376=DIRECTION('',(-1.,0.,0.));
#2377=DIRECTION('',(0.,1.,0.));
#2378=DIRECTION('',(-1.,0.,0.));
#2379=DIRECTION('',(0.,1.,0.));
#2380=DIRECTION('',(-0.965925826288944,-0.258819045102985,0.));
#2381=DIRECTION('',(-0.258819045102985,0.965925826288944,0.));
#2382=DIRECTION('',(-0.965925826288944,-0.258819045102985,0.));
#2383=DIRECTION('',(-0.258819045102985,0.965925826288944,0.));
#2384=DIRECTION('',(-0.866025403784329,-0.50000000000019,0.));
#2385=DIRECTION('',(-0.50000000000019,0.866025403784329,0.));
#2386=DIRECTION('',(-0.866025403784329,-0.50000000000019,0.));
#2387=DIRECTION('',(-0.50000000000019,0.866025403784329,0.));
#2388=DIRECTION('',(-1.110223024625E-16,-1.,0.));
#2389=DIRECTION('',(-1.,1.110223024625E-16,0.));
#2390=DIRECTION('',(-1.110223024625E-16,-1.,0.));
#2391=DIRECTION('',(-1.,1.110223024625E-16,0.));
#2392=DIRECTION('',(-0.258819045102985,-0.965925826288944,0.));
#2393=DIRECTION('',(-0.965925826288944,0.258819045102985,0.));
#2394=DIRECTION('',(-0.258819045102985,-0.965925826288944,0.));
#2395=DIRECTION('',(-0.965925826288944,0.258819045102985,0.));
#2396=DIRECTION('',(-0.50000000000019,-0.866025403784329,0.));
#2397=DIRECTION('',(-0.866025403784329,0.50000000000019,0.));
#2398=DIRECTION('',(-0.50000000000019,-0.866025403784329,0.));
#2399=DIRECTION('',(-0.866025403784329,0.50000000000019,0.));
#2400=DIRECTION('',(-0.707106781186548,-0.707106781186548,0.));
#2401=DIRECTION('',(-0.707106781186548,0.707106781186548,0.));
#2402=DIRECTION('',(-0.707106781186548,-0.707106781186548,0.));
#2403=DIRECTION('',(-0.707106781186548,0.707106781186548,0.));
#2404=DIRECTION('center_axis',(0.,0.,1.));
#2405=DIRECTION('ref_axis',(1.,0.,0.));
#2406=DIRECTION('',(0.707106781186548,0.707106781186548,0.));
#2407=DIRECTION('',(0.707106781186548,-0.707106781186548,0.));
#2408=DIRECTION('',(0.707106781186548,0.707106781186548,0.));
#2409=DIRECTION('',(0.707106781186548,-0.707106781186548,0.));
#2410=DIRECTION('',(0.50000000000019,0.866025403784329,0.));
#2411=DIRECTION('',(0.866025403784329,-0.50000000000019,0.));
#2412=DIRECTION('',(0.50000000000019,0.866025403784329,0.));
#2413=DIRECTION('',(0.866025403784329,-0.50000000000019,0.));
#2414=DIRECTION('',(0.258819045102985,0.965925826288944,0.));
#2415=DIRECTION('',(0.965925826288944,-0.258819045102985,0.));
#2416=DIRECTION('',(0.258819045102985,0.965925826288944,0.));
#2417=DIRECTION('',(0.965925826288944,-0.258819045102985,0.));
#2418=DIRECTION('',(2.22044604925E-16,1.,0.));
#2419=DIRECTION('',(1.,-2.22044604925E-16,0.));
#2420=DIRECTION('',(2.22044604925E-16,1.,0.));
#2421=DIRECTION('',(1.,-2.22044604925E-16,0.));
#2422=DIRECTION('',(0.866025403784329,0.50000000000019,0.));
#2423=DIRECTION('',(0.50000000000019,-0.866025403784329,0.));
#2424=DIRECTION('',(0.866025403784329,0.50000000000019,0.));
#2425=DIRECTION('',(0.50000000000019,-0.866025403784329,0.));
#2426=DIRECTION('',(0.965925826288944,0.258819045102985,0.));
#2427=DIRECTION('',(0.258819045102985,-0.965925826288944,0.));
#2428=DIRECTION('',(0.965925826288944,0.258819045102985,0.));
#2429=DIRECTION('',(0.258819045102985,-0.965925826288944,0.));
#2430=DIRECTION('',(-0.258819045102985,0.965925826288944,0.));
#2431=DIRECTION('',(0.965925826288944,0.258819045102985,0.));
#2432=DIRECTION('',(-0.258819045102985,0.965925826288944,0.));
#2433=DIRECTION('',(0.965925826288944,0.258819045102985,0.));
#2434=DIRECTION('',(-0.50000000000019,0.866025403784329,0.));
#2435=DIRECTION('',(0.866025403784329,0.50000000000019,0.));
#2436=DIRECTION('',(-0.50000000000019,0.866025403784329,0.));
#2437=DIRECTION('',(0.866025403784329,0.50000000000019,0.));
#2438=DIRECTION('',(-0.707106781186548,0.707106781186548,0.));
#2439=DIRECTION('',(0.707106781186548,0.707106781186548,0.));
#2440=DIRECTION('',(-0.707106781186548,0.707106781186548,0.));
#2441=DIRECTION('',(0.707106781186548,0.707106781186548,0.));
#2442=DIRECTION('',(-0.866025403784329,0.50000000000019,0.));
#2443=DIRECTION('',(0.50000000000019,0.866025403784329,0.));
#2444=DIRECTION('',(-0.866025403784329,0.50000000000019,0.));
#2445=DIRECTION('',(0.50000000000019,0.866025403784329,0.));
#2446=DIRECTION('',(-0.965925826288944,0.258819045102985,0.));
#2447=DIRECTION('',(0.258819045102985,0.965925826288944,0.));
#2448=DIRECTION('',(-0.965925826288944,0.258819045102985,0.));
#2449=DIRECTION('',(0.258819045102985,0.965925826288944,0.));
#2450=DIRECTION('',(1.,-1.224646799147E-16,0.));
#2451=DIRECTION('',(-1.224646799147E-16,-1.,0.));
#2452=DIRECTION('',(1.,-1.224646799147E-16,0.));
#2453=DIRECTION('',(-1.224646799147E-16,-1.,0.));
#2454=DIRECTION('',(0.965925826288944,-0.258819045102985,0.));
#2455=DIRECTION('',(-0.258819045102985,-0.965925826288944,0.));
#2456=DIRECTION('',(0.965925826288944,-0.258819045102985,0.));
#2457=DIRECTION('',(-0.258819045102985,-0.965925826288944,0.));
#2458=DIRECTION('',(0.866025403784329,-0.50000000000019,0.));
#2459=DIRECTION('',(-0.50000000000019,-0.866025403784329,0.));
#2460=DIRECTION('',(0.866025403784329,-0.50000000000019,0.));
#2461=DIRECTION('',(-0.50000000000019,-0.866025403784329,0.));
#2462=DIRECTION('',(0.707106781186548,-0.707106781186548,0.));
#2463=DIRECTION('',(-0.707106781186548,-0.707106781186548,0.));
#2464=DIRECTION('',(0.707106781186548,-0.707106781186548,0.));
#2465=DIRECTION('',(-0.707106781186548,-0.707106781186548,0.));
#2466=DIRECTION('',(0.50000000000019,-0.866025403784329,0.));
#2467=DIRECTION('',(-0.866025403784329,-0.50000000000019,0.));
#2468=DIRECTION('',(0.50000000000019,-0.866025403784329,0.));
#2469=DIRECTION('',(-0.866025403784329,-0.50000000000019,0.));
#2470=DIRECTION('',(0.258819045102985,-0.965925826288944,0.));
#2471=DIRECTION('',(-0.965925826288944,-0.258819045102985,0.));
#2472=DIRECTION('',(0.258819045102985,-0.965925826288944,0.));
#2473=DIRECTION('',(-0.965925826288944,-0.258819045102985,0.));
#2474=DIRECTION('center_axis',(0.,0.,1.));
#2475=DIRECTION('ref_axis',(1.,0.,0.));
#2476=DIRECTION('',(-1.,0.,0.));
#2477=DIRECTION('',(0.,1.,0.));
#2478=DIRECTION('',(-1.,0.,0.));
#2479=DIRECTION('',(0.,1.,0.));
#2480=DIRECTION('',(-0.965925826288944,-0.258819045102985,0.));
#2481=DIRECTION('',(-0.258819045102985,0.965925826288944,0.));
#2482=DIRECTION('',(-0.965925826288944,-0.258819045102985,0.));
#2483=DIRECTION('',(-0.258819045102985,0.965925826288944,0.));
#2484=DIRECTION('',(-0.866025403784329,-0.50000000000019,0.));
#2485=DIRECTION('',(-0.50000000000019,0.866025403784329,0.));
#2486=DIRECTION('',(-0.866025403784329,-0.50000000000019,0.));
#2487=DIRECTION('',(-0.50000000000019,0.866025403784329,0.));
#2488=DIRECTION('',(-1.110223024625E-16,-1.,0.));
#2489=DIRECTION('',(-1.,1.110223024625E-16,0.));
#2490=DIRECTION('',(-1.110223024625E-16,-1.,0.));
#2491=DIRECTION('',(-1.,1.110223024625E-16,0.));
#2492=DIRECTION('',(-0.258819045102985,-0.965925826288944,0.));
#2493=DIRECTION('',(-0.965925826288944,0.258819045102985,0.));
#2494=DIRECTION('',(-0.258819045102985,-0.965925826288944,0.));
#2495=DIRECTION('',(-0.965925826288944,0.258819045102985,0.));
#2496=DIRECTION('',(-0.50000000000019,-0.866025403784329,0.));
#2497=DIRECTION('',(-0.866025403784329,0.50000000000019,0.));
#2498=DIRECTION('',(-0.50000000000019,-0.866025403784329,0.));
#2499=DIRECTION('',(-0.866025403784329,0.50000000000019,0.));
#2500=DIRECTION('',(-0.707106781186548,-0.707106781186548,0.));
#2501=DIRECTION('',(-0.707106781186548,0.707106781186548,0.));
#2502=DIRECTION('',(-0.707106781186548,-0.707106781186548,0.));
#2503=DIRECTION('',(-0.707106781186548,0.707106781186548,0.));
#2504=DIRECTION('center_axis',(0.707106781186548,-0.707106781186548,0.));
#2505=DIRECTION('ref_axis',(0.,0.,1.));
#2506=DIRECTION('',(0.,0.,1.));
#2507=DIRECTION('',(0.,0.,1.));
#2508=DIRECTION('center_axis',(-0.707106781186548,-0.707106781186548,0.));
#2509=DIRECTION('ref_axis',(0.,0.,1.));
#2510=DIRECTION('',(0.,0.,1.));
#2511=DIRECTION('center_axis',(-0.707106781186548,-0.707106781186548,0.));
#2512=DIRECTION('ref_axis',(0.,0.,1.));
#2513=DIRECTION('',(0.,0.,1.));
#2514=DIRECTION('center_axis',(0.707106781186548,-0.707106781186548,0.));
#2515=DIRECTION('ref_axis',(0.,0.,1.));
#2516=DIRECTION('center_axis',(0.866025403784329,-0.50000000000019,0.));
#2517=DIRECTION('ref_axis',(0.,0.,1.));
#2518=DIRECTION('',(0.,0.,1.));
#2519=DIRECTION('',(0.,0.,1.));
#2520=DIRECTION('center_axis',(-0.50000000000019,-0.866025403784329,0.));
#2521=DIRECTION('ref_axis',(0.,0.,1.));
#2522=DIRECTION('',(0.,0.,1.));
#2523=DIRECTION('center_axis',(-0.50000000000019,-0.866025403784329,0.));
#2524=DIRECTION('ref_axis',(0.,0.,1.));
#2525=DIRECTION('',(0.,0.,1.));
#2526=DIRECTION('center_axis',(0.866025403784329,-0.50000000000019,0.));
#2527=DIRECTION('ref_axis',(0.,0.,1.));
#2528=DIRECTION('center_axis',(0.965925826288944,-0.258819045102985,0.));
#2529=DIRECTION('ref_axis',(0.,0.,1.));
#2530=DIRECTION('',(0.,0.,1.));
#2531=DIRECTION('',(0.,0.,1.));
#2532=DIRECTION('center_axis',(-0.258819045102985,-0.965925826288944,0.));
#2533=DIRECTION('ref_axis',(0.,0.,1.));
#2534=DIRECTION('',(0.,0.,1.));
#2535=DIRECTION('center_axis',(-0.258819045102985,-0.965925826288944,0.));
#2536=DIRECTION('ref_axis',(0.,0.,1.));
#2537=DIRECTION('',(0.,0.,1.));
#2538=DIRECTION('center_axis',(0.965925826288944,-0.258819045102985,0.));
#2539=DIRECTION('ref_axis',(0.,0.,1.));
#2540=DIRECTION('center_axis',(1.,-2.22044604925E-16,0.));
#2541=DIRECTION('ref_axis',(0.,0.,1.));
#2542=DIRECTION('',(0.,0.,1.));
#2543=DIRECTION('',(0.,0.,1.));
#2544=DIRECTION('center_axis',(-2.22044604925E-16,-1.,0.));
#2545=DIRECTION('ref_axis',(0.,0.,1.));
#2546=DIRECTION('',(0.,0.,1.));
#2547=DIRECTION('center_axis',(-2.22044604925E-16,-1.,0.));
#2548=DIRECTION('ref_axis',(0.,0.,1.));
#2549=DIRECTION('',(0.,0.,1.));
#2550=DIRECTION('center_axis',(1.,-2.22044604925E-16,0.));
#2551=DIRECTION('ref_axis',(0.,0.,1.));
#2552=DIRECTION('center_axis',(0.50000000000019,-0.866025403784329,0.));
#2553=DIRECTION('ref_axis',(0.,0.,1.));
#2554=DIRECTION('',(0.,0.,1.));
#2555=DIRECTION('',(0.,0.,1.));
#2556=DIRECTION('center_axis',(-0.866025403784329,-0.50000000000019,0.));
#2557=DIRECTION('ref_axis',(0.,0.,1.));
#2558=DIRECTION('',(0.,0.,1.));
#2559=DIRECTION('center_axis',(-0.866025403784329,-0.50000000000019,0.));
#2560=DIRECTION('ref_axis',(0.,0.,1.));
#2561=DIRECTION('',(0.,0.,1.));
#2562=DIRECTION('center_axis',(0.50000000000019,-0.866025403784329,0.));
#2563=DIRECTION('ref_axis',(0.,0.,1.));
#2564=DIRECTION('center_axis',(0.258819045102985,-0.965925826288944,0.));
#2565=DIRECTION('ref_axis',(0.,0.,1.));
#2566=DIRECTION('',(0.,0.,1.));
#2567=DIRECTION('',(0.,0.,1.));
#2568=DIRECTION('center_axis',(-0.965925826288944,-0.258819045102985,0.));
#2569=DIRECTION('ref_axis',(0.,0.,1.));
#2570=DIRECTION('',(0.,0.,1.));
#2571=DIRECTION('center_axis',(-0.965925826288944,-0.258819045102985,0.));
#2572=DIRECTION('ref_axis',(0.,0.,1.));
#2573=DIRECTION('',(0.,0.,1.));
#2574=DIRECTION('center_axis',(0.258819045102985,-0.965925826288944,0.));
#2575=DIRECTION('ref_axis',(0.,0.,1.));
#2576=DIRECTION('center_axis',(0.965925826288944,0.258819045102985,0.));
#2577=DIRECTION('ref_axis',(0.,0.,1.));
#2578=DIRECTION('',(0.,0.,1.));
#2579=DIRECTION('',(0.,0.,1.));
#2580=DIRECTION('center_axis',(0.258819045102985,-0.965925826288944,0.));
#2581=DIRECTION('ref_axis',(0.,0.,1.));
#2582=DIRECTION('',(0.,0.,1.));
#2583=DIRECTION('center_axis',(0.258819045102985,-0.965925826288944,0.));
#2584=DIRECTION('ref_axis',(0.,0.,1.));
#2585=DIRECTION('',(0.,0.,1.));
#2586=DIRECTION('center_axis',(0.965925826288944,0.258819045102985,0.));
#2587=DIRECTION('ref_axis',(0.,0.,1.));
#2588=DIRECTION('center_axis',(0.866025403784329,0.50000000000019,0.));
#2589=DIRECTION('ref_axis',(0.,0.,1.));
#2590=DIRECTION('',(0.,0.,1.));
#2591=DIRECTION('',(0.,0.,1.));
#2592=DIRECTION('center_axis',(0.50000000000019,-0.866025403784329,0.));
#2593=DIRECTION('ref_axis',(0.,0.,1.));
#2594=DIRECTION('',(0.,0.,1.));
#2595=DIRECTION('center_axis',(0.50000000000019,-0.866025403784329,0.));
#2596=DIRECTION('ref_axis',(0.,0.,1.));
#2597=DIRECTION('',(0.,0.,1.));
#2598=DIRECTION('center_axis',(0.866025403784329,0.50000000000019,0.));
#2599=DIRECTION('ref_axis',(0.,0.,1.));
#2600=DIRECTION('center_axis',(0.707106781186548,0.707106781186548,0.));
#2601=DIRECTION('ref_axis',(0.,0.,1.));
#2602=DIRECTION('',(0.,0.,1.));
#2603=DIRECTION('',(0.,0.,1.));
#2604=DIRECTION('center_axis',(0.707106781186548,-0.707106781186548,0.));
#2605=DIRECTION('ref_axis',(0.,0.,1.));
#2606=DIRECTION('',(0.,0.,1.));
#2607=DIRECTION('center_axis',(0.707106781186548,-0.707106781186548,0.));
#2608=DIRECTION('ref_axis',(0.,0.,1.));
#2609=DIRECTION('',(0.,0.,1.));
#2610=DIRECTION('center_axis',(0.707106781186548,0.707106781186548,0.));
#2611=DIRECTION('ref_axis',(0.,0.,1.));
#2612=DIRECTION('center_axis',(0.50000000000019,0.866025403784329,0.));
#2613=DIRECTION('ref_axis',(0.,0.,1.));
#2614=DIRECTION('',(0.,0.,1.));
#2615=DIRECTION('',(0.,0.,1.));
#2616=DIRECTION('center_axis',(0.866025403784329,-0.50000000000019,0.));
#2617=DIRECTION('ref_axis',(0.,0.,1.));
#2618=DIRECTION('',(0.,0.,1.));
#2619=DIRECTION('center_axis',(0.866025403784329,-0.50000000000019,0.));
#2620=DIRECTION('ref_axis',(0.,0.,1.));
#2621=DIRECTION('',(0.,0.,1.));
#2622=DIRECTION('center_axis',(0.50000000000019,0.866025403784329,0.));
#2623=DIRECTION('ref_axis',(0.,0.,1.));
#2624=DIRECTION('center_axis',(0.258819045102985,0.965925826288944,0.));
#2625=DIRECTION('ref_axis',(0.,0.,1.));
#2626=DIRECTION('',(0.,0.,1.));
#2627=DIRECTION('',(0.,0.,1.));
#2628=DIRECTION('center_axis',(0.965925826288944,-0.258819045102985,0.));
#2629=DIRECTION('ref_axis',(0.,0.,1.));
#2630=DIRECTION('',(0.,0.,1.));
#2631=DIRECTION('center_axis',(0.258819045102985,0.965925826288944,0.));
#2632=DIRECTION('ref_axis',(0.,0.,1.));
#2633=DIRECTION('',(0.,0.,1.));
#2634=DIRECTION('center_axis',(0.965925826288944,-0.258819045102985,0.));
#2635=DIRECTION('ref_axis',(0.,0.,1.));
#2636=DIRECTION('center_axis',(-1.224646799147E-16,-1.,0.));
#2637=DIRECTION('ref_axis',(0.,0.,1.));
#2638=DIRECTION('',(0.,0.,1.));
#2639=DIRECTION('',(0.,0.,1.));
#2640=DIRECTION('center_axis',(-1.,1.224646799147E-16,0.));
#2641=DIRECTION('ref_axis',(0.,0.,1.));
#2642=DIRECTION('',(0.,0.,1.));
#2643=DIRECTION('center_axis',(-1.,1.224646799147E-16,0.));
#2644=DIRECTION('ref_axis',(0.,0.,1.));
#2645=DIRECTION('',(0.,0.,1.));
#2646=DIRECTION('center_axis',(-1.224646799147E-16,-1.,0.));
#2647=DIRECTION('ref_axis',(0.,0.,1.));
#2648=DIRECTION('center_axis',(-0.258819045102985,-0.965925826288944,0.));
#2649=DIRECTION('ref_axis',(0.,0.,1.));
#2650=DIRECTION('',(0.,0.,1.));
#2651=DIRECTION('',(0.,0.,1.));
#2652=DIRECTION('center_axis',(-0.965925826288944,0.258819045102985,0.));
#2653=DIRECTION('ref_axis',(0.,0.,1.));
#2654=DIRECTION('',(0.,0.,1.));
#2655=DIRECTION('center_axis',(-0.965925826288944,0.258819045102985,0.));
#2656=DIRECTION('ref_axis',(0.,0.,1.));
#2657=DIRECTION('',(0.,0.,1.));
#2658=DIRECTION('center_axis',(-0.258819045102985,-0.965925826288944,0.));
#2659=DIRECTION('ref_axis',(0.,0.,1.));
#2660=DIRECTION('center_axis',(-0.50000000000019,-0.866025403784329,0.));
#2661=DIRECTION('ref_axis',(0.,0.,1.));
#2662=DIRECTION('',(0.,0.,1.));
#2663=DIRECTION('',(0.,0.,1.));
#2664=DIRECTION('center_axis',(-0.866025403784329,0.50000000000019,0.));
#2665=DIRECTION('ref_axis',(0.,0.,1.));
#2666=DIRECTION('',(0.,0.,1.));
#2667=DIRECTION('center_axis',(-0.866025403784329,0.50000000000019,0.));
#2668=DIRECTION('ref_axis',(0.,0.,1.));
#2669=DIRECTION('',(0.,0.,1.));
#2670=DIRECTION('center_axis',(-0.50000000000019,-0.866025403784329,0.));
#2671=DIRECTION('ref_axis',(0.,0.,1.));
#2672=DIRECTION('center_axis',(-0.707106781186548,-0.707106781186548,0.));
#2673=DIRECTION('ref_axis',(0.,0.,1.));
#2674=DIRECTION('',(0.,0.,1.));
#2675=DIRECTION('',(0.,0.,1.));
#2676=DIRECTION('center_axis',(-0.707106781186548,0.707106781186548,0.));
#2677=DIRECTION('ref_axis',(0.,0.,1.));
#2678=DIRECTION('',(0.,0.,1.));
#2679=DIRECTION('center_axis',(-0.707106781186548,0.707106781186548,0.));
#2680=DIRECTION('ref_axis',(0.,0.,1.));
#2681=DIRECTION('',(0.,0.,1.));
#2682=DIRECTION('center_axis',(-0.707106781186548,-0.707106781186548,0.));
#2683=DIRECTION('ref_axis',(0.,0.,1.));
#2684=DIRECTION('center_axis',(-0.866025403784329,-0.50000000000019,0.));
#2685=DIRECTION('ref_axis',(0.,0.,1.));
#2686=DIRECTION('',(0.,0.,1.));
#2687=DIRECTION('',(0.,0.,1.));
#2688=DIRECTION('center_axis',(-0.50000000000019,0.866025403784329,0.));
#2689=DIRECTION('ref_axis',(0.,0.,1.));
#2690=DIRECTION('',(0.,0.,1.));
#2691=DIRECTION('center_axis',(-0.50000000000019,0.866025403784329,0.));
#2692=DIRECTION('ref_axis',(0.,0.,1.));
#2693=DIRECTION('',(0.,0.,1.));
#2694=DIRECTION('center_axis',(-0.866025403784329,-0.50000000000019,0.));
#2695=DIRECTION('ref_axis',(0.,0.,1.));
#2696=DIRECTION('center_axis',(-0.965925826288944,-0.258819045102985,0.));
#2697=DIRECTION('ref_axis',(0.,0.,1.));
#2698=DIRECTION('',(0.,0.,1.));
#2699=DIRECTION('',(0.,0.,1.));
#2700=DIRECTION('center_axis',(-0.258819045102985,0.965925826288944,0.));
#2701=DIRECTION('ref_axis',(0.,0.,1.));
#2702=DIRECTION('',(0.,0.,1.));
#2703=DIRECTION('center_axis',(-0.258819045102985,0.965925826288944,0.));
#2704=DIRECTION('ref_axis',(0.,0.,1.));
#2705=DIRECTION('',(0.,0.,1.));
#2706=DIRECTION('center_axis',(-0.965925826288944,-0.258819045102985,0.));
#2707=DIRECTION('ref_axis',(0.,0.,1.));
#2708=DIRECTION('center_axis',(0.,0.,1.));
#2709=DIRECTION('ref_axis',(1.,0.,0.));
#2710=DIRECTION('',(0.,0.,1.));
#2711=DIRECTION('center_axis',(0.,1.,0.));
#2712=DIRECTION('ref_axis',(0.,0.,1.));
#2713=DIRECTION('',(0.,0.,1.));
#2714=DIRECTION('',(0.,0.,1.));
#2715=DIRECTION('center_axis',(1.,0.,0.));
#2716=DIRECTION('ref_axis',(0.,0.,1.));
#2717=DIRECTION('',(0.,0.,1.));
#2718=DIRECTION('center_axis',(1.,0.,0.));
#2719=DIRECTION('ref_axis',(0.,0.,1.));
#2720=DIRECTION('',(0.,0.,1.));
#2721=DIRECTION('center_axis',(0.,1.,0.));
#2722=DIRECTION('ref_axis',(0.,0.,1.));
#2723=DIRECTION('center_axis',(-0.258819045102985,0.965925826288944,0.));
#2724=DIRECTION('ref_axis',(0.,0.,1.));
#2725=DIRECTION('',(0.,0.,1.));
#2726=DIRECTION('',(0.,0.,1.));
#2727=DIRECTION('center_axis',(0.965925826288944,0.258819045102985,0.));
#2728=DIRECTION('ref_axis',(0.,0.,1.));
#2729=DIRECTION('',(0.,0.,1.));
#2730=DIRECTION('center_axis',(0.965925826288944,0.258819045102985,0.));
#2731=DIRECTION('ref_axis',(0.,0.,1.));
#2732=DIRECTION('',(0.,0.,1.));
#2733=DIRECTION('center_axis',(-0.258819045102985,0.965925826288944,0.));
#2734=DIRECTION('ref_axis',(0.,0.,1.));
#2735=DIRECTION('center_axis',(-0.50000000000019,0.866025403784329,0.));
#2736=DIRECTION('ref_axis',(0.,0.,1.));
#2737=DIRECTION('',(0.,0.,1.));
#2738=DIRECTION('',(0.,0.,1.));
#2739=DIRECTION('center_axis',(0.866025403784329,0.50000000000019,0.));
#2740=DIRECTION('ref_axis',(0.,0.,1.));
#2741=DIRECTION('',(0.,0.,1.));
#2742=DIRECTION('center_axis',(0.866025403784329,0.50000000000019,0.));
#2743=DIRECTION('ref_axis',(0.,0.,1.));
#2744=DIRECTION('',(0.,0.,1.));
#2745=DIRECTION('center_axis',(-0.50000000000019,0.866025403784329,0.));
#2746=DIRECTION('ref_axis',(0.,0.,1.));
#2747=DIRECTION('center_axis',(-1.,1.110223024625E-16,0.));
#2748=DIRECTION('ref_axis',(0.,0.,1.));
#2749=DIRECTION('',(0.,0.,1.));
#2750=DIRECTION('',(0.,0.,1.));
#2751=DIRECTION('center_axis',(1.110223024625E-16,1.,0.));
#2752=DIRECTION('ref_axis',(0.,0.,1.));
#2753=DIRECTION('',(0.,0.,1.));
#2754=DIRECTION('center_axis',(1.110223024625E-16,1.,0.));
#2755=DIRECTION('ref_axis',(0.,0.,1.));
#2756=DIRECTION('',(0.,0.,1.));
#2757=DIRECTION('center_axis',(-1.,1.110223024625E-16,0.));
#2758=DIRECTION('ref_axis',(0.,0.,1.));
#2759=DIRECTION('center_axis',(-0.965925826288944,0.258819045102985,0.));
#2760=DIRECTION('ref_axis',(0.,0.,1.));
#2761=DIRECTION('',(0.,0.,1.));
#2762=DIRECTION('',(0.,0.,1.));
#2763=DIRECTION('center_axis',(0.258819045102985,0.965925826288944,0.));
#2764=DIRECTION('ref_axis',(0.,0.,1.));
#2765=DIRECTION('',(0.,0.,1.));
#2766=DIRECTION('center_axis',(0.258819045102985,0.965925826288944,0.));
#2767=DIRECTION('ref_axis',(0.,0.,1.));
#2768=DIRECTION('',(0.,0.,1.));
#2769=DIRECTION('center_axis',(-0.965925826288944,0.258819045102985,0.));
#2770=DIRECTION('ref_axis',(0.,0.,1.));
#2771=DIRECTION('center_axis',(-0.866025403784329,0.50000000000019,0.));
#2772=DIRECTION('ref_axis',(0.,0.,1.));
#2773=DIRECTION('',(0.,0.,1.));
#2774=DIRECTION('',(0.,0.,1.));
#2775=DIRECTION('center_axis',(0.50000000000019,0.866025403784329,0.));
#2776=DIRECTION('ref_axis',(0.,0.,1.));
#2777=DIRECTION('',(0.,0.,1.));
#2778=DIRECTION('center_axis',(0.50000000000019,0.866025403784329,0.));
#2779=DIRECTION('ref_axis',(0.,0.,1.));
#2780=DIRECTION('',(0.,0.,1.));
#2781=DIRECTION('center_axis',(-0.866025403784329,0.50000000000019,0.));
#2782=DIRECTION('ref_axis',(0.,0.,1.));
#2783=DIRECTION('center_axis',(-0.707106781186548,0.707106781186548,0.));
#2784=DIRECTION('ref_axis',(0.,0.,1.));
#2785=DIRECTION('',(0.,0.,1.));
#2786=DIRECTION('',(0.,0.,1.));
#2787=DIRECTION('center_axis',(0.707106781186548,0.707106781186548,0.));
#2788=DIRECTION('ref_axis',(0.,0.,1.));
#2789=DIRECTION('',(0.,0.,1.));
#2790=DIRECTION('center_axis',(0.707106781186548,0.707106781186548,0.));
#2791=DIRECTION('ref_axis',(0.,0.,1.));
#2792=DIRECTION('',(0.,0.,1.));
#2793=DIRECTION('center_axis',(-0.707106781186548,0.707106781186548,0.));
#2794=DIRECTION('ref_axis',(0.,0.,1.));
#2795=CARTESIAN_POINT('',(0.,0.,0.));
#2796=CARTESIAN_POINT('Origin',(0.,0.,10.75));
#2797=CARTESIAN_POINT('',(-69.,-8.45006291411674E-15,13.25));
#2798=CARTESIAN_POINT('Origin',(0.,0.,13.25));
#2799=CARTESIAN_POINT('',(-69.,-8.45006291411674E-15,10.75));
#2800=CARTESIAN_POINT('',(-69.,-8.45006291411674E-15,10.75));
#2801=CARTESIAN_POINT('Origin',(0.,0.,10.75));
#2802=CARTESIAN_POINT('Origin',(0.,0.,13.25));
#2803=CARTESIAN_POINT('',(-50.48742417672,-43.13351365237,13.25));
#2804=CARTESIAN_POINT('',(-41.71930009,-34.36538956566,13.25));
#2805=CARTESIAN_POINT('',(-22.69812767608,-15.34421715174,13.25));
#2806=CARTESIAN_POINT('',(-34.36538956566,-41.71930009,13.25));
#2807=CARTESIAN_POINT('',(-39.88082245892,-36.20386719675,13.25));
#2808=CARTESIAN_POINT('',(-43.13351365237,-50.48742417671,13.25));
#2809=CARTESIAN_POINT('',(-15.34421715174,-22.69812767608,13.25));
#2810=CARTESIAN_POINT('',(-48.64894654563,-44.97199128346,13.25));
#2811=CARTESIAN_POINT('',(-37.60333209967,-54.73088173053,13.25));
#2812=CARTESIAN_POINT('',(-31.40333209967,-43.9921667236,13.25));
#2813=CARTESIAN_POINT('',(-17.95333209967,-20.6960833618,13.25));
#2814=CARTESIAN_POINT('',(-22.39666790032,-49.1921667236,13.25));
#2815=CARTESIAN_POINT('',(-29.15166604984,-45.2921667236,13.25));
#2816=CARTESIAN_POINT('',(-28.59666790032,-59.93088173053,13.25));
#2817=CARTESIAN_POINT('',(-8.946667900321,-25.8960833618,13.25));
#2818=CARTESIAN_POINT('',(-35.35166604984,-56.03088173053,13.25));
#2819=CARTESIAN_POINT('',(-22.15663508249,-62.5984306658,13.25));
#2820=CARTESIAN_POINT('',(-18.94727892321,-50.62095041981,13.25));
#2821=CARTESIAN_POINT('',(-11.98504660996,-24.63754569264,13.25));
#2822=CARTESIAN_POINT('',(-8.901650329812,-53.31266848888,13.25));
#2823=CARTESIAN_POINT('',(-16.43587177486,-51.29387993708,13.25));
#2824=CARTESIAN_POINT('',(-12.11100648908,-65.29014873486,13.25));
#2825=CARTESIAN_POINT('',(-1.939418016555,-27.3292637617,13.25));
#2826=CARTESIAN_POINT('',(-19.64522793413,-63.27136018307,13.25));
#2827=CARTESIAN_POINT('',(-5.2,-66.2,13.25));
#2828=CARTESIAN_POINT('',(-5.2,-53.8,13.25));
#2829=CARTESIAN_POINT('',(-5.2,-26.9,13.25));
#2830=CARTESIAN_POINT('',(5.2,-53.8,13.25));
#2831=CARTESIAN_POINT('',(-2.6,-53.8,13.25));
#2832=CARTESIAN_POINT('',(5.2,-66.2,13.25));
#2833=CARTESIAN_POINT('',(5.2,-26.9,13.25));
#2834=CARTESIAN_POINT('',(-2.6,-66.2,13.25));
#2835=CARTESIAN_POINT('',(-59.93088173053,-28.59666790032,13.25));
#2836=CARTESIAN_POINT('',(-49.1921667236,-22.39666790032,13.25));
#2837=CARTESIAN_POINT('',(-25.8960833618,-8.946667900321,13.25));
#2838=CARTESIAN_POINT('',(-43.9921667236,-31.40333209967,13.25));
#2839=CARTESIAN_POINT('',(-47.8921667236,-24.64833395016,13.25));
#2840=CARTESIAN_POINT('',(-54.73088173053,-37.60333209967,13.25));
#2841=CARTESIAN_POINT('',(-20.6960833618,-17.95333209967,13.25));
#2842=CARTESIAN_POINT('',(-58.63088173053,-30.84833395016,13.25));
#2843=CARTESIAN_POINT('',(-65.29014873486,-12.11100648908,13.25));
#2844=CARTESIAN_POINT('',(-53.31266848888,-8.901650329812,13.25));
#2845=CARTESIAN_POINT('',(-27.3292637617,-1.939418016555,13.25));
#2846=CARTESIAN_POINT('',(-50.62095041981,-18.94727892321,13.25));
#2847=CARTESIAN_POINT('',(-52.63973897161,-11.41305747816,13.25));
#2848=CARTESIAN_POINT('',(-62.5984306658,-22.15663508249,13.25));
#2849=CARTESIAN_POINT('',(-24.63754569264,-11.98504660996,13.25));
#2850=CARTESIAN_POINT('',(-64.6172192176,-14.62241363743,13.25));
#2851=CARTESIAN_POINT('',(12.111006489084,-65.29014873486,13.25));
#2852=CARTESIAN_POINT('',(8.901650329812,-53.31266848888,13.25));
#2853=CARTESIAN_POINT('',(1.939418016555,-27.3292637617,13.25));
#2854=CARTESIAN_POINT('',(18.947278923219,-50.62095041981,13.25));
#2855=CARTESIAN_POINT('',(11.413057478164,-52.63973897161,13.25));
#2856=CARTESIAN_POINT('',(22.15663508249,-62.5984306658,13.25));
#2857=CARTESIAN_POINT('',(11.985046609961,-24.63754569264,13.25));
#2858=CARTESIAN_POINT('',(14.622413637435,-64.6172192176,13.25));
#2859=CARTESIAN_POINT('',(28.596667900321,-59.93088173053,13.25));
#2860=CARTESIAN_POINT('',(22.396667900321,-49.1921667236,13.25));
#2861=CARTESIAN_POINT('',(8.946667900321,-25.8960833618,13.25));
#2862=CARTESIAN_POINT('',(31.403332099679,-43.9921667236,13.25));
#2863=CARTESIAN_POINT('',(24.64833395016,-47.8921667236,13.25));
#2864=CARTESIAN_POINT('',(37.603332099679,-54.73088173053,13.25));
#2865=CARTESIAN_POINT('',(17.953332099679,-20.6960833618,13.25));
#2866=CARTESIAN_POINT('',(30.84833395016,-58.63088173053,13.25));
#2867=CARTESIAN_POINT('',(43.133513652379,-50.48742417672,13.25));
#2868=CARTESIAN_POINT('',(34.365389565666,-41.71930009,13.25));
#2869=CARTESIAN_POINT('',(15.344217151748,-22.69812767608,13.25));
#2870=CARTESIAN_POINT('',(41.719300090006,-34.36538956566,13.25));
#2871=CARTESIAN_POINT('',(36.203867196751,-39.88082245892,13.25));
#2872=CARTESIAN_POINT('',(50.487424176719,-43.13351365237,13.25));
#2873=CARTESIAN_POINT('',(22.698127676088,-15.34421715174,13.25));
#2874=CARTESIAN_POINT('',(44.971991283464,-48.64894654563,13.25));
#2875=CARTESIAN_POINT('',(54.73088173053,-37.60333209967,13.25));
#2876=CARTESIAN_POINT('',(43.992166723603,-31.40333209967,13.25));
#2877=CARTESIAN_POINT('',(20.696083361801,-17.95333209967,13.25));
#2878=CARTESIAN_POINT('',(49.192166723603,-22.39666790032,13.25));
#2879=CARTESIAN_POINT('',(45.292166723603,-29.15166604984,13.25));
#2880=CARTESIAN_POINT('',(59.93088173053,-28.59666790032,13.25));
#2881=CARTESIAN_POINT('',(25.896083361801,-8.946667900321,13.25));
#2882=CARTESIAN_POINT('',(56.03088173053,-35.35166604984,13.25));
#2883=CARTESIAN_POINT('',(62.598430665803,-22.15663508249,13.25));
#2884=CARTESIAN_POINT('',(50.620950419819,-18.94727892321,13.25));
#2885=CARTESIAN_POINT('',(24.637545692643,-11.98504660996,13.25));
#2886=CARTESIAN_POINT('',(53.312668488885,-8.901650329813,13.25));
#2887=CARTESIAN_POINT('',(51.293879937085,-16.43587177486,13.25));
#2888=CARTESIAN_POINT('',(65.290148734869,-12.11100648908,13.25));
#2889=CARTESIAN_POINT('',(27.329263761709,-1.939418016555,13.25));
#2890=CARTESIAN_POINT('',(63.27136018307,-19.64522793413,13.25));
#2891=CARTESIAN_POINT('',(-66.2,5.2,13.25));
#2892=CARTESIAN_POINT('',(-53.8,5.2,13.25));
#2893=CARTESIAN_POINT('',(-26.9,5.2,13.25));
#2894=CARTESIAN_POINT('',(-53.8,-5.2,13.25));
#2895=CARTESIAN_POINT('',(-53.8,2.6,13.25));
#2896=CARTESIAN_POINT('',(-66.2,-5.2,13.25));
#2897=CARTESIAN_POINT('',(-26.9,-5.2,13.25));
#2898=CARTESIAN_POINT('',(-66.2,2.6,13.25));
#2899=CARTESIAN_POINT('',(-62.5984306658,22.15663508249,13.25));
#2900=CARTESIAN_POINT('',(-50.62095041981,18.947278923219,13.25));
#2901=CARTESIAN_POINT('',(-24.63754569264,11.985046609961,13.25));
#2902=CARTESIAN_POINT('',(-53.31266848888,8.901650329812,13.25));
#2903=CARTESIAN_POINT('',(-51.29387993708,16.435871774867,13.25));
#2904=CARTESIAN_POINT('',(-65.29014873486,12.111006489084,13.25));
#2905=CARTESIAN_POINT('',(-27.3292637617,1.939418016555,13.25));
#2906=CARTESIAN_POINT('',(-63.27136018307,19.645227934138,13.25));
#2907=CARTESIAN_POINT('',(-54.73088173053,37.603332099679,13.25));
#2908=CARTESIAN_POINT('',(-43.9921667236,31.403332099679,13.25));
#2909=CARTESIAN_POINT('',(-20.6960833618,17.953332099679,13.25));
#2910=CARTESIAN_POINT('',(-49.1921667236,22.396667900321,13.25));
#2911=CARTESIAN_POINT('',(-45.2921667236,29.15166604984,13.25));
#2912=CARTESIAN_POINT('',(-59.93088173053,28.596667900321,13.25));
#2913=CARTESIAN_POINT('',(-25.8960833618,8.946667900321,13.25));
#2914=CARTESIAN_POINT('',(-56.03088173053,35.35166604984,13.25));
#2915=CARTESIAN_POINT('',(-43.13351365237,50.48742417672,13.25));
#2916=CARTESIAN_POINT('',(-34.36538956566,41.719300090006,13.25));
#2917=CARTESIAN_POINT('',(-15.34421715174,22.698127676088,13.25));
#2918=CARTESIAN_POINT('',(-41.71930009,34.365389565666,13.25));
#2919=CARTESIAN_POINT('',(-36.20386719675,39.880822458921,13.25));
#2920=CARTESIAN_POINT('',(-50.48742417671,43.133513652379,13.25));
#2921=CARTESIAN_POINT('',(-22.69812767608,15.344217151748,13.25));
#2922=CARTESIAN_POINT('',(-44.97199128346,48.648946545634,13.25));
#2923=CARTESIAN_POINT('',(-28.59666790032,59.93088173053,13.25));
#2924=CARTESIAN_POINT('',(-22.39666790032,49.192166723603,13.25));
#2925=CARTESIAN_POINT('',(-8.946667900321,25.896083361801,13.25));
#2926=CARTESIAN_POINT('',(-31.40333209967,43.992166723603,13.25));
#2927=CARTESIAN_POINT('',(-24.64833395016,47.892166723603,13.25));
#2928=CARTESIAN_POINT('',(-37.60333209967,54.73088173053,13.25));
#2929=CARTESIAN_POINT('',(-17.95333209967,20.696083361801,13.25));
#2930=CARTESIAN_POINT('',(-30.84833395016,58.63088173053,13.25));
#2931=CARTESIAN_POINT('',(-12.11100648908,65.290148734869,13.25));
#2932=CARTESIAN_POINT('',(-8.901650329812,53.312668488885,13.25));
#2933=CARTESIAN_POINT('',(-1.939418016555,27.329263761709,13.25));
#2934=CARTESIAN_POINT('',(-18.94727892321,50.620950419819,13.25));
#2935=CARTESIAN_POINT('',(-11.41305747816,52.639738971618,13.25));
#2936=CARTESIAN_POINT('',(-22.15663508249,62.598430665803,13.25));
#2937=CARTESIAN_POINT('',(-11.98504660996,24.637545692643,13.25));
#2938=CARTESIAN_POINT('',(-14.62241363743,64.617219217603,13.25));
#2939=CARTESIAN_POINT('',(-51.,-6.2456986756515E-15,13.25));
#2940=CARTESIAN_POINT('Origin',(0.,0.,13.25));
#2941=CARTESIAN_POINT('',(66.2,-5.2,13.25));
#2942=CARTESIAN_POINT('',(53.8,-5.2,13.25));
#2943=CARTESIAN_POINT('',(26.9,-5.2,13.25));
#2944=CARTESIAN_POINT('',(53.8,5.2,13.25));
#2945=CARTESIAN_POINT('',(53.8,-2.6,13.25));
#2946=CARTESIAN_POINT('',(66.2,5.2,13.25));
#2947=CARTESIAN_POINT('',(26.9,5.2,13.25));
#2948=CARTESIAN_POINT('',(66.2,-2.6,13.25));
#2949=CARTESIAN_POINT('',(65.290148734869,12.111006489084,13.25));
#2950=CARTESIAN_POINT('',(53.312668488885,8.901650329812,13.25));
#2951=CARTESIAN_POINT('',(27.329263761709,1.939418016555,13.25));
#2952=CARTESIAN_POINT('',(50.620950419819,18.947278923219,13.25));
#2953=CARTESIAN_POINT('',(52.639738971618,11.413057478164,13.25));
#2954=CARTESIAN_POINT('',(62.598430665803,22.15663508249,13.25));
#2955=CARTESIAN_POINT('',(24.637545692643,11.985046609961,13.25));
#2956=CARTESIAN_POINT('',(64.617219217603,14.622413637435,13.25));
#2957=CARTESIAN_POINT('',(59.93088173053,28.596667900321,13.25));
#2958=CARTESIAN_POINT('',(49.192166723603,22.396667900321,13.25));
#2959=CARTESIAN_POINT('',(25.896083361801,8.946667900321,13.25));
#2960=CARTESIAN_POINT('',(43.992166723603,31.403332099679,13.25));
#2961=CARTESIAN_POINT('',(47.892166723603,24.64833395016,13.25));
#2962=CARTESIAN_POINT('',(54.73088173053,37.603332099679,13.25));
#2963=CARTESIAN_POINT('',(20.696083361801,17.953332099679,13.25));
#2964=CARTESIAN_POINT('',(58.63088173053,30.84833395016,13.25));
#2965=CARTESIAN_POINT('',(5.2,66.2,13.25));
#2966=CARTESIAN_POINT('',(5.2,53.8,13.25));
#2967=CARTESIAN_POINT('',(5.2,26.9,13.25));
#2968=CARTESIAN_POINT('',(-5.2,53.8,13.25));
#2969=CARTESIAN_POINT('',(2.6,53.8,13.25));
#2970=CARTESIAN_POINT('',(-5.2,66.2,13.25));
#2971=CARTESIAN_POINT('',(-5.2,26.9,13.25));
#2972=CARTESIAN_POINT('',(2.6,66.2,13.25));
#2973=CARTESIAN_POINT('',(22.15663508249,62.598430665803,13.25));
#2974=CARTESIAN_POINT('',(18.947278923219,50.620950419819,13.25));
#2975=CARTESIAN_POINT('',(11.985046609961,24.637545692643,13.25));
#2976=CARTESIAN_POINT('',(8.901650329812,53.312668488885,13.25));
#2977=CARTESIAN_POINT('',(16.435871774867,51.293879937085,13.25));
#2978=CARTESIAN_POINT('',(12.111006489084,65.290148734869,13.25));
#2979=CARTESIAN_POINT('',(1.939418016555,27.329263761709,13.25));
#2980=CARTESIAN_POINT('',(19.645227934138,63.27136018307,13.25));
#2981=CARTESIAN_POINT('',(37.603332099679,54.73088173053,13.25));
#2982=CARTESIAN_POINT('',(31.403332099679,43.992166723603,13.25));
#2983=CARTESIAN_POINT('',(17.953332099679,20.696083361801,13.25));
#2984=CARTESIAN_POINT('',(22.396667900321,49.192166723603,13.25));
#2985=CARTESIAN_POINT('',(29.15166604984,45.292166723603,13.25));
#2986=CARTESIAN_POINT('',(28.596667900321,59.93088173053,13.25));
#2987=CARTESIAN_POINT('',(8.946667900321,25.896083361801,13.25));
#2988=CARTESIAN_POINT('',(35.35166604984,56.03088173053,13.25));
#2989=CARTESIAN_POINT('',(50.48742417672,43.133513652379,13.25));
#2990=CARTESIAN_POINT('',(41.719300090006,34.365389565666,13.25));
#2991=CARTESIAN_POINT('',(22.698127676088,15.344217151748,13.25));
#2992=CARTESIAN_POINT('',(34.365389565666,41.719300090006,13.25));
#2993=CARTESIAN_POINT('',(39.880822458921,36.203867196751,13.25));
#2994=CARTESIAN_POINT('',(43.133513652379,50.487424176719,13.25));
#2995=CARTESIAN_POINT('',(15.344217151748,22.698127676088,13.25));
#2996=CARTESIAN_POINT('',(48.648946545634,44.971991283464,13.25));
#2997=CARTESIAN_POINT('Origin',(0.,0.,10.75));
#2998=CARTESIAN_POINT('',(-50.48742417672,-43.13351365237,10.75));
#2999=CARTESIAN_POINT('',(-41.71930009,-34.36538956566,10.75));
#3000=CARTESIAN_POINT('',(-22.69812767608,-15.34421715174,10.75));
#3001=CARTESIAN_POINT('',(-43.13351365237,-50.48742417671,10.75));
#3002=CARTESIAN_POINT('',(-48.64894654563,-44.97199128346,10.75));
#3003=CARTESIAN_POINT('',(-34.36538956566,-41.71930009,10.75));
#3004=CARTESIAN_POINT('',(-15.34421715174,-22.69812767608,10.75));
#3005=CARTESIAN_POINT('',(-39.88082245892,-36.20386719675,10.75));
#3006=CARTESIAN_POINT('',(-37.60333209967,-54.73088173053,10.75));
#3007=CARTESIAN_POINT('',(-31.40333209967,-43.9921667236,10.75));
#3008=CARTESIAN_POINT('',(-17.95333209967,-20.6960833618,10.75));
#3009=CARTESIAN_POINT('',(-28.59666790032,-59.93088173053,10.75));
#3010=CARTESIAN_POINT('',(-35.35166604984,-56.03088173053,10.75));
#3011=CARTESIAN_POINT('',(-22.39666790032,-49.1921667236,10.75));
#3012=CARTESIAN_POINT('',(-8.946667900321,-25.8960833618,10.75));
#3013=CARTESIAN_POINT('',(-29.15166604984,-45.2921667236,10.75));
#3014=CARTESIAN_POINT('',(-22.15663508249,-62.5984306658,10.75));
#3015=CARTESIAN_POINT('',(-18.94727892321,-50.62095041981,10.75));
#3016=CARTESIAN_POINT('',(-11.98504660996,-24.63754569264,10.75));
#3017=CARTESIAN_POINT('',(-12.11100648908,-65.29014873486,10.75));
#3018=CARTESIAN_POINT('',(-19.64522793413,-63.27136018307,10.75));
#3019=CARTESIAN_POINT('',(-8.901650329812,-53.31266848888,10.75));
#3020=CARTESIAN_POINT('',(-1.939418016555,-27.3292637617,10.75));
#3021=CARTESIAN_POINT('',(-16.43587177486,-51.29387993708,10.75));
#3022=CARTESIAN_POINT('',(-5.2,-66.2,10.75));
#3023=CARTESIAN_POINT('',(-5.2,-53.8,10.75));
#3024=CARTESIAN_POINT('',(-5.2,-26.9,10.75));
#3025=CARTESIAN_POINT('',(5.2,-66.2,10.75));
#3026=CARTESIAN_POINT('',(-2.6,-66.2,10.75));
#3027=CARTESIAN_POINT('',(5.2,-53.8,10.75));
#3028=CARTESIAN_POINT('',(5.2,-26.9,10.75));
#3029=CARTESIAN_POINT('',(-2.6,-53.8,10.75));
#3030=CARTESIAN_POINT('',(-59.93088173053,-28.59666790032,10.75));
#3031=CARTESIAN_POINT('',(-49.1921667236,-22.39666790032,10.75));
#3032=CARTESIAN_POINT('',(-25.8960833618,-8.946667900321,10.75));
#3033=CARTESIAN_POINT('',(-54.73088173053,-37.60333209967,10.75));
#3034=CARTESIAN_POINT('',(-58.63088173053,-30.84833395016,10.75));
#3035=CARTESIAN_POINT('',(-43.9921667236,-31.40333209967,10.75));
#3036=CARTESIAN_POINT('',(-20.6960833618,-17.95333209967,10.75));
#3037=CARTESIAN_POINT('',(-47.8921667236,-24.64833395016,10.75));
#3038=CARTESIAN_POINT('',(-65.29014873486,-12.11100648908,10.75));
#3039=CARTESIAN_POINT('',(-53.31266848888,-8.901650329812,10.75));
#3040=CARTESIAN_POINT('',(-27.3292637617,-1.939418016555,10.75));
#3041=CARTESIAN_POINT('',(-62.5984306658,-22.15663508249,10.75));
#3042=CARTESIAN_POINT('',(-64.6172192176,-14.62241363743,10.75));
#3043=CARTESIAN_POINT('',(-50.62095041981,-18.94727892321,10.75));
#3044=CARTESIAN_POINT('',(-24.63754569264,-11.98504660996,10.75));
#3045=CARTESIAN_POINT('',(-52.63973897161,-11.41305747816,10.75));
#3046=CARTESIAN_POINT('',(12.111006489084,-65.29014873486,10.75));
#3047=CARTESIAN_POINT('',(8.901650329812,-53.31266848888,10.75));
#3048=CARTESIAN_POINT('',(1.939418016555,-27.3292637617,10.75));
#3049=CARTESIAN_POINT('',(22.15663508249,-62.5984306658,10.75));
#3050=CARTESIAN_POINT('',(14.622413637435,-64.6172192176,10.75));
#3051=CARTESIAN_POINT('',(18.947278923219,-50.62095041981,10.75));
#3052=CARTESIAN_POINT('',(11.985046609961,-24.63754569264,10.75));
#3053=CARTESIAN_POINT('',(11.413057478164,-52.63973897161,10.75));
#3054=CARTESIAN_POINT('',(28.596667900321,-59.93088173053,10.75));
#3055=CARTESIAN_POINT('',(22.396667900321,-49.1921667236,10.75));
#3056=CARTESIAN_POINT('',(8.946667900321,-25.8960833618,10.75));
#3057=CARTESIAN_POINT('',(37.603332099679,-54.73088173053,10.75));
#3058=CARTESIAN_POINT('',(30.84833395016,-58.63088173053,10.75));
#3059=CARTESIAN_POINT('',(31.403332099679,-43.9921667236,10.75));
#3060=CARTESIAN_POINT('',(17.953332099679,-20.6960833618,10.75));
#3061=CARTESIAN_POINT('',(24.64833395016,-47.8921667236,10.75));
#3062=CARTESIAN_POINT('',(43.133513652379,-50.48742417672,10.75));
#3063=CARTESIAN_POINT('',(34.365389565666,-41.71930009,10.75));
#3064=CARTESIAN_POINT('',(15.344217151748,-22.69812767608,10.75));
#3065=CARTESIAN_POINT('',(50.487424176719,-43.13351365237,10.75));
#3066=CARTESIAN_POINT('',(44.971991283464,-48.64894654563,10.75));
#3067=CARTESIAN_POINT('',(41.719300090006,-34.36538956566,10.75));
#3068=CARTESIAN_POINT('',(22.698127676088,-15.34421715174,10.75));
#3069=CARTESIAN_POINT('',(36.203867196751,-39.88082245892,10.75));
#3070=CARTESIAN_POINT('',(54.73088173053,-37.60333209967,10.75));
#3071=CARTESIAN_POINT('',(43.992166723603,-31.40333209967,10.75));
#3072=CARTESIAN_POINT('',(20.696083361801,-17.95333209967,10.75));
#3073=CARTESIAN_POINT('',(59.93088173053,-28.59666790032,10.75));
#3074=CARTESIAN_POINT('',(56.03088173053,-35.35166604984,10.75));
#3075=CARTESIAN_POINT('',(49.192166723603,-22.39666790032,10.75));
#3076=CARTESIAN_POINT('',(25.896083361801,-8.946667900321,10.75));
#3077=CARTESIAN_POINT('',(45.292166723603,-29.15166604984,10.75));
#3078=CARTESIAN_POINT('',(62.598430665803,-22.15663508249,10.75));
#3079=CARTESIAN_POINT('',(50.620950419819,-18.94727892321,10.75));
#3080=CARTESIAN_POINT('',(24.637545692643,-11.98504660996,10.75));
#3081=CARTESIAN_POINT('',(65.290148734869,-12.11100648908,10.75));
#3082=CARTESIAN_POINT('',(63.27136018307,-19.64522793413,10.75));
#3083=CARTESIAN_POINT('',(53.312668488885,-8.901650329813,10.75));
#3084=CARTESIAN_POINT('',(27.329263761709,-1.939418016555,10.75));
#3085=CARTESIAN_POINT('',(51.293879937085,-16.43587177486,10.75));
#3086=CARTESIAN_POINT('',(-66.2,5.2,10.75));
#3087=CARTESIAN_POINT('',(-53.8,5.2,10.75));
#3088=CARTESIAN_POINT('',(-26.9,5.2,10.75));
#3089=CARTESIAN_POINT('',(-66.2,-5.2,10.75));
#3090=CARTESIAN_POINT('',(-66.2,2.6,10.75));
#3091=CARTESIAN_POINT('',(-53.8,-5.2,10.75));
#3092=CARTESIAN_POINT('',(-26.9,-5.2,10.75));
#3093=CARTESIAN_POINT('',(-53.8,2.6,10.75));
#3094=CARTESIAN_POINT('',(-62.5984306658,22.15663508249,10.75));
#3095=CARTESIAN_POINT('',(-50.62095041981,18.947278923219,10.75));
#3096=CARTESIAN_POINT('',(-24.63754569264,11.985046609961,10.75));
#3097=CARTESIAN_POINT('',(-65.29014873486,12.111006489084,10.75));
#3098=CARTESIAN_POINT('',(-63.27136018307,19.645227934138,10.75));
#3099=CARTESIAN_POINT('',(-53.31266848888,8.901650329812,10.75));
#3100=CARTESIAN_POINT('',(-27.3292637617,1.939418016555,10.75));
#3101=CARTESIAN_POINT('',(-51.29387993708,16.435871774867,10.75));
#3102=CARTESIAN_POINT('',(-54.73088173053,37.603332099679,10.75));
#3103=CARTESIAN_POINT('',(-43.9921667236,31.403332099679,10.75));
#3104=CARTESIAN_POINT('',(-20.6960833618,17.953332099679,10.75));
#3105=CARTESIAN_POINT('',(-59.93088173053,28.596667900321,10.75));
#3106=CARTESIAN_POINT('',(-56.03088173053,35.35166604984,10.75));
#3107=CARTESIAN_POINT('',(-49.1921667236,22.396667900321,10.75));
#3108=CARTESIAN_POINT('',(-25.8960833618,8.946667900321,10.75));
#3109=CARTESIAN_POINT('',(-45.2921667236,29.15166604984,10.75));
#3110=CARTESIAN_POINT('',(-43.13351365237,50.48742417672,10.75));
#3111=CARTESIAN_POINT('',(-34.36538956566,41.719300090006,10.75));
#3112=CARTESIAN_POINT('',(-15.34421715174,22.698127676088,10.75));
#3113=CARTESIAN_POINT('',(-50.48742417671,43.133513652379,10.75));
#3114=CARTESIAN_POINT('',(-44.97199128346,48.648946545634,10.75));
#3115=CARTESIAN_POINT('',(-41.71930009,34.365389565666,10.75));
#3116=CARTESIAN_POINT('',(-22.69812767608,15.344217151748,10.75));
#3117=CARTESIAN_POINT('',(-36.20386719675,39.880822458921,10.75));
#3118=CARTESIAN_POINT('',(-28.59666790032,59.93088173053,10.75));
#3119=CARTESIAN_POINT('',(-22.39666790032,49.192166723603,10.75));
#3120=CARTESIAN_POINT('',(-8.946667900321,25.896083361801,10.75));
#3121=CARTESIAN_POINT('',(-37.60333209967,54.73088173053,10.75));
#3122=CARTESIAN_POINT('',(-30.84833395016,58.63088173053,10.75));
#3123=CARTESIAN_POINT('',(-31.40333209967,43.992166723603,10.75));
#3124=CARTESIAN_POINT('',(-17.95333209967,20.696083361801,10.75));
#3125=CARTESIAN_POINT('',(-24.64833395016,47.892166723603,10.75));
#3126=CARTESIAN_POINT('',(-12.11100648908,65.290148734869,10.75));
#3127=CARTESIAN_POINT('',(-8.901650329812,53.312668488885,10.75));
#3128=CARTESIAN_POINT('',(-1.939418016555,27.329263761709,10.75));
#3129=CARTESIAN_POINT('',(-22.15663508249,62.598430665803,10.75));
#3130=CARTESIAN_POINT('',(-14.62241363743,64.617219217603,10.75));
#3131=CARTESIAN_POINT('',(-18.94727892321,50.620950419819,10.75));
#3132=CARTESIAN_POINT('',(-11.98504660996,24.637545692643,10.75));
#3133=CARTESIAN_POINT('',(-11.41305747816,52.639738971618,10.75));
#3134=CARTESIAN_POINT('',(-51.,-6.2456986756515E-15,10.75));
#3135=CARTESIAN_POINT('Origin',(0.,0.,10.75));
#3136=CARTESIAN_POINT('',(66.2,-5.2,10.75));
#3137=CARTESIAN_POINT('',(53.8,-5.2,10.75));
#3138=CARTESIAN_POINT('',(26.9,-5.2,10.75));
#3139=CARTESIAN_POINT('',(66.2,5.2,10.75));
#3140=CARTESIAN_POINT('',(66.2,-2.6,10.75));
#3141=CARTESIAN_POINT('',(53.8,5.2,10.75));
#3142=CARTESIAN_POINT('',(26.9,5.2,10.75));
#3143=CARTESIAN_POINT('',(53.8,-2.6,10.75));
#3144=CARTESIAN_POINT('',(65.290148734869,12.111006489084,10.75));
#3145=CARTESIAN_POINT('',(53.312668488885,8.901650329812,10.75));
#3146=CARTESIAN_POINT('',(27.329263761709,1.939418016555,10.75));
#3147=CARTESIAN_POINT('',(62.598430665803,22.15663508249,10.75));
#3148=CARTESIAN_POINT('',(64.617219217603,14.622413637435,10.75));
#3149=CARTESIAN_POINT('',(50.620950419819,18.947278923219,10.75));
#3150=CARTESIAN_POINT('',(24.637545692643,11.985046609961,10.75));
#3151=CARTESIAN_POINT('',(52.639738971618,11.413057478164,10.75));
#3152=CARTESIAN_POINT('',(59.93088173053,28.596667900321,10.75));
#3153=CARTESIAN_POINT('',(49.192166723603,22.396667900321,10.75));
#3154=CARTESIAN_POINT('',(25.896083361801,8.946667900321,10.75));
#3155=CARTESIAN_POINT('',(54.73088173053,37.603332099679,10.75));
#3156=CARTESIAN_POINT('',(58.63088173053,30.84833395016,10.75));
#3157=CARTESIAN_POINT('',(43.992166723603,31.403332099679,10.75));
#3158=CARTESIAN_POINT('',(20.696083361801,17.953332099679,10.75));
#3159=CARTESIAN_POINT('',(47.892166723603,24.64833395016,10.75));
#3160=CARTESIAN_POINT('',(5.2,66.2,10.75));
#3161=CARTESIAN_POINT('',(5.2,53.8,10.75));
#3162=CARTESIAN_POINT('',(5.2,26.9,10.75));
#3163=CARTESIAN_POINT('',(-5.2,66.2,10.75));
#3164=CARTESIAN_POINT('',(2.6,66.2,10.75));
#3165=CARTESIAN_POINT('',(-5.2,53.8,10.75));
#3166=CARTESIAN_POINT('',(-5.2,26.9,10.75));
#3167=CARTESIAN_POINT('',(2.6,53.8,10.75));
#3168=CARTESIAN_POINT('',(22.15663508249,62.598430665803,10.75));
#3169=CARTESIAN_POINT('',(18.947278923219,50.620950419819,10.75));
#3170=CARTESIAN_POINT('',(11.985046609961,24.637545692643,10.75));
#3171=CARTESIAN_POINT('',(12.111006489084,65.290148734869,10.75));
#3172=CARTESIAN_POINT('',(19.645227934138,63.27136018307,10.75));
#3173=CARTESIAN_POINT('',(8.901650329812,53.312668488885,10.75));
#3174=CARTESIAN_POINT('',(1.939418016555,27.329263761709,10.75));
#3175=CARTESIAN_POINT('',(16.435871774867,51.293879937085,10.75));
#3176=CARTESIAN_POINT('',(37.603332099679,54.73088173053,10.75));
#3177=CARTESIAN_POINT('',(31.403332099679,43.992166723603,10.75));
#3178=CARTESIAN_POINT('',(17.953332099679,20.696083361801,10.75));
#3179=CARTESIAN_POINT('',(28.596667900321,59.93088173053,10.75));
#3180=CARTESIAN_POINT('',(35.35166604984,56.03088173053,10.75));
#3181=CARTESIAN_POINT('',(22.396667900321,49.192166723603,10.75));
#3182=CARTESIAN_POINT('',(8.946667900321,25.896083361801,10.75));
#3183=CARTESIAN_POINT('',(29.15166604984,45.292166723603,10.75));
#3184=CARTESIAN_POINT('',(50.48742417672,43.133513652379,10.75));
#3185=CARTESIAN_POINT('',(41.719300090006,34.365389565666,10.75));
#3186=CARTESIAN_POINT('',(22.698127676088,15.344217151748,10.75));
#3187=CARTESIAN_POINT('',(43.133513652379,50.487424176719,10.75));
#3188=CARTESIAN_POINT('',(48.648946545634,44.971991283464,10.75));
#3189=CARTESIAN_POINT('',(34.365389565666,41.719300090006,10.75));
#3190=CARTESIAN_POINT('',(15.344217151748,22.698127676088,10.75));
#3191=CARTESIAN_POINT('',(39.880822458921,36.203867196751,10.75));
#3192=CARTESIAN_POINT('Origin',(-41.71930009,-34.36538956566,9.75));
#3193=CARTESIAN_POINT('',(-50.48742417672,-43.13351365237,9.75));
#3194=CARTESIAN_POINT('',(-41.71930009,-34.36538956566,9.75));
#3195=CARTESIAN_POINT('Origin',(-50.48742417672,-43.13351365237,9.75));
#3196=CARTESIAN_POINT('',(-43.13351365237,-50.48742417671,9.75));
#3197=CARTESIAN_POINT('Origin',(-41.71930009,-34.36538956566,9.75));
#3198=CARTESIAN_POINT('',(-34.36538956566,-41.71930009,9.75));
#3199=CARTESIAN_POINT('Origin',(-34.36538956566,-41.71930009,9.75));
#3200=CARTESIAN_POINT('Origin',(-31.40333209967,-43.9921667236,9.75));
#3201=CARTESIAN_POINT('',(-37.60333209967,-54.73088173053,9.75));
#3202=CARTESIAN_POINT('',(-31.40333209967,-43.9921667236,9.75));
#3203=CARTESIAN_POINT('Origin',(-37.60333209967,-54.73088173053,9.75));
#3204=CARTESIAN_POINT('',(-28.59666790032,-59.93088173053,9.75));
#3205=CARTESIAN_POINT('Origin',(-31.40333209967,-43.9921667236,9.75));
#3206=CARTESIAN_POINT('',(-22.39666790032,-49.1921667236,9.75));
#3207=CARTESIAN_POINT('Origin',(-22.39666790032,-49.1921667236,9.75));
#3208=CARTESIAN_POINT('Origin',(-18.94727892321,-50.62095041981,9.75));
#3209=CARTESIAN_POINT('',(-22.15663508249,-62.5984306658,9.75));
#3210=CARTESIAN_POINT('',(-18.94727892321,-50.62095041981,9.75));
#3211=CARTESIAN_POINT('Origin',(-22.15663508249,-62.5984306658,9.75));
#3212=CARTESIAN_POINT('',(-12.11100648908,-65.29014873486,9.75));
#3213=CARTESIAN_POINT('Origin',(-18.94727892321,-50.62095041981,9.75));
#3214=CARTESIAN_POINT('',(-8.901650329812,-53.31266848888,9.75));
#3215=CARTESIAN_POINT('Origin',(-8.901650329812,-53.31266848888,9.75));
#3216=CARTESIAN_POINT('Origin',(-5.2,-53.8,9.75));
#3217=CARTESIAN_POINT('',(-5.2,-66.2,9.75));
#3218=CARTESIAN_POINT('',(-5.2,-53.8,9.75));
#3219=CARTESIAN_POINT('Origin',(-5.2,-66.2,9.75));
#3220=CARTESIAN_POINT('',(5.2,-66.2,9.75));
#3221=CARTESIAN_POINT('Origin',(-5.2,-53.8,9.75));
#3222=CARTESIAN_POINT('',(5.2,-53.8,9.75));
#3223=CARTESIAN_POINT('Origin',(5.2,-53.8,9.75));
#3224=CARTESIAN_POINT('Origin',(-49.1921667236,-22.39666790032,9.75));
#3225=CARTESIAN_POINT('',(-59.93088173053,-28.59666790032,9.75));
#3226=CARTESIAN_POINT('',(-49.1921667236,-22.39666790032,9.75));
#3227=CARTESIAN_POINT('Origin',(-59.93088173053,-28.59666790032,9.75));
#3228=CARTESIAN_POINT('',(-54.73088173053,-37.60333209967,9.75));
#3229=CARTESIAN_POINT('Origin',(-49.1921667236,-22.39666790032,9.75));
#3230=CARTESIAN_POINT('',(-43.9921667236,-31.40333209967,9.75));
#3231=CARTESIAN_POINT('Origin',(-43.9921667236,-31.40333209967,9.75));
#3232=CARTESIAN_POINT('Origin',(-53.31266848888,-8.901650329812,9.75));
#3233=CARTESIAN_POINT('',(-65.29014873486,-12.11100648908,9.75));
#3234=CARTESIAN_POINT('',(-53.31266848888,-8.901650329812,9.75));
#3235=CARTESIAN_POINT('Origin',(-65.29014873486,-12.11100648908,9.75));
#3236=CARTESIAN_POINT('',(-62.5984306658,-22.15663508249,9.75));
#3237=CARTESIAN_POINT('Origin',(-53.31266848888,-8.901650329812,9.75));
#3238=CARTESIAN_POINT('',(-50.62095041981,-18.94727892321,9.75));
#3239=CARTESIAN_POINT('Origin',(-50.62095041981,-18.94727892321,9.75));
#3240=CARTESIAN_POINT('Origin',(8.901650329812,-53.31266848888,9.75));
#3241=CARTESIAN_POINT('',(12.111006489084,-65.29014873486,9.75));
#3242=CARTESIAN_POINT('',(8.901650329812,-53.31266848888,9.75));
#3243=CARTESIAN_POINT('Origin',(12.111006489084,-65.29014873486,9.75));
#3244=CARTESIAN_POINT('',(22.15663508249,-62.5984306658,9.75));
#3245=CARTESIAN_POINT('Origin',(8.901650329812,-53.31266848888,9.75));
#3246=CARTESIAN_POINT('',(18.947278923219,-50.62095041981,9.75));
#3247=CARTESIAN_POINT('Origin',(18.947278923219,-50.62095041981,9.75));
#3248=CARTESIAN_POINT('Origin',(22.396667900321,-49.1921667236,9.75));
#3249=CARTESIAN_POINT('',(28.596667900321,-59.93088173053,9.75));
#3250=CARTESIAN_POINT('',(22.396667900321,-49.1921667236,9.75));
#3251=CARTESIAN_POINT('Origin',(28.596667900321,-59.93088173053,9.75));
#3252=CARTESIAN_POINT('',(37.603332099679,-54.73088173053,9.75));
#3253=CARTESIAN_POINT('Origin',(22.396667900321,-49.1921667236,9.75));
#3254=CARTESIAN_POINT('',(31.403332099679,-43.9921667236,9.75));
#3255=CARTESIAN_POINT('Origin',(31.403332099679,-43.9921667236,9.75));
#3256=CARTESIAN_POINT('Origin',(34.365389565666,-41.71930009,9.75));
#3257=CARTESIAN_POINT('',(43.133513652379,-50.48742417672,9.75));
#3258=CARTESIAN_POINT('',(34.365389565666,-41.71930009,9.75));
#3259=CARTESIAN_POINT('Origin',(43.133513652379,-50.48742417672,9.75));
#3260=CARTESIAN_POINT('',(50.487424176719,-43.13351365237,9.75));
#3261=CARTESIAN_POINT('Origin',(34.365389565666,-41.71930009,9.75));
#3262=CARTESIAN_POINT('',(41.719300090006,-34.36538956566,9.75));
#3263=CARTESIAN_POINT('Origin',(41.719300090006,-34.36538956566,9.75));
#3264=CARTESIAN_POINT('Origin',(43.992166723603,-31.40333209967,9.75));
#3265=CARTESIAN_POINT('',(54.73088173053,-37.60333209967,9.75));
#3266=CARTESIAN_POINT('',(43.992166723603,-31.40333209967,9.75));
#3267=CARTESIAN_POINT('Origin',(54.73088173053,-37.60333209967,9.75));
#3268=CARTESIAN_POINT('',(59.93088173053,-28.59666790032,9.75));
#3269=CARTESIAN_POINT('Origin',(43.992166723603,-31.40333209967,9.75));
#3270=CARTESIAN_POINT('',(49.192166723603,-22.39666790032,9.75));
#3271=CARTESIAN_POINT('Origin',(49.192166723603,-22.39666790032,9.75));
#3272=CARTESIAN_POINT('Origin',(50.620950419819,-18.94727892321,9.75));
#3273=CARTESIAN_POINT('',(62.598430665803,-22.15663508249,9.75));
#3274=CARTESIAN_POINT('',(50.620950419819,-18.94727892321,9.75));
#3275=CARTESIAN_POINT('Origin',(62.598430665803,-22.15663508249,9.75));
#3276=CARTESIAN_POINT('',(65.290148734869,-12.11100648908,9.75));
#3277=CARTESIAN_POINT('Origin',(53.312668488885,-8.901650329813,9.75));
#3278=CARTESIAN_POINT('',(53.312668488885,-8.901650329813,9.75));
#3279=CARTESIAN_POINT('Origin',(50.620950419819,-18.94727892321,9.75));
#3280=CARTESIAN_POINT('Origin',(-53.8,5.2,9.75));
#3281=CARTESIAN_POINT('',(-66.2,5.2,9.75));
#3282=CARTESIAN_POINT('',(-53.8,5.2,9.75));
#3283=CARTESIAN_POINT('Origin',(-66.2,5.2,9.75));
#3284=CARTESIAN_POINT('',(-66.2,-5.2,9.75));
#3285=CARTESIAN_POINT('Origin',(-53.8,5.2,9.75));
#3286=CARTESIAN_POINT('',(-53.8,-5.2,9.75));
#3287=CARTESIAN_POINT('Origin',(-53.8,-5.2,9.75));
#3288=CARTESIAN_POINT('Origin',(-50.62095041981,18.947278923219,9.75));
#3289=CARTESIAN_POINT('',(-62.5984306658,22.15663508249,9.75));
#3290=CARTESIAN_POINT('',(-50.62095041981,18.947278923219,9.75));
#3291=CARTESIAN_POINT('Origin',(-62.5984306658,22.15663508249,9.75));
#3292=CARTESIAN_POINT('',(-65.29014873486,12.111006489084,9.75));
#3293=CARTESIAN_POINT('Origin',(-50.62095041981,18.947278923219,9.75));
#3294=CARTESIAN_POINT('',(-53.31266848888,8.901650329812,9.75));
#3295=CARTESIAN_POINT('Origin',(-53.31266848888,8.901650329812,9.75));
#3296=CARTESIAN_POINT('Origin',(-43.9921667236,31.403332099679,9.75));
#3297=CARTESIAN_POINT('',(-54.73088173053,37.603332099679,9.75));
#3298=CARTESIAN_POINT('',(-43.9921667236,31.403332099679,9.75));
#3299=CARTESIAN_POINT('Origin',(-54.73088173053,37.603332099679,9.75));
#3300=CARTESIAN_POINT('',(-59.93088173053,28.596667900321,9.75));
#3301=CARTESIAN_POINT('Origin',(-43.9921667236,31.403332099679,9.75));
#3302=CARTESIAN_POINT('',(-49.1921667236,22.396667900321,9.75));
#3303=CARTESIAN_POINT('Origin',(-49.1921667236,22.396667900321,9.75));
#3304=CARTESIAN_POINT('Origin',(-34.36538956566,41.719300090006,9.75));
#3305=CARTESIAN_POINT('',(-43.13351365237,50.48742417672,9.75));
#3306=CARTESIAN_POINT('',(-34.36538956566,41.719300090006,9.75));
#3307=CARTESIAN_POINT('Origin',(-43.13351365237,50.48742417672,9.75));
#3308=CARTESIAN_POINT('',(-50.48742417671,43.133513652379,9.75));
#3309=CARTESIAN_POINT('Origin',(-34.36538956566,41.719300090006,9.75));
#3310=CARTESIAN_POINT('',(-41.71930009,34.365389565666,9.75));
#3311=CARTESIAN_POINT('Origin',(-41.71930009,34.365389565666,9.75));
#3312=CARTESIAN_POINT('Origin',(-22.39666790032,49.192166723603,9.75));
#3313=CARTESIAN_POINT('',(-28.59666790032,59.93088173053,9.75));
#3314=CARTESIAN_POINT('',(-22.39666790032,49.192166723603,9.75));
#3315=CARTESIAN_POINT('Origin',(-28.59666790032,59.93088173053,9.75));
#3316=CARTESIAN_POINT('',(-37.60333209967,54.73088173053,9.75));
#3317=CARTESIAN_POINT('Origin',(-22.39666790032,49.192166723603,9.75));
#3318=CARTESIAN_POINT('',(-31.40333209967,43.992166723603,9.75));
#3319=CARTESIAN_POINT('Origin',(-31.40333209967,43.992166723603,9.75));
#3320=CARTESIAN_POINT('Origin',(-8.901650329812,53.312668488885,9.75));
#3321=CARTESIAN_POINT('',(-12.11100648908,65.290148734869,9.75));
#3322=CARTESIAN_POINT('',(-8.901650329812,53.312668488885,9.75));
#3323=CARTESIAN_POINT('Origin',(-12.11100648908,65.290148734869,9.75));
#3324=CARTESIAN_POINT('',(-22.15663508249,62.598430665803,9.75));
#3325=CARTESIAN_POINT('Origin',(-8.901650329812,53.312668488885,9.75));
#3326=CARTESIAN_POINT('',(-18.94727892321,50.620950419819,9.75));
#3327=CARTESIAN_POINT('Origin',(-18.94727892321,50.620950419819,9.75));
#3328=CARTESIAN_POINT('Origin',(0.,0.,9.75));
#3329=CARTESIAN_POINT('',(-51.,-6.2456986756515E-15,9.75));
#3330=CARTESIAN_POINT('Origin',(53.8,-5.2,9.75));
#3331=CARTESIAN_POINT('',(66.2,-5.2,9.75));
#3332=CARTESIAN_POINT('',(53.8,-5.2,9.75));
#3333=CARTESIAN_POINT('Origin',(66.2,-5.2,9.75));
#3334=CARTESIAN_POINT('',(66.2,5.2,9.75));
#3335=CARTESIAN_POINT('Origin',(53.8,-5.2,9.75));
#3336=CARTESIAN_POINT('',(53.8,5.2,9.75));
#3337=CARTESIAN_POINT('Origin',(53.8,5.2,9.75));
#3338=CARTESIAN_POINT('Origin',(53.312668488885,8.901650329812,9.75));
#3339=CARTESIAN_POINT('',(65.290148734869,12.111006489084,9.75));
#3340=CARTESIAN_POINT('',(53.312668488885,8.901650329812,9.75));
#3341=CARTESIAN_POINT('Origin',(65.290148734869,12.111006489084,9.75));
#3342=CARTESIAN_POINT('',(62.598430665803,22.15663508249,9.75));
#3343=CARTESIAN_POINT('Origin',(53.312668488885,8.901650329812,9.75));
#3344=CARTESIAN_POINT('',(50.620950419819,18.947278923219,9.75));
#3345=CARTESIAN_POINT('Origin',(50.620950419819,18.947278923219,9.75));
#3346=CARTESIAN_POINT('Origin',(49.192166723603,22.396667900321,9.75));
#3347=CARTESIAN_POINT('',(59.93088173053,28.596667900321,9.75));
#3348=CARTESIAN_POINT('',(49.192166723603,22.396667900321,9.75));
#3349=CARTESIAN_POINT('Origin',(59.93088173053,28.596667900321,9.75));
#3350=CARTESIAN_POINT('',(54.73088173053,37.603332099679,9.75));
#3351=CARTESIAN_POINT('Origin',(49.192166723603,22.396667900321,9.75));
#3352=CARTESIAN_POINT('',(43.992166723603,31.403332099679,9.75));
#3353=CARTESIAN_POINT('Origin',(43.992166723603,31.403332099679,9.75));
#3354=CARTESIAN_POINT('Origin',(5.2,53.8,9.75));
#3355=CARTESIAN_POINT('',(5.2,66.2,9.75));
#3356=CARTESIAN_POINT('',(5.2,53.8,9.75));
#3357=CARTESIAN_POINT('Origin',(5.2,66.2,9.75));
#3358=CARTESIAN_POINT('',(-5.2,66.2,9.75));
#3359=CARTESIAN_POINT('Origin',(5.2,53.8,9.75));
#3360=CARTESIAN_POINT('',(-5.2,53.8,9.75));
#3361=CARTESIAN_POINT('Origin',(-5.2,53.8,9.75));
#3362=CARTESIAN_POINT('Origin',(18.947278923219,50.620950419819,9.75));
#3363=CARTESIAN_POINT('',(22.15663508249,62.598430665803,9.75));
#3364=CARTESIAN_POINT('',(18.947278923219,50.620950419819,9.75));
#3365=CARTESIAN_POINT('Origin',(22.15663508249,62.598430665803,9.75));
#3366=CARTESIAN_POINT('',(12.111006489084,65.290148734869,9.75));
#3367=CARTESIAN_POINT('Origin',(18.947278923219,50.620950419819,9.75));
#3368=CARTESIAN_POINT('',(8.901650329812,53.312668488885,9.75));
#3369=CARTESIAN_POINT('Origin',(8.901650329812,53.312668488885,9.75));
#3370=CARTESIAN_POINT('Origin',(31.403332099679,43.992166723603,9.75));
#3371=CARTESIAN_POINT('',(37.603332099679,54.73088173053,9.75));
#3372=CARTESIAN_POINT('',(31.403332099679,43.992166723603,9.75));
#3373=CARTESIAN_POINT('Origin',(37.603332099679,54.73088173053,9.75));
#3374=CARTESIAN_POINT('',(28.596667900321,59.93088173053,9.75));
#3375=CARTESIAN_POINT('Origin',(31.403332099679,43.992166723603,9.75));
#3376=CARTESIAN_POINT('',(22.396667900321,49.192166723603,9.75));
#3377=CARTESIAN_POINT('Origin',(22.396667900321,49.192166723603,9.75));
#3378=CARTESIAN_POINT('Origin',(41.719300090006,34.365389565666,9.75));
#3379=CARTESIAN_POINT('',(50.48742417672,43.133513652379,9.75));
#3380=CARTESIAN_POINT('',(41.719300090006,34.365389565666,9.75));
#3381=CARTESIAN_POINT('Origin',(50.48742417672,43.133513652379,9.75));
#3382=CARTESIAN_POINT('',(43.133513652379,50.487424176719,9.75));
#3383=CARTESIAN_POINT('Origin',(41.719300090006,34.365389565666,9.75));
#3384=CARTESIAN_POINT('',(34.365389565666,41.719300090006,9.75));
#3385=CARTESIAN_POINT('Origin',(34.365389565666,41.719300090006,9.75));
#3386=UNCERTAINTY_MEASURE_WITH_UNIT(LENGTH_MEASURE(0.01),#3390,
'DISTANCE_ACCURACY_VALUE',
'Maximum model space distance between geometric entities at asserted c
onnectivities');
#3387=UNCERTAINTY_MEASURE_WITH_UNIT(LENGTH_MEASURE(0.01),#3390,
'DISTANCE_ACCURACY_VALUE',
'Maximum model space distance between geometric entities at asserted c
onnectivities');
#3388=(
GEOMETRIC_REPRESENTATION_CONTEXT(3)
GLOBAL_UNCERTAINTY_ASSIGNED_CONTEXT((#3386))
GLOBAL_UNIT_ASSIGNED_CONTEXT((#3390,#3392,#3393))
REPRESENTATION_CONTEXT('','3D')
);
#3389=(
GEOMETRIC_REPRESENTATION_CONTEXT(3)
GLOBAL_UNCERTAINTY_ASSIGNED_CONTEXT((#3387))
GLOBAL_UNIT_ASSIGNED_CONTEXT((#3390,#3392,#3393))
REPRESENTATION_CONTEXT('','3D')
);
#3390=(
LENGTH_UNIT()
NAMED_UNIT(*)
SI_UNIT(.MILLI.,.METRE.)
);
#3391=(
LENGTH_UNIT()
NAMED_UNIT(*)
SI_UNIT($,.METRE.)
);
#3392=(
NAMED_UNIT(*)
PLANE_ANGLE_UNIT()
SI_UNIT($,.RADIAN.)
);
#3393=(
NAMED_UNIT(*)
SI_UNIT($,.STERADIAN.)
SOLID_ANGLE_UNIT()
);
#3394=SHAPE_DEFINITION_REPRESENTATION(#3395,#3396);
#3395=PRODUCT_DEFINITION_SHAPE('',$,#3398);
#3396=SHAPE_REPRESENTATION('',(#2190),#3388);
#3397=PRODUCT_DEFINITION_CONTEXT('part definition',#3402,'design');
#3398=PRODUCT_DEFINITION('2026-09-04-15-52-54-222','roller_cage',#3399,
#3397);
#3399=PRODUCT_DEFINITION_FORMATION('',$,#3404);
#3400=PRODUCT_RELATED_PRODUCT_CATEGORY('roller_cage','roller_cage',(#3404));
#3401=APPLICATION_PROTOCOL_DEFINITION('international standard',
'automotive_design',2009,#3402);
#3402=APPLICATION_CONTEXT(
'Core Data for Automotive Mechanical Design Process');
#3403=PRODUCT_CONTEXT('part definition',#3402,'mechanical');
#3404=PRODUCT('2026-09-04-15-52-54-222','roller_cage',$,(#3403));
#3405=PRESENTATION_STYLE_ASSIGNMENT((#3407));
#3406=PRESENTATION_STYLE_ASSIGNMENT((#3408));
#3407=SURFACE_STYLE_USAGE(.BOTH.,#3409);
#3408=SURFACE_STYLE_USAGE(.BOTH.,#3410);
#3409=SURFACE_SIDE_STYLE('',(#3411));
#3410=SURFACE_SIDE_STYLE('',(#3412));
#3411=SURFACE_STYLE_FILL_AREA(#3413);
#3412=SURFACE_STYLE_FILL_AREA(#3414);
#3413=FILL_AREA_STYLE('Steel - Satin',(#3415));
#3414=FILL_AREA_STYLE('Opaque(59,158,94)',(#3416));
#3415=FILL_AREA_STYLE_COLOUR('Steel - Satin',#3417);
#3416=FILL_AREA_STYLE_COLOUR('Opaque(59,158,94)',#3418);
#3417=COLOUR_RGB('Steel - Satin',0.627450980392157,0.627450980392157,0.627450980392157);
#3418=COLOUR_RGB('Opaque(59,158,94)',0.231372549019608,0.619607843137255,
0.368627450980392);
ENDSEC;
END-ISO-10303-21;
