ISO-10303-21;
HEADER;
/* Generated by software containing ST-Developer
 * from STEP Tools, Inc. (www.steptools.com) 
 */

FILE_DESCRIPTION(
/* description */ (''),
/* implementation_level */ '2;1');

FILE_NAME(
/* name */ 'worm_gear.step',
/* time_stamp */ '2026-07-26T22:02:32-04:00',
/* author */ (''),
/* organization */ (''),
/* preprocessor_version */ 'ST-DEVELOPER v20.1',
/* originating_system */ 'Autodesk Translation Framework v15.8.0.0',
/* authorisation */ '');

FILE_SCHEMA (('AUTOMOTIVE_DESIGN { 1 0 10303 214 3 1 1 }'));
ENDSEC;

DATA;
#10=MECHANICAL_DESIGN_GEOMETRIC_PRESENTATION_REPRESENTATION('',(#13),#5944);
#11=SHAPE_REPRESENTATION_RELATIONSHIP('SRR','None',#5951,#12);
#12=ADVANCED_BREP_SHAPE_REPRESENTATION('',(#14),#5943);
#13=STYLED_ITEM('',(#5960),#14);
#14=MANIFOLD_SOLID_BREP('Body2',#564);
#15=B_SPLINE_SURFACE_WITH_KNOTS('',3,3,((#1937,#1938,#1939,#1940,#1941,
#1942,#1943,#1944,#1945,#1946,#1947,#1948,#1949,#1950,#1951,#1952,#1953,
#1954,#1955,#1956,#1957,#1958,#1959,#1960,#1961,#1962,#1963,#1964,#1965,
#1966,#1967,#1968,#1969,#1970,#1971,#1972,#1973,#1974,#1975,#1976,#1977,
#1978,#1979,#1980,#1981,#1982,#1983,#1984,#1985,#1986,#1987,#1988,#1989,
#1990,#1991,#1992,#1993,#1994,#1995,#1996,#1997,#1998,#1999,#2000,#2001,
#2002,#2003,#2004,#2005,#2006),(#2007,#2008,#2009,#2010,#2011,#2012,#2013,
#2014,#2015,#2016,#2017,#2018,#2019,#2020,#2021,#2022,#2023,#2024,#2025,
#2026,#2027,#2028,#2029,#2030,#2031,#2032,#2033,#2034,#2035,#2036,#2037,
#2038,#2039,#2040,#2041,#2042,#2043,#2044,#2045,#2046,#2047,#2048,#2049,
#2050,#2051,#2052,#2053,#2054,#2055,#2056,#2057,#2058,#2059,#2060,#2061,
#2062,#2063,#2064,#2065,#2066,#2067,#2068,#2069,#2070,#2071,#2072,#2073,
#2074,#2075,#2076),(#2077,#2078,#2079,#2080,#2081,#2082,#2083,#2084,#2085,
#2086,#2087,#2088,#2089,#2090,#2091,#2092,#2093,#2094,#2095,#2096,#2097,
#2098,#2099,#2100,#2101,#2102,#2103,#2104,#2105,#2106,#2107,#2108,#2109,
#2110,#2111,#2112,#2113,#2114,#2115,#2116,#2117,#2118,#2119,#2120,#2121,
#2122,#2123,#2124,#2125,#2126,#2127,#2128,#2129,#2130,#2131,#2132,#2133,
#2134,#2135,#2136,#2137,#2138,#2139,#2140,#2141,#2142,#2143,#2144,#2145,
#2146),(#2147,#2148,#2149,#2150,#2151,#2152,#2153,#2154,#2155,#2156,#2157,
#2158,#2159,#2160,#2161,#2162,#2163,#2164,#2165,#2166,#2167,#2168,#2169,
#2170,#2171,#2172,#2173,#2174,#2175,#2176,#2177,#2178,#2179,#2180,#2181,
#2182,#2183,#2184,#2185,#2186,#2187,#2188,#2189,#2190,#2191,#2192,#2193,
#2194,#2195,#2196,#2197,#2198,#2199,#2200,#2201,#2202,#2203,#2204,#2205,
#2206,#2207,#2208,#2209,#2210,#2211,#2212,#2213,#2214,#2215,#2216)),
 .UNSPECIFIED.,.F.,.F.,.F.,(4,4),(4,2,2,2,2,2,2,2,2,2,2,2,2,2,2,2,2,2,2,
2,2,2,2,2,2,2,2,2,2,2,2,2,2,2,4),(-0.532088886237956,-0.0531049476927942),
(0.,0.206119894002026,0.405478024881316,0.595969476285188,0.780287263143491,
0.958631468628674,1.13119569138919,1.30227107645264,1.46766578481501,1.62756844728236,
1.78216143104415,1.93162104766093,2.0761177541457,2.21581634736827,2.35087615200417,
2.60887495567523,2.84994645783743,3.07520125874277,3.28313728145272,3.4775952478857,
3.65944878252793,3.82951488302514,3.99050019955391,4.14092326946523,4.28147708175967,
4.54097166822585,4.76682626683059,4.96340185018119,5.13449404935865,5.28340644285348,
5.5394942906426,5.72998664714329,5.87168543604899,6.0799484806115,6.28318530717959),
 .UNSPECIFIED.);
#16=B_SPLINE_SURFACE_WITH_KNOTS('',3,3,((#2304,#2305,#2306,#2307,#2308,
#2309,#2310,#2311,#2312,#2313,#2314,#2315,#2316,#2317,#2318,#2319,#2320,
#2321,#2322,#2323,#2324,#2325,#2326,#2327,#2328,#2329,#2330,#2331,#2332,
#2333,#2334,#2335,#2336,#2337,#2338,#2339,#2340,#2341,#2342,#2343,#2344,
#2345,#2346,#2347,#2348,#2349,#2350,#2351,#2352,#2353,#2354,#2355,#2356,
#2357,#2358,#2359,#2360,#2361,#2362,#2363,#2364,#2365,#2366,#2367,#2368,
#2369,#2370,#2371,#2372,#2373),(#2374,#2375,#2376,#2377,#2378,#2379,#2380,
#2381,#2382,#2383,#2384,#2385,#2386,#2387,#2388,#2389,#2390,#2391,#2392,
#2393,#2394,#2395,#2396,#2397,#2398,#2399,#2400,#2401,#2402,#2403,#2404,
#2405,#2406,#2407,#2408,#2409,#2410,#2411,#2412,#2413,#2414,#2415,#2416,
#2417,#2418,#2419,#2420,#2421,#2422,#2423,#2424,#2425,#2426,#2427,#2428,
#2429,#2430,#2431,#2432,#2433,#2434,#2435,#2436,#2437,#2438,#2439,#2440,
#2441,#2442,#2443),(#2444,#2445,#2446,#2447,#2448,#2449,#2450,#2451,#2452,
#2453,#2454,#2455,#2456,#2457,#2458,#2459,#2460,#2461,#2462,#2463,#2464,
#2465,#2466,#2467,#2468,#2469,#2470,#2471,#2472,#2473,#2474,#2475,#2476,
#2477,#2478,#2479,#2480,#2481,#2482,#2483,#2484,#2485,#2486,#2487,#2488,
#2489,#2490,#2491,#2492,#2493,#2494,#2495,#2496,#2497,#2498,#2499,#2500,
#2501,#2502,#2503,#2504,#2505,#2506,#2507,#2508,#2509,#2510,#2511,#2512,
#2513),(#2514,#2515,#2516,#2517,#2518,#2519,#2520,#2521,#2522,#2523,#2524,
#2525,#2526,#2527,#2528,#2529,#2530,#2531,#2532,#2533,#2534,#2535,#2536,
#2537,#2538,#2539,#2540,#2541,#2542,#2543,#2544,#2545,#2546,#2547,#2548,
#2549,#2550,#2551,#2552,#2553,#2554,#2555,#2556,#2557,#2558,#2559,#2560,
#2561,#2562,#2563,#2564,#2565,#2566,#2567,#2568,#2569,#2570,#2571,#2572,
#2573,#2574,#2575,#2576,#2577,#2578,#2579,#2580,#2581,#2582,#2583)),
 .UNSPECIFIED.,.F.,.F.,.F.,(4,4),(4,2,2,2,2,2,2,2,2,2,2,2,2,2,2,2,2,2,2,
2,2,2,2,2,2,2,2,2,2,2,2,2,2,2,4),(-0.168571171652512,0.),(0.,0.206119894002026,
0.405478024881316,0.595969476285188,0.780287263143491,0.958631468628674,
1.13119569138919,1.30227107645264,1.46766578481501,1.62756844728236,1.78216143104415,
1.93162104766093,2.0761177541457,2.21581634736827,2.35087615200417,2.60887495567523,
2.84994645783743,3.07520125874277,3.28313728145272,3.4775952478857,3.65944878252793,
3.82951488302514,3.99050019955391,4.14092326946523,4.28147708175967,4.54097166822585,
4.76682626683059,4.96340185018119,5.13449404935865,5.28340644285348,5.5394942906426,
5.72998664714329,5.87168543604899,6.0799484806115,6.28318530717959),
 .UNSPECIFIED.);
#17=B_SPLINE_SURFACE_WITH_KNOTS('',3,3,((#2656,#2657,#2658,#2659,#2660,
#2661,#2662,#2663,#2664,#2665,#2666,#2667,#2668,#2669,#2670,#2671,#2672,
#2673,#2674,#2675,#2676,#2677,#2678,#2679,#2680,#2681,#2682,#2683,#2684,
#2685,#2686,#2687,#2688,#2689,#2690,#2691,#2692,#2693,#2694,#2695,#2696,
#2697,#2698,#2699,#2700,#2701,#2702,#2703,#2704,#2705,#2706,#2707,#2708,
#2709,#2710,#2711,#2712,#2713,#2714,#2715,#2716,#2717,#2718,#2719,#2720,
#2721,#2722,#2723,#2724,#2725),(#2726,#2727,#2728,#2729,#2730,#2731,#2732,
#2733,#2734,#2735,#2736,#2737,#2738,#2739,#2740,#2741,#2742,#2743,#2744,
#2745,#2746,#2747,#2748,#2749,#2750,#2751,#2752,#2753,#2754,#2755,#2756,
#2757,#2758,#2759,#2760,#2761,#2762,#2763,#2764,#2765,#2766,#2767,#2768,
#2769,#2770,#2771,#2772,#2773,#2774,#2775,#2776,#2777,#2778,#2779,#2780,
#2781,#2782,#2783,#2784,#2785,#2786,#2787,#2788,#2789,#2790,#2791,#2792,
#2793,#2794,#2795),(#2796,#2797,#2798,#2799,#2800,#2801,#2802,#2803,#2804,
#2805,#2806,#2807,#2808,#2809,#2810,#2811,#2812,#2813,#2814,#2815,#2816,
#2817,#2818,#2819,#2820,#2821,#2822,#2823,#2824,#2825,#2826,#2827,#2828,
#2829,#2830,#2831,#2832,#2833,#2834,#2835,#2836,#2837,#2838,#2839,#2840,
#2841,#2842,#2843,#2844,#2845,#2846,#2847,#2848,#2849,#2850,#2851,#2852,
#2853,#2854,#2855,#2856,#2857,#2858,#2859,#2860,#2861,#2862,#2863,#2864,
#2865),(#2866,#2867,#2868,#2869,#2870,#2871,#2872,#2873,#2874,#2875,#2876,
#2877,#2878,#2879,#2880,#2881,#2882,#2883,#2884,#2885,#2886,#2887,#2888,
#2889,#2890,#2891,#2892,#2893,#2894,#2895,#2896,#2897,#2898,#2899,#2900,
#2901,#2902,#2903,#2904,#2905,#2906,#2907,#2908,#2909,#2910,#2911,#2912,
#2913,#2914,#2915,#2916,#2917,#2918,#2919,#2920,#2921,#2922,#2923,#2924,
#2925,#2926,#2927,#2928,#2929,#2930,#2931,#2932,#2933,#2934,#2935)),
 .UNSPECIFIED.,.F.,.F.,.F.,(4,4),(4,2,2,2,2,2,2,2,2,2,2,2,2,2,2,2,2,2,2,
2,2,2,2,2,2,2,2,2,2,2,2,2,2,2,4),(-0.479069776969767,0.),(0.,0.206119894002026,
0.405478024881316,0.595969476285188,0.780287263143491,0.958631468628674,
1.13119569138919,1.30227107645264,1.46766578481501,1.62756844728236,1.78216143104415,
1.93162104766093,2.0761177541457,2.21581634736827,2.35087615200417,2.60887495567523,
2.84994645783743,3.07520125874277,3.28313728145272,3.4775952478857,3.65944878252793,
3.82951488302514,3.99050019955391,4.14092326946523,4.28147708175967,4.54097166822585,
4.76682626683059,4.96340185018119,5.13449404935865,5.28340644285348,5.5394942906426,
5.72998664714329,5.87168543604899,6.0799484806115,6.28318530717959),
 .UNSPECIFIED.);
#18=B_SPLINE_SURFACE_WITH_KNOTS('',3,3,((#2938,#2939,#2940,#2941,#2942,
#2943,#2944,#2945,#2946,#2947,#2948,#2949,#2950,#2951,#2952,#2953,#2954,
#2955,#2956,#2957,#2958,#2959,#2960,#2961,#2962,#2963,#2964,#2965,#2966,
#2967,#2968,#2969,#2970,#2971,#2972,#2973,#2974,#2975,#2976,#2977,#2978,
#2979,#2980,#2981,#2982,#2983,#2984,#2985,#2986,#2987,#2988,#2989,#2990,
#2991,#2992,#2993,#2994,#2995,#2996,#2997,#2998,#2999,#3000,#3001,#3002,
#3003,#3004,#3005,#3006,#3007),(#3008,#3009,#3010,#3011,#3012,#3013,#3014,
#3015,#3016,#3017,#3018,#3019,#3020,#3021,#3022,#3023,#3024,#3025,#3026,
#3027,#3028,#3029,#3030,#3031,#3032,#3033,#3034,#3035,#3036,#3037,#3038,
#3039,#3040,#3041,#3042,#3043,#3044,#3045,#3046,#3047,#3048,#3049,#3050,
#3051,#3052,#3053,#3054,#3055,#3056,#3057,#3058,#3059,#3060,#3061,#3062,
#3063,#3064,#3065,#3066,#3067,#3068,#3069,#3070,#3071,#3072,#3073,#3074,
#3075,#3076,#3077),(#3078,#3079,#3080,#3081,#3082,#3083,#3084,#3085,#3086,
#3087,#3088,#3089,#3090,#3091,#3092,#3093,#3094,#3095,#3096,#3097,#3098,
#3099,#3100,#3101,#3102,#3103,#3104,#3105,#3106,#3107,#3108,#3109,#3110,
#3111,#3112,#3113,#3114,#3115,#3116,#3117,#3118,#3119,#3120,#3121,#3122,
#3123,#3124,#3125,#3126,#3127,#3128,#3129,#3130,#3131,#3132,#3133,#3134,
#3135,#3136,#3137,#3138,#3139,#3140,#3141,#3142,#3143,#3144,#3145,#3146,
#3147),(#3148,#3149,#3150,#3151,#3152,#3153,#3154,#3155,#3156,#3157,#3158,
#3159,#3160,#3161,#3162,#3163,#3164,#3165,#3166,#3167,#3168,#3169,#3170,
#3171,#3172,#3173,#3174,#3175,#3176,#3177,#3178,#3179,#3180,#3181,#3182,
#3183,#3184,#3185,#3186,#3187,#3188,#3189,#3190,#3191,#3192,#3193,#3194,
#3195,#3196,#3197,#3198,#3199,#3200,#3201,#3202,#3203,#3204,#3205,#3206,
#3207,#3208,#3209,#3210,#3211,#3212,#3213,#3214,#3215,#3216,#3217)),
 .UNSPECIFIED.,.F.,.F.,.F.,(4,4),(4,2,2,2,2,2,2,2,2,2,2,2,2,2,2,2,2,2,2,
2,2,2,2,2,2,2,2,2,2,2,2,2,2,2,4),(-0.532088886237956,-0.0531049476927934),
(0.,0.206119894002026,0.405478024881316,0.595969476285188,0.780287263143491,
0.958631468628674,1.13119569138919,1.30227107645264,1.46766578481501,1.62756844728236,
1.78216143104415,1.93162104766093,2.0761177541457,2.21581634736827,2.35087615200417,
2.60887495567523,2.84994645783743,3.07520125874277,3.28313728145272,3.4775952478857,
3.65944878252793,3.82951488302514,3.99050019955391,4.14092326946523,4.28147708175967,
4.54097166822585,4.76682626683059,4.96340185018119,5.13449404935865,5.28340644285348,
5.5394942906426,5.72998664714329,5.87168543604899,6.0799484806115,6.28318530717959),
 .UNSPECIFIED.);
#19=B_SPLINE_SURFACE_WITH_KNOTS('',3,3,((#3305,#3306,#3307,#3308,#3309,
#3310,#3311,#3312,#3313,#3314,#3315,#3316,#3317,#3318,#3319,#3320,#3321,
#3322,#3323,#3324,#3325,#3326,#3327,#3328,#3329,#3330,#3331,#3332,#3333,
#3334,#3335,#3336,#3337,#3338,#3339,#3340,#3341,#3342,#3343,#3344,#3345,
#3346,#3347,#3348,#3349,#3350,#3351,#3352,#3353,#3354,#3355,#3356,#3357,
#3358,#3359,#3360,#3361,#3362,#3363,#3364,#3365,#3366,#3367,#3368,#3369,
#3370,#3371,#3372,#3373,#3374),(#3375,#3376,#3377,#3378,#3379,#3380,#3381,
#3382,#3383,#3384,#3385,#3386,#3387,#3388,#3389,#3390,#3391,#3392,#3393,
#3394,#3395,#3396,#3397,#3398,#3399,#3400,#3401,#3402,#3403,#3404,#3405,
#3406,#3407,#3408,#3409,#3410,#3411,#3412,#3413,#3414,#3415,#3416,#3417,
#3418,#3419,#3420,#3421,#3422,#3423,#3424,#3425,#3426,#3427,#3428,#3429,
#3430,#3431,#3432,#3433,#3434,#3435,#3436,#3437,#3438,#3439,#3440,#3441,
#3442,#3443,#3444),(#3445,#3446,#3447,#3448,#3449,#3450,#3451,#3452,#3453,
#3454,#3455,#3456,#3457,#3458,#3459,#3460,#3461,#3462,#3463,#3464,#3465,
#3466,#3467,#3468,#3469,#3470,#3471,#3472,#3473,#3474,#3475,#3476,#3477,
#3478,#3479,#3480,#3481,#3482,#3483,#3484,#3485,#3486,#3487,#3488,#3489,
#3490,#3491,#3492,#3493,#3494,#3495,#3496,#3497,#3498,#3499,#3500,#3501,
#3502,#3503,#3504,#3505,#3506,#3507,#3508,#3509,#3510,#3511,#3512,#3513,
#3514),(#3515,#3516,#3517,#3518,#3519,#3520,#3521,#3522,#3523,#3524,#3525,
#3526,#3527,#3528,#3529,#3530,#3531,#3532,#3533,#3534,#3535,#3536,#3537,
#3538,#3539,#3540,#3541,#3542,#3543,#3544,#3545,#3546,#3547,#3548,#3549,
#3550,#3551,#3552,#3553,#3554,#3555,#3556,#3557,#3558,#3559,#3560,#3561,
#3562,#3563,#3564,#3565,#3566,#3567,#3568,#3569,#3570,#3571,#3572,#3573,
#3574,#3575,#3576,#3577,#3578,#3579,#3580,#3581,#3582,#3583,#3584)),
 .UNSPECIFIED.,.F.,.F.,.F.,(4,4),(4,2,2,2,2,2,2,2,2,2,2,2,2,2,2,2,2,2,2,
2,2,2,2,2,2,2,2,2,2,2,2,2,2,2,4),(-0.168571171652512,0.),(0.,0.206119894002026,
0.405478024881316,0.595969476285188,0.780287263143491,0.958631468628674,
1.13119569138919,1.30227107645264,1.46766578481501,1.62756844728236,1.78216143104415,
1.93162104766093,2.0761177541457,2.21581634736827,2.35087615200417,2.60887495567523,
2.84994645783743,3.07520125874277,3.28313728145272,3.4775952478857,3.65944878252793,
3.82951488302514,3.99050019955391,4.14092326946523,4.28147708175967,4.54097166822585,
4.76682626683059,4.96340185018119,5.13449404935865,5.28340644285348,5.5394942906426,
5.72998664714329,5.87168543604899,6.0799484806115,6.28318530717959),
 .UNSPECIFIED.);
#20=B_SPLINE_SURFACE_WITH_KNOTS('',3,3,((#3657,#3658,#3659,#3660,#3661,
#3662,#3663,#3664,#3665,#3666,#3667,#3668,#3669,#3670,#3671,#3672,#3673,
#3674,#3675,#3676,#3677,#3678,#3679,#3680,#3681,#3682,#3683,#3684,#3685,
#3686,#3687,#3688,#3689,#3690,#3691,#3692,#3693,#3694,#3695,#3696,#3697,
#3698,#3699,#3700,#3701,#3702,#3703,#3704,#3705,#3706,#3707,#3708,#3709,
#3710,#3711,#3712,#3713,#3714,#3715,#3716,#3717,#3718,#3719,#3720,#3721,
#3722,#3723,#3724,#3725,#3726),(#3727,#3728,#3729,#3730,#3731,#3732,#3733,
#3734,#3735,#3736,#3737,#3738,#3739,#3740,#3741,#3742,#3743,#3744,#3745,
#3746,#3747,#3748,#3749,#3750,#3751,#3752,#3753,#3754,#3755,#3756,#3757,
#3758,#3759,#3760,#3761,#3762,#3763,#3764,#3765,#3766,#3767,#3768,#3769,
#3770,#3771,#3772,#3773,#3774,#3775,#3776,#3777,#3778,#3779,#3780,#3781,
#3782,#3783,#3784,#3785,#3786,#3787,#3788,#3789,#3790,#3791,#3792,#3793,
#3794,#3795,#3796),(#3797,#3798,#3799,#3800,#3801,#3802,#3803,#3804,#3805,
#3806,#3807,#3808,#3809,#3810,#3811,#3812,#3813,#3814,#3815,#3816,#3817,
#3818,#3819,#3820,#3821,#3822,#3823,#3824,#3825,#3826,#3827,#3828,#3829,
#3830,#3831,#3832,#3833,#3834,#3835,#3836,#3837,#3838,#3839,#3840,#3841,
#3842,#3843,#3844,#3845,#3846,#3847,#3848,#3849,#3850,#3851,#3852,#3853,
#3854,#3855,#3856,#3857,#3858,#3859,#3860,#3861,#3862,#3863,#3864,#3865,
#3866),(#3867,#3868,#3869,#3870,#3871,#3872,#3873,#3874,#3875,#3876,#3877,
#3878,#3879,#3880,#3881,#3882,#3883,#3884,#3885,#3886,#3887,#3888,#3889,
#3890,#3891,#3892,#3893,#3894,#3895,#3896,#3897,#3898,#3899,#3900,#3901,
#3902,#3903,#3904,#3905,#3906,#3907,#3908,#3909,#3910,#3911,#3912,#3913,
#3914,#3915,#3916,#3917,#3918,#3919,#3920,#3921,#3922,#3923,#3924,#3925,
#3926,#3927,#3928,#3929,#3930,#3931,#3932,#3933,#3934,#3935,#3936)),
 .UNSPECIFIED.,.F.,.F.,.F.,(4,4),(4,2,2,2,2,2,2,2,2,2,2,2,2,2,2,2,2,2,2,
2,2,2,2,2,2,2,2,2,2,2,2,2,2,2,4),(-0.47906792078435,0.),(0.,0.206119894002026,
0.405478024881316,0.595969476285188,0.780287263143491,0.958631468628674,
1.13119569138919,1.30227107645264,1.46766578481501,1.62756844728236,1.78216143104415,
1.93162104766093,2.0761177541457,2.21581634736827,2.35087615200417,2.60887495567523,
2.84994645783743,3.07520125874277,3.28313728145272,3.4775952478857,3.65944878252793,
3.82951488302514,3.99050019955391,4.14092326946523,4.28147708175967,4.54097166822585,
4.76682626683059,4.96340185018119,5.13449404935865,5.28340644285348,5.5394942906426,
5.72998664714329,5.87168543604899,6.0799484806115,6.28318530717959),
 .UNSPECIFIED.);
#21=B_SPLINE_SURFACE_WITH_KNOTS('',3,3,((#3939,#3940,#3941,#3942,#3943,
#3944,#3945,#3946,#3947,#3948,#3949,#3950,#3951,#3952,#3953,#3954,#3955,
#3956,#3957,#3958,#3959,#3960,#3961,#3962,#3963,#3964,#3965,#3966,#3967,
#3968,#3969,#3970,#3971,#3972,#3973,#3974,#3975,#3976,#3977,#3978,#3979,
#3980,#3981,#3982,#3983,#3984,#3985,#3986,#3987,#3988,#3989,#3990,#3991,
#3992,#3993,#3994,#3995,#3996,#3997,#3998,#3999,#4000,#4001,#4002,#4003,
#4004,#4005,#4006,#4007,#4008),(#4009,#4010,#4011,#4012,#4013,#4014,#4015,
#4016,#4017,#4018,#4019,#4020,#4021,#4022,#4023,#4024,#4025,#4026,#4027,
#4028,#4029,#4030,#4031,#4032,#4033,#4034,#4035,#4036,#4037,#4038,#4039,
#4040,#4041,#4042,#4043,#4044,#4045,#4046,#4047,#4048,#4049,#4050,#4051,
#4052,#4053,#4054,#4055,#4056,#4057,#4058,#4059,#4060,#4061,#4062,#4063,
#4064,#4065,#4066,#4067,#4068,#4069,#4070,#4071,#4072,#4073,#4074,#4075,
#4076,#4077,#4078),(#4079,#4080,#4081,#4082,#4083,#4084,#4085,#4086,#4087,
#4088,#4089,#4090,#4091,#4092,#4093,#4094,#4095,#4096,#4097,#4098,#4099,
#4100,#4101,#4102,#4103,#4104,#4105,#4106,#4107,#4108,#4109,#4110,#4111,
#4112,#4113,#4114,#4115,#4116,#4117,#4118,#4119,#4120,#4121,#4122,#4123,
#4124,#4125,#4126,#4127,#4128,#4129,#4130,#4131,#4132,#4133,#4134,#4135,
#4136,#4137,#4138,#4139,#4140,#4141,#4142,#4143,#4144,#4145,#4146,#4147,
#4148),(#4149,#4150,#4151,#4152,#4153,#4154,#4155,#4156,#4157,#4158,#4159,
#4160,#4161,#4162,#4163,#4164,#4165,#4166,#4167,#4168,#4169,#4170,#4171,
#4172,#4173,#4174,#4175,#4176,#4177,#4178,#4179,#4180,#4181,#4182,#4183,
#4184,#4185,#4186,#4187,#4188,#4189,#4190,#4191,#4192,#4193,#4194,#4195,
#4196,#4197,#4198,#4199,#4200,#4201,#4202,#4203,#4204,#4205,#4206,#4207,
#4208,#4209,#4210,#4211,#4212,#4213,#4214,#4215,#4216,#4217,#4218)),
 .UNSPECIFIED.,.F.,.F.,.F.,(4,4),(4,2,2,2,2,2,2,2,2,2,2,2,2,2,2,2,2,2,2,
2,2,2,2,2,2,2,2,2,2,2,2,2,2,2,4),(-0.532088886237956,-0.053104947692794),
(0.,0.206119894002026,0.405478024881316,0.595969476285188,0.780287263143491,
0.958631468628674,1.13119569138919,1.30227107645264,1.46766578481501,1.62756844728236,
1.78216143104415,1.93162104766093,2.0761177541457,2.21581634736827,2.35087615200417,
2.60887495567523,2.84994645783743,3.07520125874277,3.28313728145272,3.4775952478857,
3.65944878252793,3.82951488302514,3.99050019955391,4.14092326946523,4.28147708175967,
4.54097166822585,4.76682626683059,4.96340185018119,5.13449404935865,5.28340644285348,
5.5394942906426,5.72998664714329,5.87168543604899,6.0799484806115,6.28318530717959),
 .UNSPECIFIED.);
#22=B_SPLINE_SURFACE_WITH_KNOTS('',3,3,((#4306,#4307,#4308,#4309,#4310,
#4311,#4312,#4313,#4314,#4315,#4316,#4317,#4318,#4319,#4320,#4321,#4322,
#4323,#4324,#4325,#4326,#4327,#4328,#4329,#4330,#4331,#4332,#4333,#4334,
#4335,#4336,#4337,#4338,#4339,#4340,#4341,#4342,#4343,#4344,#4345,#4346,
#4347,#4348,#4349,#4350,#4351,#4352,#4353,#4354,#4355,#4356,#4357,#4358,
#4359,#4360,#4361,#4362,#4363,#4364,#4365,#4366,#4367,#4368,#4369,#4370,
#4371,#4372,#4373,#4374,#4375),(#4376,#4377,#4378,#4379,#4380,#4381,#4382,
#4383,#4384,#4385,#4386,#4387,#4388,#4389,#4390,#4391,#4392,#4393,#4394,
#4395,#4396,#4397,#4398,#4399,#4400,#4401,#4402,#4403,#4404,#4405,#4406,
#4407,#4408,#4409,#4410,#4411,#4412,#4413,#4414,#4415,#4416,#4417,#4418,
#4419,#4420,#4421,#4422,#4423,#4424,#4425,#4426,#4427,#4428,#4429,#4430,
#4431,#4432,#4433,#4434,#4435,#4436,#4437,#4438,#4439,#4440,#4441,#4442,
#4443,#4444,#4445),(#4446,#4447,#4448,#4449,#4450,#4451,#4452,#4453,#4454,
#4455,#4456,#4457,#4458,#4459,#4460,#4461,#4462,#4463,#4464,#4465,#4466,
#4467,#4468,#4469,#4470,#4471,#4472,#4473,#4474,#4475,#4476,#4477,#4478,
#4479,#4480,#4481,#4482,#4483,#4484,#4485,#4486,#4487,#4488,#4489,#4490,
#4491,#4492,#4493,#4494,#4495,#4496,#4497,#4498,#4499,#4500,#4501,#4502,
#4503,#4504,#4505,#4506,#4507,#4508,#4509,#4510,#4511,#4512,#4513,#4514,
#4515),(#4516,#4517,#4518,#4519,#4520,#4521,#4522,#4523,#4524,#4525,#4526,
#4527,#4528,#4529,#4530,#4531,#4532,#4533,#4534,#4535,#4536,#4537,#4538,
#4539,#4540,#4541,#4542,#4543,#4544,#4545,#4546,#4547,#4548,#4549,#4550,
#4551,#4552,#4553,#4554,#4555,#4556,#4557,#4558,#4559,#4560,#4561,#4562,
#4563,#4564,#4565,#4566,#4567,#4568,#4569,#4570,#4571,#4572,#4573,#4574,
#4575,#4576,#4577,#4578,#4579,#4580,#4581,#4582,#4583,#4584,#4585)),
 .UNSPECIFIED.,.F.,.F.,.F.,(4,4),(4,2,2,2,2,2,2,2,2,2,2,2,2,2,2,2,2,2,2,
2,2,2,2,2,2,2,2,2,2,2,2,2,2,2,4),(-0.168571171652512,0.),(0.,0.206119894002026,
0.405478024881316,0.595969476285188,0.780287263143491,0.958631468628674,
1.13119569138919,1.30227107645264,1.46766578481501,1.62756844728236,1.78216143104415,
1.93162104766093,2.0761177541457,2.21581634736827,2.35087615200417,2.60887495567523,
2.84994645783743,3.07520125874277,3.28313728145272,3.4775952478857,3.65944878252793,
3.82951488302514,3.99050019955391,4.14092326946523,4.28147708175967,4.54097166822585,
4.76682626683059,4.96340185018119,5.13449404935865,5.28340644285348,5.5394942906426,
5.72998664714329,5.87168543604899,6.0799484806115,6.28318530717959),
 .UNSPECIFIED.);
#23=B_SPLINE_SURFACE_WITH_KNOTS('',3,3,((#4658,#4659,#4660,#4661,#4662,
#4663,#4664,#4665,#4666,#4667,#4668,#4669,#4670,#4671,#4672,#4673,#4674,
#4675,#4676,#4677,#4678,#4679,#4680,#4681,#4682,#4683,#4684,#4685,#4686,
#4687,#4688,#4689,#4690,#4691,#4692,#4693,#4694,#4695,#4696,#4697,#4698,
#4699,#4700,#4701,#4702,#4703,#4704,#4705,#4706,#4707,#4708,#4709,#4710,
#4711,#4712,#4713,#4714,#4715,#4716,#4717,#4718,#4719,#4720,#4721,#4722,
#4723,#4724,#4725,#4726,#4727),(#4728,#4729,#4730,#4731,#4732,#4733,#4734,
#4735,#4736,#4737,#4738,#4739,#4740,#4741,#4742,#4743,#4744,#4745,#4746,
#4747,#4748,#4749,#4750,#4751,#4752,#4753,#4754,#4755,#4756,#4757,#4758,
#4759,#4760,#4761,#4762,#4763,#4764,#4765,#4766,#4767,#4768,#4769,#4770,
#4771,#4772,#4773,#4774,#4775,#4776,#4777,#4778,#4779,#4780,#4781,#4782,
#4783,#4784,#4785,#4786,#4787,#4788,#4789,#4790,#4791,#4792,#4793,#4794,
#4795,#4796,#4797),(#4798,#4799,#4800,#4801,#4802,#4803,#4804,#4805,#4806,
#4807,#4808,#4809,#4810,#4811,#4812,#4813,#4814,#4815,#4816,#4817,#4818,
#4819,#4820,#4821,#4822,#4823,#4824,#4825,#4826,#4827,#4828,#4829,#4830,
#4831,#4832,#4833,#4834,#4835,#4836,#4837,#4838,#4839,#4840,#4841,#4842,
#4843,#4844,#4845,#4846,#4847,#4848,#4849,#4850,#4851,#4852,#4853,#4854,
#4855,#4856,#4857,#4858,#4859,#4860,#4861,#4862,#4863,#4864,#4865,#4866,
#4867),(#4868,#4869,#4870,#4871,#4872,#4873,#4874,#4875,#4876,#4877,#4878,
#4879,#4880,#4881,#4882,#4883,#4884,#4885,#4886,#4887,#4888,#4889,#4890,
#4891,#4892,#4893,#4894,#4895,#4896,#4897,#4898,#4899,#4900,#4901,#4902,
#4903,#4904,#4905,#4906,#4907,#4908,#4909,#4910,#4911,#4912,#4913,#4914,
#4915,#4916,#4917,#4918,#4919,#4920,#4921,#4922,#4923,#4924,#4925,#4926,
#4927,#4928,#4929,#4930,#4931,#4932,#4933,#4934,#4935,#4936,#4937)),
 .UNSPECIFIED.,.F.,.F.,.F.,(4,4),(4,2,2,2,2,2,2,2,2,2,2,2,2,2,2,2,2,2,2,
2,2,2,2,2,2,2,2,2,2,2,2,2,2,2,4),(-0.479069776969767,0.),(0.,0.206119894002026,
0.405478024881316,0.595969476285188,0.780287263143491,0.958631468628674,
1.13119569138919,1.30227107645264,1.46766578481501,1.62756844728236,1.78216143104415,
1.93162104766093,2.0761177541457,2.21581634736827,2.35087615200417,2.60887495567523,
2.84994645783743,3.07520125874277,3.28313728145272,3.4775952478857,3.65944878252793,
3.82951488302514,3.99050019955391,4.14092326946523,4.28147708175967,4.54097166822585,
4.76682626683059,4.96340185018119,5.13449404935865,5.28340644285348,5.5394942906426,
5.72998664714329,5.87168543604899,6.0799484806115,6.28318530717959),
 .UNSPECIFIED.);
#24=B_SPLINE_SURFACE_WITH_KNOTS('',3,3,((#4940,#4941,#4942,#4943,#4944,
#4945,#4946,#4947,#4948,#4949,#4950,#4951,#4952,#4953,#4954,#4955,#4956,
#4957,#4958,#4959,#4960,#4961,#4962,#4963,#4964,#4965,#4966,#4967,#4968,
#4969,#4970,#4971,#4972,#4973,#4974,#4975,#4976,#4977,#4978,#4979,#4980,
#4981,#4982,#4983,#4984,#4985,#4986,#4987,#4988,#4989,#4990,#4991,#4992,
#4993,#4994,#4995,#4996,#4997,#4998,#4999,#5000,#5001,#5002,#5003,#5004,
#5005,#5006,#5007,#5008,#5009),(#5010,#5011,#5012,#5013,#5014,#5015,#5016,
#5017,#5018,#5019,#5020,#5021,#5022,#5023,#5024,#5025,#5026,#5027,#5028,
#5029,#5030,#5031,#5032,#5033,#5034,#5035,#5036,#5037,#5038,#5039,#5040,
#5041,#5042,#5043,#5044,#5045,#5046,#5047,#5048,#5049,#5050,#5051,#5052,
#5053,#5054,#5055,#5056,#5057,#5058,#5059,#5060,#5061,#5062,#5063,#5064,
#5065,#5066,#5067,#5068,#5069,#5070,#5071,#5072,#5073,#5074,#5075,#5076,
#5077,#5078,#5079),(#5080,#5081,#5082,#5083,#5084,#5085,#5086,#5087,#5088,
#5089,#5090,#5091,#5092,#5093,#5094,#5095,#5096,#5097,#5098,#5099,#5100,
#5101,#5102,#5103,#5104,#5105,#5106,#5107,#5108,#5109,#5110,#5111,#5112,
#5113,#5114,#5115,#5116,#5117,#5118,#5119,#5120,#5121,#5122,#5123,#5124,
#5125,#5126,#5127,#5128,#5129,#5130,#5131,#5132,#5133,#5134,#5135,#5136,
#5137,#5138,#5139,#5140,#5141,#5142,#5143,#5144,#5145,#5146,#5147,#5148,
#5149),(#5150,#5151,#5152,#5153,#5154,#5155,#5156,#5157,#5158,#5159,#5160,
#5161,#5162,#5163,#5164,#5165,#5166,#5167,#5168,#5169,#5170,#5171,#5172,
#5173,#5174,#5175,#5176,#5177,#5178,#5179,#5180,#5181,#5182,#5183,#5184,
#5185,#5186,#5187,#5188,#5189,#5190,#5191,#5192,#5193,#5194,#5195,#5196,
#5197,#5198,#5199,#5200,#5201,#5202,#5203,#5204,#5205,#5206,#5207,#5208,
#5209,#5210,#5211,#5212,#5213,#5214,#5215,#5216,#5217,#5218,#5219)),
 .UNSPECIFIED.,.F.,.F.,.F.,(4,4),(4,2,2,2,2,2,2,2,2,2,2,2,2,2,2,2,2,2,2,
2,2,2,2,2,2,2,2,2,2,2,2,2,2,2,4),(-0.532088886237956,-0.0531049476927932),
(0.,0.206119894002026,0.405478024881316,0.595969476285188,0.780287263143491,
0.958631468628674,1.13119569138919,1.30227107645264,1.46766578481501,1.62756844728236,
1.78216143104415,1.93162104766093,2.0761177541457,2.21581634736827,2.35087615200417,
2.60887495567523,2.84994645783743,3.07520125874277,3.28313728145272,3.4775952478857,
3.65944878252793,3.82951488302514,3.99050019955391,4.14092326946523,4.28147708175967,
4.54097166822585,4.76682626683059,4.96340185018119,5.13449404935865,5.28340644285348,
5.5394942906426,5.72998664714329,5.87168543604899,6.0799484806115,6.28318530717959),
 .UNSPECIFIED.);
#25=B_SPLINE_SURFACE_WITH_KNOTS('',3,3,((#5307,#5308,#5309,#5310,#5311,
#5312,#5313,#5314,#5315,#5316,#5317,#5318,#5319,#5320,#5321,#5322,#5323,
#5324,#5325,#5326,#5327,#5328,#5329,#5330,#5331,#5332,#5333,#5334,#5335,
#5336,#5337,#5338,#5339,#5340,#5341,#5342,#5343,#5344,#5345,#5346,#5347,
#5348,#5349,#5350,#5351,#5352,#5353,#5354,#5355,#5356,#5357,#5358,#5359,
#5360,#5361,#5362,#5363,#5364,#5365,#5366,#5367,#5368,#5369,#5370,#5371,
#5372,#5373,#5374,#5375,#5376),(#5377,#5378,#5379,#5380,#5381,#5382,#5383,
#5384,#5385,#5386,#5387,#5388,#5389,#5390,#5391,#5392,#5393,#5394,#5395,
#5396,#5397,#5398,#5399,#5400,#5401,#5402,#5403,#5404,#5405,#5406,#5407,
#5408,#5409,#5410,#5411,#5412,#5413,#5414,#5415,#5416,#5417,#5418,#5419,
#5420,#5421,#5422,#5423,#5424,#5425,#5426,#5427,#5428,#5429,#5430,#5431,
#5432,#5433,#5434,#5435,#5436,#5437,#5438,#5439,#5440,#5441,#5442,#5443,
#5444,#5445,#5446),(#5447,#5448,#5449,#5450,#5451,#5452,#5453,#5454,#5455,
#5456,#5457,#5458,#5459,#5460,#5461,#5462,#5463,#5464,#5465,#5466,#5467,
#5468,#5469,#5470,#5471,#5472,#5473,#5474,#5475,#5476,#5477,#5478,#5479,
#5480,#5481,#5482,#5483,#5484,#5485,#5486,#5487,#5488,#5489,#5490,#5491,
#5492,#5493,#5494,#5495,#5496,#5497,#5498,#5499,#5500,#5501,#5502,#5503,
#5504,#5505,#5506,#5507,#5508,#5509,#5510,#5511,#5512,#5513,#5514,#5515,
#5516),(#5517,#5518,#5519,#5520,#5521,#5522,#5523,#5524,#5525,#5526,#5527,
#5528,#5529,#5530,#5531,#5532,#5533,#5534,#5535,#5536,#5537,#5538,#5539,
#5540,#5541,#5542,#5543,#5544,#5545,#5546,#5547,#5548,#5549,#5550,#5551,
#5552,#5553,#5554,#5555,#5556,#5557,#5558,#5559,#5560,#5561,#5562,#5563,
#5564,#5565,#5566,#5567,#5568,#5569,#5570,#5571,#5572,#5573,#5574,#5575,
#5576,#5577,#5578,#5579,#5580,#5581,#5582,#5583,#5584,#5585,#5586)),
 .UNSPECIFIED.,.F.,.F.,.F.,(4,4),(4,2,2,2,2,2,2,2,2,2,2,2,2,2,2,2,2,2,2,
2,2,2,2,2,2,2,2,2,2,2,2,2,2,2,4),(-0.168571171652512,0.),(0.,0.206119894002026,
0.405478024881316,0.595969476285188,0.780287263143491,0.958631468628674,
1.13119569138919,1.30227107645264,1.46766578481501,1.62756844728236,1.78216143104415,
1.93162104766093,2.0761177541457,2.21581634736827,2.35087615200417,2.60887495567523,
2.84994645783743,3.07520125874277,3.28313728145272,3.4775952478857,3.65944878252793,
3.82951488302514,3.99050019955391,4.14092326946523,4.28147708175967,4.54097166822585,
4.76682626683059,4.96340185018119,5.13449404935865,5.28340644285348,5.5394942906426,
5.72998664714329,5.87168543604899,6.0799484806115,6.28318530717959),
 .UNSPECIFIED.);
#26=B_SPLINE_SURFACE_WITH_KNOTS('',3,3,((#5659,#5660,#5661,#5662,#5663,
#5664,#5665,#5666,#5667,#5668,#5669,#5670,#5671,#5672,#5673,#5674,#5675,
#5676,#5677,#5678,#5679,#5680,#5681,#5682,#5683,#5684,#5685,#5686,#5687,
#5688,#5689,#5690,#5691,#5692,#5693,#5694,#5695,#5696,#5697,#5698,#5699,
#5700,#5701,#5702,#5703,#5704,#5705,#5706,#5707,#5708,#5709,#5710,#5711,
#5712,#5713,#5714,#5715,#5716,#5717,#5718,#5719,#5720,#5721,#5722,#5723,
#5724,#5725,#5726,#5727,#5728),(#5729,#5730,#5731,#5732,#5733,#5734,#5735,
#5736,#5737,#5738,#5739,#5740,#5741,#5742,#5743,#5744,#5745,#5746,#5747,
#5748,#5749,#5750,#5751,#5752,#5753,#5754,#5755,#5756,#5757,#5758,#5759,
#5760,#5761,#5762,#5763,#5764,#5765,#5766,#5767,#5768,#5769,#5770,#5771,
#5772,#5773,#5774,#5775,#5776,#5777,#5778,#5779,#5780,#5781,#5782,#5783,
#5784,#5785,#5786,#5787,#5788,#5789,#5790,#5791,#5792,#5793,#5794,#5795,
#5796,#5797,#5798),(#5799,#5800,#5801,#5802,#5803,#5804,#5805,#5806,#5807,
#5808,#5809,#5810,#5811,#5812,#5813,#5814,#5815,#5816,#5817,#5818,#5819,
#5820,#5821,#5822,#5823,#5824,#5825,#5826,#5827,#5828,#5829,#5830,#5831,
#5832,#5833,#5834,#5835,#5836,#5837,#5838,#5839,#5840,#5841,#5842,#5843,
#5844,#5845,#5846,#5847,#5848,#5849,#5850,#5851,#5852,#5853,#5854,#5855,
#5856,#5857,#5858,#5859,#5860,#5861,#5862,#5863,#5864,#5865,#5866,#5867,
#5868),(#5869,#5870,#5871,#5872,#5873,#5874,#5875,#5876,#5877,#5878,#5879,
#5880,#5881,#5882,#5883,#5884,#5885,#5886,#5887,#5888,#5889,#5890,#5891,
#5892,#5893,#5894,#5895,#5896,#5897,#5898,#5899,#5900,#5901,#5902,#5903,
#5904,#5905,#5906,#5907,#5908,#5909,#5910,#5911,#5912,#5913,#5914,#5915,
#5916,#5917,#5918,#5919,#5920,#5921,#5922,#5923,#5924,#5925,#5926,#5927,
#5928,#5929,#5930,#5931,#5932,#5933,#5934,#5935,#5936,#5937,#5938)),
 .UNSPECIFIED.,.F.,.F.,.F.,(4,4),(4,2,2,2,2,2,2,2,2,2,2,2,2,2,2,2,2,2,2,
2,2,2,2,2,2,2,2,2,2,2,2,2,2,2,4),(-0.479069776969766,0.),(0.,0.206119894002026,
0.405478024881316,0.595969476285188,0.780287263143491,0.958631468628674,
1.13119569138919,1.30227107645264,1.46766578481501,1.62756844728236,1.78216143104415,
1.93162104766093,2.0761177541457,2.21581634736827,2.35087615200417,2.60887495567523,
2.84994645783743,3.07520125874277,3.28313728145272,3.4775952478857,3.65944878252793,
3.82951488302514,3.99050019955391,4.14092326946523,4.28147708175967,4.54097166822585,
4.76682626683059,4.96340185018119,5.13449404935865,5.28340644285348,5.5394942906426,
5.72998664714329,5.87168543604899,6.0799484806115,6.28318530717959),
 .UNSPECIFIED.);
#27=FACE_BOUND('',#87,.T.);
#28=PLANE('',#589);
#29=PLANE('',#592);
#30=PLANE('',#593);
#31=PLANE('',#594);
#32=PLANE('',#595);
#33=PLANE('',#596);
#34=PLANE('',#597);
#35=PLANE('',#598);
#36=PLANE('',#599);
#37=PLANE('',#600);
#38=PLANE('',#601);
#39=CIRCLE('',#580,12.5);
#40=CIRCLE('',#587,2.6);
#41=CIRCLE('',#588,2.6);
#42=CIRCLE('',#591,12.5);
#43=FACE_OUTER_BOUND('',#75,.T.);
#44=FACE_OUTER_BOUND('',#76,.T.);
#45=FACE_OUTER_BOUND('',#77,.T.);
#46=FACE_OUTER_BOUND('',#78,.T.);
#47=FACE_OUTER_BOUND('',#79,.T.);
#48=FACE_OUTER_BOUND('',#80,.T.);
#49=FACE_OUTER_BOUND('',#81,.T.);
#50=FACE_OUTER_BOUND('',#82,.T.);
#51=FACE_OUTER_BOUND('',#83,.T.);
#52=FACE_OUTER_BOUND('',#84,.T.);
#53=FACE_OUTER_BOUND('',#85,.T.);
#54=FACE_OUTER_BOUND('',#86,.T.);
#55=FACE_OUTER_BOUND('',#88,.T.);
#56=FACE_OUTER_BOUND('',#89,.T.);
#57=FACE_OUTER_BOUND('',#90,.T.);
#58=FACE_OUTER_BOUND('',#91,.T.);
#59=FACE_OUTER_BOUND('',#92,.T.);
#60=FACE_OUTER_BOUND('',#93,.T.);
#61=FACE_OUTER_BOUND('',#94,.T.);
#62=FACE_OUTER_BOUND('',#95,.T.);
#63=FACE_OUTER_BOUND('',#96,.T.);
#64=FACE_OUTER_BOUND('',#97,.T.);
#65=FACE_OUTER_BOUND('',#98,.T.);
#66=FACE_OUTER_BOUND('',#99,.T.);
#67=FACE_OUTER_BOUND('',#100,.T.);
#68=FACE_OUTER_BOUND('',#101,.T.);
#69=FACE_OUTER_BOUND('',#102,.T.);
#70=FACE_OUTER_BOUND('',#103,.T.);
#71=FACE_OUTER_BOUND('',#104,.T.);
#72=FACE_OUTER_BOUND('',#105,.T.);
#73=FACE_OUTER_BOUND('',#106,.T.);
#74=FACE_OUTER_BOUND('',#107,.T.);
#75=EDGE_LOOP('',(#357,#358,#359,#360));
#76=EDGE_LOOP('',(#361,#362,#363,#364,#365,#366,#367,#368,#369,#370,#371,
#372,#373,#374,#375,#376,#377,#378));
#77=EDGE_LOOP('',(#379,#380,#381,#382));
#78=EDGE_LOOP('',(#383,#384,#385,#386));
#79=EDGE_LOOP('',(#387,#388,#389,#390));
#80=EDGE_LOOP('',(#391,#392,#393,#394));
#81=EDGE_LOOP('',(#395,#396,#397,#398));
#82=EDGE_LOOP('',(#399,#400,#401,#402));
#83=EDGE_LOOP('',(#403));
#84=EDGE_LOOP('',(#404,#405,#406,#407,#408,#409,#410,#411,#412,#413,#414,
#415,#416,#417,#418,#419,#420,#421));
#85=EDGE_LOOP('',(#422));
#86=EDGE_LOOP('',(#423));
#87=EDGE_LOOP('',(#424));
#88=EDGE_LOOP('',(#425,#426,#427,#428,#429,#430));
#89=EDGE_LOOP('',(#431,#432,#433,#434));
#90=EDGE_LOOP('',(#435,#436,#437,#438));
#91=EDGE_LOOP('',(#439,#440,#441,#442,#443,#444));
#92=EDGE_LOOP('',(#445,#446,#447,#448));
#93=EDGE_LOOP('',(#449,#450,#451,#452,#453,#454,#455));
#94=EDGE_LOOP('',(#456,#457,#458,#459));
#95=EDGE_LOOP('',(#460,#461,#462,#463));
#96=EDGE_LOOP('',(#464,#465,#466,#467,#468,#469,#470));
#97=EDGE_LOOP('',(#471,#472,#473,#474));
#98=EDGE_LOOP('',(#475,#476,#477,#478,#479,#480));
#99=EDGE_LOOP('',(#481,#482,#483,#484));
#100=EDGE_LOOP('',(#485,#486,#487,#488));
#101=EDGE_LOOP('',(#489,#490,#491,#492,#493,#494));
#102=EDGE_LOOP('',(#495,#496,#497,#498));
#103=EDGE_LOOP('',(#499,#500,#501,#502,#503,#504));
#104=EDGE_LOOP('',(#505,#506,#507,#508));
#105=EDGE_LOOP('',(#509,#510,#511,#512));
#106=EDGE_LOOP('',(#513,#514,#515,#516,#517,#518));
#107=EDGE_LOOP('',(#519,#520,#521,#522));
#108=B_SPLINE_CURVE_WITH_KNOTS('',3,(#691,#692,#693,#694,#695,#696,#697,
#698,#699,#700,#701,#702,#703,#704,#705,#706,#707,#708,#709,#710,#711,#712,
#713,#714,#715,#716,#717,#718,#719,#720,#721,#722,#723,#724,#725,#726,#727,
#728,#729,#730,#731,#732,#733,#734,#735,#736,#737,#738,#739,#740,#741,#742,
#743,#744,#745,#746,#747,#748,#749,#750,#751,#752,#753,#754),
 .UNSPECIFIED.,.F.,.F.,(4,2,2,2,2,2,2,2,2,2,2,2,2,2,2,2,2,2,2,2,2,2,2,2,
2,2,2,2,2,2,2,4),(-18.5822047146464,-18.5642205099105,-18.2955855498706,
-18.0270727893725,-17.7587713218388,-17.4917357723158,-17.2237529023544,
-16.9566344512408,-16.6888463941244,-16.4212352731945,-16.1534392006484,
-15.8855942662106,-15.6177193555209,-15.3499124396734,-15.0819427946554,
-14.8144253748898,-14.5462649867868,-14.2781110554809,-14.1440043704302,
-13.8759356724814,-13.607757700054,-13.3394370657727,-13.0709091629531,
-12.8014309832591,-12.5342454921364,-12.0697086431565,-11.8031972598108,
-11.3036763639314,-11.0369403341821,-10.5023697555169,-10.3682652701238,
-10.325808593457),.UNSPECIFIED.);
#109=B_SPLINE_CURVE_WITH_KNOTS('',3,(#757,#758,#759,#760,#761,#762,#763,
#764,#765,#766,#767,#768,#769,#770,#771,#772,#773,#774,#775,#776,#777,#778,
#779,#780,#781,#782,#783,#784,#785,#786,#787,#788,#789,#790,#791,#792,#793,
#794,#795,#796,#797,#798,#799,#800,#801,#802,#803,#804,#805,#806,#807,#808,
#809,#810,#811,#812,#813,#814),.UNSPECIFIED.,.F.,.F.,(4,2,2,2,2,2,2,2,2,
2,2,2,2,2,2,2,2,2,2,2,2,2,2,2,2,2,2,2,4),(-8.26013521397622,-8.03212496266363,
-7.89796294343673,-7.35946280531352,-7.09130816594512,-6.8237459898276,
-6.55541085418129,-6.4212854925559,-6.15323958011821,-5.8855154368366,-5.61745452097114,
-5.35027213032639,-5.08212901739916,-4.81480456767065,-4.54666605727225,
-4.27991748755403,-4.1457739117085,-3.60688249962199,-3.33826843501318,
-3.06962485106581,-2.8011448277273,-2.53323220213797,-2.26522133136377,
-1.99823257572118,-1.73080667114817,-1.19174493214653,-0.660992686778886,
-0.526806630750714,0.),.UNSPECIFIED.);
#110=B_SPLINE_CURVE_WITH_KNOTS('',3,(#820,#821,#822,#823,#824,#825,#826,
#827,#828,#829,#830,#831,#832,#833,#834,#835,#836,#837,#838,#839,#840,#841,
#842,#843,#844,#845,#846,#847,#848,#849,#850,#851,#852,#853,#854,#855,#856,
#857,#858,#859,#860,#861,#862,#863,#864,#865,#866,#867,#868,#869,#870,#871,
#872,#873,#874,#875,#876,#877,#878,#879,#880,#881),.UNSPECIFIED.,.F.,.F.,
(4,2,2,2,2,2,2,2,2,2,2,2,2,2,2,2,2,2,2,2,2,2,2,2,2,2,2,2,2,2,4),(-20.6475619003812,
-20.2685047946696,-19.8895915802952,-19.6375946329228,-19.3706914816838,
-19.1033006155296,-18.564220509918,-18.2955855498781,-18.0270727893798,
-17.7587713218461,-17.491735772323,-17.2237529023616,-16.9566344512479,
-16.6888463941314,-16.4212352732014,-16.1534392006552,-15.8855942662174,
-15.6177193555276,-15.34991243968,-15.081942794662,-14.8144253748962,-14.5462649867931,
-14.2781110554872,-14.1440043704365,-13.8759356724876,-13.6077577000602,
-13.3394370657788,-13.0709091629591,-12.801430983265,-12.5342454921422,
-12.3922424640383),.UNSPECIFIED.);
#111=B_SPLINE_CURVE_WITH_KNOTS('',3,(#887,#888,#889,#890,#891,#892,#893,
#894,#895,#896,#897,#898,#899,#900),.UNSPECIFIED.,.F.,.F.,(4,2,2,2,2,2,
4),(-20.6475619003741,-20.2685047946622,-19.8895915802875,-19.6375946329149,
-19.3706914816759,-19.1033006155219,-18.5822047146464),.UNSPECIFIED.);
#112=B_SPLINE_CURVE_WITH_KNOTS('',3,(#904,#905,#906,#907,#908,#909,#910,
#911,#912,#913,#914,#915,#916,#917),.UNSPECIFIED.,.F.,.F.,(4,2,2,2,2,2,
4),(-2.06732713310183,-1.99823257572176,-1.73080667114864,-1.1917449321468,
-0.660992686778926,-0.526806630750717,0.),.UNSPECIFIED.);
#113=B_SPLINE_CURVE_WITH_KNOTS('',3,(#921,#922,#923,#924,#925,#926,#927,
#928,#929,#930,#931,#932,#933,#934,#935,#936,#937,#938,#939,#940,#941,#942,
#943,#944,#945,#946,#947,#948,#949,#950),.UNSPECIFIED.,.F.,.F.,(4,2,2,2,
2,2,2,2,2,2,2,2,2,2,4),(-20.6475619004166,-20.2685047947037,-19.8895915803281,
-19.6375946329548,-19.3706914817152,-19.1033006155605,-18.5642205099477,
-18.2955855499072,-18.0270727894083,-17.7587713218739,-17.4917357723502,
-17.2237529023881,-16.9566344512738,-16.6888463941567,-16.5189309260646),
 .UNSPECIFIED.);
#114=B_SPLINE_CURVE_WITH_KNOTS('',3,(#954,#955,#956,#957,#958,#959,#960,
#961,#962,#963,#964,#965,#966,#967,#968,#969,#970,#971,#972,#973,#974,#975,
#976,#977,#978,#979),.UNSPECIFIED.,.F.,.F.,(4,2,2,2,2,2,2,2,2,2,2,2,4),
(-4.13208247691105,-3.60688249962155,-3.33826843501275,-3.06962485106541,
-2.80114482772689,-2.53323220213756,-2.26522133136337,-1.99823257572083,
-1.73080667114787,-1.19174493214639,-0.660992686778865,-0.526806630750718,
0.),.UNSPECIFIED.);
#115=B_SPLINE_CURVE_WITH_KNOTS('',3,(#983,#984,#985,#986,#987,#988,#989,
#990,#991,#992,#993,#994,#995,#996,#997,#998,#999,#1000,#1001,#1002,#1003,
#1004,#1005,#1006,#1007,#1008,#1009,#1010,#1011,#1012,#1013,#1014,#1015,
#1016,#1017,#1018,#1019,#1020,#1021,#1022,#1023,#1024,#1025,#1026,#1027,
#1028),.UNSPECIFIED.,.F.,.F.,(4,2,2,2,2,2,2,2,2,2,2,2,2,2,2,2,2,2,2,2,2,
2,4),(-20.6475619003748,-20.268504794663,-19.8895915802884,-19.6375946329158,
-19.3706914816771,-19.1033006155232,-18.5642205099122,-18.2955855498725,
-18.0270727893744,-17.7587713218409,-17.491735772318,-17.2237529023568,
-16.9566344512433,-16.688846394127,-16.4212352731973,-16.1534392006514,
-15.8855942662138,-15.6177193555242,-15.3499124396769,-15.0819427946591,
-14.8144253748936,-14.5462649867908,-14.4556882175875),.UNSPECIFIED.);
#116=B_SPLINE_CURVE_WITH_KNOTS('',3,(#1031,#1032,#1033,#1034,#1035,#1036,
#1037,#1038,#1039,#1040,#1041,#1042,#1043,#1044,#1045,#1046,#1047,#1048,
#1049,#1050,#1051,#1052,#1053,#1054,#1055,#1056,#1057,#1058,#1059,#1060,
#1061,#1062,#1063,#1064,#1065,#1066,#1067,#1068,#1069,#1070,#1071,#1072,
#1073,#1074),.UNSPECIFIED.,.F.,.F.,(4,2,2,2,2,2,2,2,2,2,2,2,2,2,2,2,2,2,
2,2,2,4),(-6.19524468241748,-6.15323958011996,-5.88551543683834,-5.61745452097284,
-5.35027213032805,-5.08212901740078,-4.81480456767222,-4.54666605727379,
-4.27991748755554,-4.14577391170998,-3.60688249962319,-3.33826843501425,
-3.06962485106675,-2.80114482772809,-2.53323220213862,-2.26522133136429,
-1.9982325757216,-1.73080667114851,-1.19174493214673,-0.660992686778912,
-0.526806630750713,0.),.UNSPECIFIED.);
#117=B_SPLINE_CURVE_WITH_KNOTS('',3,(#1079,#1080,#1081,#1082,#1083,#1084,
#1085,#1086,#1087,#1088,#1089,#1090,#1091,#1092,#1093,#1094,#1095,#1096,
#1097,#1098,#1099,#1100,#1101,#1102,#1103,#1104,#1105,#1106,#1107,#1108,
#1109,#1110,#1111,#1112,#1113,#1114,#1115,#1116,#1117,#1118,#1119,#1120,
#1121,#1122,#1123,#1124,#1125,#1126,#1127,#1128,#1129,#1130,#1131,#1132,
#1133,#1134,#1135,#1136,#1137,#1138),.UNSPECIFIED.,.F.,.F.,(4,2,2,2,2,2,
2,2,2,2,2,2,2,2,2,2,2,2,2,2,2,2,2,2,2,2,2,2,2,4),(-16.5189309260646,-16.4212352732261,
-16.1534392006793,-15.8855942662409,-15.6177193555505,-15.3499124397023,
-15.0819427946836,-14.8144253749173,-14.5462649868136,-14.2781110555072,
-14.1440043704561,-13.8759356725066,-13.6077577000785,-13.3394370657965,
-13.0709091629761,-12.8014309832814,-12.534245492158,-12.069708643177,-11.8031972598306,
-11.3036763639499,-11.0369403341998,-10.5023697555332,-10.3682652701398,
-9.8350660143844,-9.70093263654304,-9.16355808621282,-8.89528991623217,
-8.62881269222131,-8.36087295414304,-8.25969438720387),.UNSPECIFIED.);
#118=B_SPLINE_CURVE_WITH_KNOTS('',3,(#1139,#1140,#1141,#1142,#1143,#1144,
#1145,#1146,#1147,#1148,#1149,#1150,#1151,#1152,#1153,#1154,#1155,#1156,
#1157,#1158,#1159,#1160,#1161,#1162,#1163,#1164,#1165,#1166,#1167,#1168,
#1169,#1170,#1171,#1172,#1173,#1174,#1175,#1176,#1177,#1178,#1179,#1180,
#1181,#1182,#1183,#1184,#1185,#1186,#1187,#1188,#1189,#1190,#1191,#1192,
#1193,#1194,#1195,#1196),.UNSPECIFIED.,.F.,.F.,(4,2,2,2,2,2,2,2,2,2,2,2,
2,2,2,2,2,2,2,2,2,2,2,2,2,2,2,2,4),(-10.3272504003248,-10.1707366014971,
-9.63287012920947,-9.49881021128775,-8.96731269687338,-8.57062333505827,
-8.03212496266792,-7.89796294344093,-7.35946280531739,-7.09130816594883,
-6.82374598983119,-6.55541085418476,-6.42128549255928,-6.15323958012139,
-5.88551543683959,-5.61745452097393,-5.35027213032898,-5.08212901740154,
-4.81480456767283,-4.54666605727427,-4.27991748755589,-4.14577391171028,
-3.60688249962344,-3.33826843501447,-3.06962485106696,-2.80114482772829,
-2.53323220213882,-2.26522133136447,-2.06732713310183),.UNSPECIFIED.);
#119=B_SPLINE_CURVE_WITH_KNOTS('',3,(#1201,#1202,#1203,#1204,#1205,#1206,
#1207,#1208,#1209,#1210,#1211,#1212,#1213,#1214,#1215,#1216,#1217,#1218,
#1219,#1220,#1221,#1222,#1223,#1224,#1225,#1226,#1227,#1228,#1229,#1230,
#1231,#1232,#1233,#1234,#1235,#1236,#1237,#1238,#1239,#1240,#1241,#1242,
#1243,#1244,#1245,#1246,#1247,#1248,#1249,#1250,#1251,#1252,#1253,#1254,
#1255,#1256,#1257,#1258,#1259,#1260),.UNSPECIFIED.,.F.,.F.,(4,2,2,2,2,2,
2,2,2,2,2,2,2,2,2,2,2,2,2,2,2,2,2,2,2,2,2,2,2,4),(-14.4556882175875,-14.2781110554851,
-14.1440043704344,-13.8759356724857,-13.6077577000582,-13.3394370657769,
-13.0709091629572,-12.8014309832631,-12.5342454921403,-12.0697086431611,
-11.8031972598153,-11.3036763639357,-11.0369403341863,-10.502369755521,
-10.3682652701279,-9.83506601437353,-9.70093263653241,-9.1635580862029,
-8.8952899162226,-8.62881269221208,-8.36087295413414,-8.09359877449617,
-7.82565367777717,-7.55825322602717,-7.29010989857258,-7.02199170611846,
-6.75350848488791,-6.48438939753662,-6.21767728337257,-6.1962534250287),
 .UNSPECIFIED.);
#120=B_SPLINE_CURVE_WITH_KNOTS('',3,(#1261,#1262,#1263,#1264,#1265,#1266,
#1267,#1268,#1269,#1270,#1271,#1272,#1273,#1274,#1275,#1276,#1277,#1278,
#1279,#1280,#1281,#1282,#1283,#1284,#1285,#1286,#1287,#1288,#1289,#1290,
#1291,#1292,#1293,#1294,#1295,#1296,#1297,#1298,#1299,#1300,#1301,#1302,
#1303,#1304,#1305,#1306,#1307,#1308,#1309,#1310,#1311,#1312,#1313,#1314,
#1315,#1316,#1317,#1318),.UNSPECIFIED.,.F.,.F.,(4,2,2,2,2,2,2,2,2,2,2,2,
2,2,2,2,2,2,2,2,2,2,2,2,2,2,2,2,4),(-12.3933546864566,-11.915199961794,
-11.6465881314011,-11.3781944811598,-11.2441469474269,-10.7055908214684,
-10.437505185719,-10.1707366014912,-9.63287012920386,-9.4988102112822,-8.96731269686793,
-8.570623335053,-8.03212496266275,-7.89796294343581,-7.35946280531253,-7.09130816594409,
-6.82374598982656,-6.55541085418022,-6.42128549255485,-6.15323958011721,
-5.88551543683567,-5.61745452097028,-5.35027213032559,-5.08212901739842,
-4.81480456766998,-4.54666605727168,-4.27991748755354,-4.14577391170804,
-4.13208247691105),.UNSPECIFIED.);
#121=B_SPLINE_CURVE_WITH_KNOTS('',3,(#1323,#1324,#1325,#1326,#1327,#1328,
#1329,#1330,#1331,#1332,#1333,#1334,#1335,#1336,#1337,#1338,#1339,#1340,
#1341,#1342,#1343,#1344,#1345,#1346,#1347,#1348,#1349,#1350,#1351,#1352,
#1353,#1354,#1355,#1356,#1357,#1358,#1359,#1360,#1361,#1362,#1363,#1364,
#1365,#1366,#1367,#1368,#1369,#1370,#1371,#1372,#1373,#1374,#1375,#1376),
 .UNSPECIFIED.,.F.,.F.,(4,2,2,2,2,2,2,2,2,2,2,2,2,2,2,2,2,2,2,2,2,2,2,2,
2,2,4),(-12.3922424640383,-12.0697086431605,-11.8031972598146,-11.3036763639356,
-11.0369403341862,-10.5023697555208,-10.3682652701276,-9.83506601437334,
-9.70093263653223,-9.16355808620271,-8.89528991622242,-8.62881269221193,
-8.36087295413401,-8.09359877449605,-7.82565367777709,-7.5582532260271,
-7.29010989857247,-7.0219917061183,-6.75350848488771,-6.48438939753637,
-6.21767728337229,-5.75548099284942,-5.48882022605533,-4.95522162636885,
-4.82109459809134,-4.28356749879505,-4.12929770300696),.UNSPECIFIED.);
#122=B_SPLINE_CURVE_WITH_KNOTS('',3,(#1377,#1378,#1379,#1380,#1381,#1382,
#1383,#1384,#1385,#1386,#1387,#1388,#1389,#1390,#1391,#1392,#1393,#1394,
#1395,#1396,#1397,#1398,#1399,#1400,#1401,#1402,#1403,#1404,#1405,#1406,
#1407,#1408,#1409,#1410,#1411,#1412,#1413,#1414,#1415,#1416,#1417,#1418,
#1419,#1420,#1421,#1422,#1423,#1424,#1425,#1426,#1427,#1428,#1429,#1430,
#1431,#1432),.UNSPECIFIED.,.F.,.F.,(4,2,2,2,2,2,2,2,2,2,2,2,2,2,2,2,2,2,
2,2,2,2,2,2,2,2,2,4),(-14.4576966625052,-14.0610312854973,-13.7925911958252,
-13.6585263806602,-13.3904592087164,-13.1230834431776,-12.8549894014914,
-12.5883069639472,-12.4541605104947,-11.9151999617959,-11.6465881314031,
-11.3781944811618,-11.244146947429,-10.7055908214706,-10.4375051857214,
-10.1707366014937,-9.63287012920657,-9.49881021128495,-8.96731269687081,
-8.57062333505603,-8.03212496266592,-7.89796294343897,-7.35946280531555,
-7.09130816594706,-6.82374598982948,-6.5554108541831,-6.42128549255768,
-6.19524468241748),.UNSPECIFIED.);
#123=B_SPLINE_CURVE_WITH_KNOTS('',3,(#1437,#1438,#1439,#1440,#1441,#1442,
#1443,#1444,#1445,#1446,#1447,#1448,#1449,#1450,#1451,#1452,#1453,#1454,
#1455,#1456,#1457,#1458,#1459,#1460,#1461,#1462,#1463,#1464,#1465,#1466,
#1467,#1468,#1469,#1470,#1471,#1472,#1473,#1474,#1475,#1476,#1477,#1478,
#1479,#1480,#1481,#1482,#1483,#1484,#1485,#1486,#1487,#1488,#1489,#1490,
#1491,#1492),.UNSPECIFIED.,.F.,.F.,(4,2,2,2,2,2,2,2,2,2,2,2,2,2,2,2,2,2,
2,2,2,2,2,2,2,2,2,4),(-10.325808593457,-9.83506601436969,-9.70093263652865,
-9.16355808619962,-8.89528991621956,-8.62881269220929,-8.3608729541316,
-8.09359877449388,-7.82565367777512,-7.55825322602537,-7.290109898571,-7.0219917061171,
-6.75350848488679,-6.48438939753571,-6.21767728337184,-5.75548099284928,
-5.48882022605542,-4.95522162636946,-4.82109459809203,-4.28356749879567,
-4.0151778625606,-3.74691594071954,-3.47845675112939,-3.21007586788937,
-2.9434806799686,-2.40775974065587,-2.13983633681845,-2.06450744256252),
 .UNSPECIFIED.);
#124=B_SPLINE_CURVE_WITH_KNOTS('',3,(#1493,#1494,#1495,#1496,#1497,#1498,
#1499,#1500,#1501,#1502,#1503,#1504,#1505,#1506,#1507,#1508,#1509,#1510,
#1511,#1512,#1513,#1514,#1515,#1516,#1517,#1518,#1519,#1520,#1521,#1522,
#1523,#1524,#1525,#1526,#1527,#1528,#1529,#1530,#1531,#1532,#1533,#1534,
#1535,#1536,#1537,#1538,#1539,#1540,#1541,#1542,#1543,#1544,#1545,#1546,
#1547,#1548),.UNSPECIFIED.,.F.,.F.,(4,2,2,2,2,2,2,2,2,2,2,2,2,2,2,2,2,2,
2,2,2,2,2,2,2,2,2,4),(-16.522589079876,-16.3254180277323,-16.0580124977294,
-15.9238537084306,-15.6650237461459,-15.3981837885623,-14.8640520667517,
-14.5976990300298,-14.0610312854921,-13.7925911958202,-13.6585263806553,
-13.3904592087116,-13.123083443173,-12.8549894014869,-12.5883069639429,
-12.4541605104905,-11.915199961792,-11.6465881313993,-11.3781944811582,
-11.2441469474255,-10.7055908214675,-10.4375051857184,-10.1707366014909,
-9.63287012920405,-9.49881021128247,-8.96731269686845,-8.57062333505362,
-8.26013521397622),.UNSPECIFIED.);
#125=B_SPLINE_CURVE_WITH_KNOTS('',3,(#1553,#1554,#1555,#1556,#1557,#1558,
#1559,#1560,#1561,#1562,#1563,#1564,#1565,#1566,#1567,#1568,#1569,#1570,
#1571,#1572,#1573,#1574,#1575,#1576,#1577,#1578,#1579,#1580,#1581,#1582,
#1583,#1584,#1585,#1586,#1587,#1588,#1589,#1590,#1591,#1592,#1593,#1594,
#1595,#1596,#1597,#1598,#1599,#1600,#1601,#1602,#1603,#1604,#1605,#1606,
#1607,#1608,#1609,#1610),.UNSPECIFIED.,.F.,.F.,(4,2,2,2,2,2,2,2,2,2,2,2,
2,2,2,2,2,2,2,2,2,2,2,2,2,2,2,2,4),(-8.25969438720387,-8.09359877450474,
-7.82565367778539,-7.55825322603505,-7.29010989858011,-7.02199170612564,
-6.75350848489475,-6.48438939754313,-6.21767728337874,-5.75548099285524,
-5.48882022606085,-4.95522162637381,-4.82109459809614,-4.28356749879908,
-4.0151778625637,-3.74691594072234,-3.47845675113189,-3.21007586789158,
-2.94348067997053,-2.40775974065723,-2.13983633681949,-1.87266884416207,
-1.6046529475066,-1.33912156456016,-1.20490993890928,-0.936255420453618,
-0.802106761005737,-0.265559649743162,0.),.UNSPECIFIED.);
#126=B_SPLINE_CURVE_WITH_KNOTS('',3,(#1611,#1612,#1613,#1614,#1615,#1616,
#1617,#1618,#1619,#1620,#1621,#1622,#1623,#1624,#1625,#1626,#1627,#1628,
#1629,#1630,#1631,#1632,#1633,#1634,#1635,#1636,#1637,#1638,#1639,#1640,
#1641,#1642,#1643,#1644,#1645,#1646,#1647,#1648,#1649,#1650,#1651,#1652,
#1653,#1654,#1655,#1656,#1657,#1658,#1659,#1660,#1661,#1662,#1663,#1664,
#1665,#1666,#1667,#1668),.UNSPECIFIED.,.F.,.F.,(4,2,2,2,2,2,2,2,2,2,2,2,
2,2,2,2,2,2,2,2,2,2,2,2,2,2,2,2,4),(-18.5881448691814,-18.1402866403876,
-17.8737840114899,-17.3956977813336,-17.1277670462022,-16.8603986843202,
-16.5922985132018,-16.3254180277489,-16.0580124977456,-15.9238537084465,
-15.6650237461613,-15.3981837885771,-14.8640520667655,-14.5976990300432,
-14.0610312855045,-13.7925911958321,-13.6585263806671,-13.390459208723,
-13.1230834431839,-12.8549894014974,-12.588306963953,-12.4541605105004,
-11.915199961801,-11.6465881314079,-11.3781944811664,-11.2441469474334,
-10.7055908214746,-10.437505185725,-10.3272504003248),.UNSPECIFIED.);
#127=B_SPLINE_CURVE_WITH_KNOTS('',3,(#1678,#1679,#1680,#1681,#1682,#1683,
#1684,#1685,#1686,#1687,#1688,#1689,#1690,#1691,#1692,#1693,#1694,#1695),
 .UNSPECIFIED.,.F.,.F.,(4,2,2,2,2,2,2,2,4),(-20.6521289024904,-20.2655486618218,
-19.8793590125678,-19.6110896192898,-19.3447341303771,-19.0767176624174,
-18.8095770251712,-18.6754603609076,-18.5881448691814),.UNSPECIFIED.);
#128=B_SPLINE_CURVE_WITH_KNOTS('',3,(#1698,#1699,#1700,#1701,#1702,#1703,
#1704,#1705,#1706,#1707,#1708,#1709,#1710,#1711,#1712,#1713,#1714,#1715),
 .UNSPECIFIED.,.F.,.F.,(4,2,2,2,2,2,2,2,4),(-2.06450744256252,-1.87266884416133,
-1.60465294750615,-1.33912156456001,-1.20490993890924,-0.936255420453623,
-0.802106761005747,-0.265559649743165,0.),.UNSPECIFIED.);
#129=B_SPLINE_CURVE_WITH_KNOTS('',3,(#1717,#1718,#1719,#1720,#1721,#1722,
#1723,#1724,#1725,#1726,#1727,#1728,#1729,#1730,#1731,#1732,#1733,#1734,
#1735,#1736,#1737,#1738,#1739,#1740,#1741,#1742,#1743,#1744,#1745,#1746),
 .UNSPECIFIED.,.F.,.F.,(4,2,2,2,2,2,2,2,2,2,2,2,2,2,4),(-20.6521289024665,
-20.2655486617986,-19.8793590125453,-19.6110896192679,-19.3447341303556,
-19.0767176623964,-18.8095770251507,-18.6754603608873,-18.1402866403682,
-17.8737840114709,-17.3956977813154,-17.1277670461843,-16.8603986843028,
-16.5922985131849,-16.522589079876),.UNSPECIFIED.);
#130=B_SPLINE_CURVE_WITH_KNOTS('',3,(#1749,#1750,#1751,#1752,#1753,#1754,
#1755,#1756,#1757,#1758,#1759,#1760,#1761,#1762,#1763,#1764,#1765,#1766,
#1767,#1768,#1769,#1770,#1771,#1772,#1773,#1774,#1775,#1776,#1777,#1778,
#1779,#1780),.UNSPECIFIED.,.F.,.F.,(4,2,2,2,2,2,2,2,2,2,2,2,2,2,2,4),(-4.12929770300696,
-4.01517786256001,-3.74691594071897,-3.47845675112883,-3.2100758678888,
-2.94348067996807,-2.40775974065547,-2.1398363368181,-1.87266884416104,
-1.60465294750591,-1.33912156455982,-1.20490993890911,-0.936255420453604,
-0.802106761005744,-0.265559649743164,0.),.UNSPECIFIED.);
#131=B_SPLINE_CURVE_WITH_KNOTS('',3,(#1782,#1783,#1784,#1785,#1786,#1787,
#1788,#1789,#1790,#1791,#1792,#1793,#1794,#1795,#1796,#1797,#1798,#1799,
#1800,#1801,#1802,#1803,#1804,#1805,#1806,#1807,#1808,#1809,#1810,#1811,
#1812,#1813,#1814,#1815,#1816,#1817,#1818,#1819,#1820,#1821,#1822,#1823,
#1824,#1825),.UNSPECIFIED.,.F.,.F.,(4,2,2,2,2,2,2,2,2,2,2,2,2,2,2,2,2,2,
2,2,2,4),(-20.6521289024768,-20.2655486618086,-19.8793590125549,-19.6110896192772,
-19.3447341303646,-19.0767176624052,-18.8095770251592,-18.6754603608957,
-18.1402866403763,-17.8737840114789,-17.3956977813233,-17.1277670461921,
-16.8603986843105,-16.5922985131924,-16.3254180277398,-16.0580124977368,
-15.9238537084378,-15.6650237461528,-15.3981837885689,-14.8640520667577,
-14.5976990300356,-14.4576966625052),.UNSPECIFIED.);
#132=B_SPLINE_CURVE_WITH_KNOTS('',3,(#1828,#1829,#1830,#1831,#1832,#1833,
#1834,#1835,#1836,#1837,#1838,#1839,#1840,#1841,#1842,#1843,#1844,#1845,
#1846,#1847,#1848,#1849,#1850,#1851,#1852,#1853,#1854,#1855,#1856,#1857,
#1858,#1859,#1860,#1861,#1862,#1863,#1864,#1865,#1866,#1867,#1868,#1869),
 .UNSPECIFIED.,.F.,.F.,(4,2,2,2,2,2,2,2,2,2,2,2,2,2,2,2,2,2,2,2,4),(-6.1962534250287,
-5.75548099284961,-5.48882022605555,-4.95522162636917,-4.82109459809167,
-4.28356749879539,-4.01517786256034,-3.74691594071929,-3.47845675112913,
-3.21007586788909,-2.94348067996834,-2.4077597406557,-2.13983633681831,
-1.87266884416124,-1.6046529475061,-1.33912156456001,-1.20490993890926,
-0.936255420453646,-0.802106761005775,-0.265559649743177,0.),
 .UNSPECIFIED.);
#133=B_SPLINE_CURVE_WITH_KNOTS('',3,(#1871,#1872,#1873,#1874,#1875,#1876,
#1877,#1878,#1879,#1880,#1881,#1882,#1883,#1884,#1885,#1886,#1887,#1888,
#1889,#1890,#1891,#1892,#1893,#1894,#1895,#1896,#1897,#1898,#1899,#1900,
#1901,#1902,#1903,#1904,#1905,#1906,#1907,#1908,#1909,#1910,#1911,#1912,
#1913,#1914,#1915,#1916,#1917,#1918,#1919,#1920,#1921,#1922,#1923,#1924,
#1925,#1926,#1927,#1928,#1929,#1930),.UNSPECIFIED.,.F.,.F.,(4,2,2,2,2,2,
2,2,2,2,2,2,2,2,2,2,2,2,2,2,2,2,2,2,2,2,2,2,2,4),(-20.6521289024711,-20.2655486618034,
-19.8793590125503,-19.6110896192728,-19.3447341303605,-19.0767176624014,
-18.8095770251557,-18.6754603608923,-18.1402866403731,-17.8737840114759,
-17.39569778132,-17.127767046189,-16.8603986843075,-16.5922985131895,-16.325418027737,
-16.058012497734,-15.9238537084351,-15.6650237461501,-15.3981837885663,
-14.8640520667554,-14.5976990300334,-14.0610312854953,-13.7925911958233,
-13.6585263806584,-13.3904592087145,-13.1230834431758,-12.8549894014896,
-12.5883069639454,-12.454160510493,-12.3933546864566),.UNSPECIFIED.);
#134=B_SPLINE_CURVE_WITH_KNOTS('',3,(#2218,#2219,#2220,#2221),
 .UNSPECIFIED.,.F.,.F.,(4,4),(-0.532088886237956,-0.0532088886237957),
 .UNSPECIFIED.);
#135=B_SPLINE_CURVE_WITH_KNOTS('',3,(#2223,#2224,#2225,#2226,#2227,#2228,
#2229,#2230,#2231,#2232,#2233,#2234,#2235,#2236,#2237,#2238,#2239,#2240,
#2241,#2242,#2243,#2244,#2245,#2246,#2247,#2248,#2249,#2250,#2251,#2252,
#2253,#2254,#2255,#2256,#2257,#2258,#2259,#2260,#2261,#2262,#2263,#2264,
#2265,#2266,#2267,#2268,#2269,#2270,#2271,#2272,#2273,#2274,#2275,#2276,
#2277,#2278,#2279,#2280,#2281,#2282,#2283,#2284,#2285,#2286,#2287,#2288,
#2289,#2290,#2291,#2292),.UNSPECIFIED.,.F.,.F.,(4,2,2,2,2,2,2,2,2,2,2,2,
2,2,2,2,2,2,2,2,2,2,2,2,2,2,2,2,2,2,2,2,2,2,4),(0.,0.206119894002026,0.405478024881316,
0.595969476285188,0.780287263143491,0.958631468628674,1.13119569138919,
1.30227107645264,1.46766578481501,1.62756844728236,1.78216143104415,1.93162104766093,
2.0761177541457,2.21581634736827,2.35087615200417,2.60887495567523,2.84994645783743,
3.07520125874277,3.28313728145272,3.4775952478857,3.65944878252793,3.82951488302514,
3.99050019955391,4.14092326946523,4.28147708175967,4.54097166822585,4.76682626683059,
4.96340185018119,5.13449404935865,5.28340644285348,5.5394942906426,5.72998664714329,
5.87168543604899,6.0799484806115,6.28318530717959),.UNSPECIFIED.);
#136=B_SPLINE_CURVE_WITH_KNOTS('',3,(#2296,#2297,#2298,#2299),
 .UNSPECIFIED.,.F.,.F.,(4,4),(-0.478879997614161,0.),.UNSPECIFIED.);
#137=B_SPLINE_CURVE_WITH_KNOTS('',3,(#2300,#2301,#2302,#2303),
 .UNSPECIFIED.,.F.,.F.,(4,4),(-0.168571171652512,0.),.UNSPECIFIED.);
#138=B_SPLINE_CURVE_WITH_KNOTS('',3,(#2586,#2587,#2588,#2589,#2590,#2591,
#2592,#2593,#2594,#2595,#2596,#2597,#2598,#2599,#2600,#2601,#2602,#2603,
#2604,#2605,#2606,#2607,#2608,#2609,#2610,#2611,#2612,#2613,#2614,#2615,
#2616,#2617,#2618,#2619,#2620,#2621,#2622,#2623,#2624,#2625,#2626,#2627,
#2628,#2629,#2630,#2631,#2632,#2633,#2634,#2635,#2636,#2637,#2638,#2639,
#2640,#2641,#2642,#2643,#2644,#2645,#2646,#2647,#2648,#2649,#2650,#2651,
#2652,#2653,#2654,#2655),.UNSPECIFIED.,.F.,.F.,(4,2,2,2,2,2,2,2,2,2,2,2,
2,2,2,2,2,2,2,2,2,2,2,2,2,2,2,2,2,2,2,2,2,2,4),(0.,0.206119894002026,0.405478024881316,
0.595969476285188,0.780287263143491,0.958631468628674,1.13119569138919,
1.30227107645264,1.46766578481501,1.62756844728236,1.78216143104415,1.93162104766093,
2.0761177541457,2.21581634736827,2.35087615200417,2.60887495567523,2.84994645783743,
3.07520125874277,3.28313728145272,3.4775952478857,3.65944878252793,3.82951488302514,
3.99050019955391,4.14092326946523,4.28147708175967,4.54097166822585,4.76682626683059,
4.96340185018119,5.13449404935865,5.28340644285348,5.5394942906426,5.72998664714329,
5.87168543604899,6.0799484806115,6.28318530717959),.UNSPECIFIED.);
#139=B_SPLINE_CURVE_WITH_KNOTS('',3,(#3219,#3220,#3221,#3222),
 .UNSPECIFIED.,.F.,.F.,(4,4),(-0.532088886237956,-0.0532088886237957),
 .UNSPECIFIED.);
#140=B_SPLINE_CURVE_WITH_KNOTS('',3,(#3224,#3225,#3226,#3227,#3228,#3229,
#3230,#3231,#3232,#3233,#3234,#3235,#3236,#3237,#3238,#3239,#3240,#3241,
#3242,#3243,#3244,#3245,#3246,#3247,#3248,#3249,#3250,#3251,#3252,#3253,
#3254,#3255,#3256,#3257,#3258,#3259,#3260,#3261,#3262,#3263,#3264,#3265,
#3266,#3267,#3268,#3269,#3270,#3271,#3272,#3273,#3274,#3275,#3276,#3277,
#3278,#3279,#3280,#3281,#3282,#3283,#3284,#3285,#3286,#3287,#3288,#3289,
#3290,#3291,#3292,#3293),.UNSPECIFIED.,.F.,.F.,(4,2,2,2,2,2,2,2,2,2,2,2,
2,2,2,2,2,2,2,2,2,2,2,2,2,2,2,2,2,2,2,2,2,2,4),(0.,0.206119894002026,0.405478024881316,
0.595969476285188,0.780287263143491,0.958631468628674,1.13119569138919,
1.30227107645264,1.46766578481501,1.62756844728236,1.78216143104415,1.93162104766093,
2.0761177541457,2.21581634736827,2.35087615200417,2.60887495567523,2.84994645783743,
3.07520125874277,3.28313728145272,3.4775952478857,3.65944878252793,3.82951488302514,
3.99050019955391,4.14092326946523,4.28147708175967,4.54097166822585,4.76682626683059,
4.96340185018119,5.13449404935865,5.28340644285348,5.5394942906426,5.72998664714329,
5.87168543604899,6.0799484806115,6.28318530717959),.UNSPECIFIED.);
#141=B_SPLINE_CURVE_WITH_KNOTS('',3,(#3297,#3298,#3299,#3300),
 .UNSPECIFIED.,.F.,.F.,(4,4),(-0.478879997614161,0.),.UNSPECIFIED.);
#142=B_SPLINE_CURVE_WITH_KNOTS('',3,(#3301,#3302,#3303,#3304),
 .UNSPECIFIED.,.F.,.F.,(4,4),(-0.168571171652512,0.),.UNSPECIFIED.);
#143=B_SPLINE_CURVE_WITH_KNOTS('',3,(#3587,#3588,#3589,#3590,#3591,#3592,
#3593,#3594,#3595,#3596,#3597,#3598,#3599,#3600,#3601,#3602,#3603,#3604,
#3605,#3606,#3607,#3608,#3609,#3610,#3611,#3612,#3613,#3614,#3615,#3616,
#3617,#3618,#3619,#3620,#3621,#3622,#3623,#3624,#3625,#3626,#3627,#3628,
#3629,#3630,#3631,#3632,#3633,#3634,#3635,#3636,#3637,#3638,#3639,#3640,
#3641,#3642,#3643,#3644,#3645,#3646,#3647,#3648,#3649,#3650,#3651,#3652,
#3653,#3654,#3655,#3656),.UNSPECIFIED.,.F.,.F.,(4,2,2,2,2,2,2,2,2,2,2,2,
2,2,2,2,2,2,2,2,2,2,2,2,2,2,2,2,2,2,2,2,2,2,4),(0.,0.206119894002026,0.405478024881316,
0.595969476285188,0.780287263143491,0.958631468628674,1.13119569138919,
1.30227107645264,1.46766578481501,1.62756844728236,1.78216143104415,1.93162104766093,
2.0761177541457,2.21581634736827,2.35087615200417,2.60887495567523,2.84994645783743,
3.07520125874277,3.28313728145272,3.4775952478857,3.65944878252793,3.82951488302514,
3.99050019955391,4.14092326946523,4.28147708175967,4.54097166822585,4.76682626683059,
4.96340185018119,5.13449404935865,5.28340644285348,5.5394942906426,5.72998664714329,
5.87168543604899,6.0799484806115,6.28318530717959),.UNSPECIFIED.);
#144=B_SPLINE_CURVE_WITH_KNOTS('',3,(#4220,#4221,#4222,#4223),
 .UNSPECIFIED.,.F.,.F.,(4,4),(-0.532088886237956,-0.0532088886237957),
 .UNSPECIFIED.);
#145=B_SPLINE_CURVE_WITH_KNOTS('',3,(#4225,#4226,#4227,#4228,#4229,#4230,
#4231,#4232,#4233,#4234,#4235,#4236,#4237,#4238,#4239,#4240,#4241,#4242,
#4243,#4244,#4245,#4246,#4247,#4248,#4249,#4250,#4251,#4252,#4253,#4254,
#4255,#4256,#4257,#4258,#4259,#4260,#4261,#4262,#4263,#4264,#4265,#4266,
#4267,#4268,#4269,#4270,#4271,#4272,#4273,#4274,#4275,#4276,#4277,#4278,
#4279,#4280,#4281,#4282,#4283,#4284,#4285,#4286,#4287,#4288,#4289,#4290,
#4291,#4292,#4293,#4294),.UNSPECIFIED.,.F.,.F.,(4,2,2,2,2,2,2,2,2,2,2,2,
2,2,2,2,2,2,2,2,2,2,2,2,2,2,2,2,2,2,2,2,2,2,4),(0.,0.206119894002026,0.405478024881316,
0.595969476285188,0.780287263143491,0.958631468628674,1.13119569138919,
1.30227107645264,1.46766578481501,1.62756844728236,1.78216143104415,1.93162104766093,
2.0761177541457,2.21581634736827,2.35087615200417,2.60887495567523,2.84994645783743,
3.07520125874277,3.28313728145272,3.4775952478857,3.65944878252793,3.82951488302514,
3.99050019955391,4.14092326946523,4.28147708175967,4.54097166822585,4.76682626683059,
4.96340185018119,5.13449404935865,5.28340644285348,5.5394942906426,5.72998664714329,
5.87168543604899,6.0799484806115,6.28318530717959),.UNSPECIFIED.);
#146=B_SPLINE_CURVE_WITH_KNOTS('',3,(#4298,#4299,#4300,#4301),
 .UNSPECIFIED.,.F.,.F.,(4,4),(-0.478879997614161,0.),.UNSPECIFIED.);
#147=B_SPLINE_CURVE_WITH_KNOTS('',3,(#4302,#4303,#4304,#4305),
 .UNSPECIFIED.,.F.,.F.,(4,4),(-0.168571171652512,0.),.UNSPECIFIED.);
#148=B_SPLINE_CURVE_WITH_KNOTS('',3,(#4588,#4589,#4590,#4591,#4592,#4593,
#4594,#4595,#4596,#4597,#4598,#4599,#4600,#4601,#4602,#4603,#4604,#4605,
#4606,#4607,#4608,#4609,#4610,#4611,#4612,#4613,#4614,#4615,#4616,#4617,
#4618,#4619,#4620,#4621,#4622,#4623,#4624,#4625,#4626,#4627,#4628,#4629,
#4630,#4631,#4632,#4633,#4634,#4635,#4636,#4637,#4638,#4639,#4640,#4641,
#4642,#4643,#4644,#4645,#4646,#4647,#4648,#4649,#4650,#4651,#4652,#4653,
#4654,#4655,#4656,#4657),.UNSPECIFIED.,.F.,.F.,(4,2,2,2,2,2,2,2,2,2,2,2,
2,2,2,2,2,2,2,2,2,2,2,2,2,2,2,2,2,2,2,2,2,2,4),(0.,0.206119894002026,0.405478024881316,
0.595969476285188,0.780287263143491,0.958631468628674,1.13119569138919,
1.30227107645264,1.46766578481501,1.62756844728236,1.78216143104415,1.93162104766093,
2.0761177541457,2.21581634736827,2.35087615200417,2.60887495567523,2.84994645783743,
3.07520125874277,3.28313728145272,3.4775952478857,3.65944878252793,3.82951488302514,
3.99050019955391,4.14092326946523,4.28147708175967,4.54097166822585,4.76682626683059,
4.96340185018119,5.13449404935865,5.28340644285348,5.5394942906426,5.72998664714329,
5.87168543604899,6.0799484806115,6.28318530717959),.UNSPECIFIED.);
#149=B_SPLINE_CURVE_WITH_KNOTS('',3,(#5221,#5222,#5223,#5224),
 .UNSPECIFIED.,.F.,.F.,(4,4),(-0.532088886237956,-0.0532088886237957),
 .UNSPECIFIED.);
#150=B_SPLINE_CURVE_WITH_KNOTS('',3,(#5226,#5227,#5228,#5229,#5230,#5231,
#5232,#5233,#5234,#5235,#5236,#5237,#5238,#5239,#5240,#5241,#5242,#5243,
#5244,#5245,#5246,#5247,#5248,#5249,#5250,#5251,#5252,#5253,#5254,#5255,
#5256,#5257,#5258,#5259,#5260,#5261,#5262,#5263,#5264,#5265,#5266,#5267,
#5268,#5269,#5270,#5271,#5272,#5273,#5274,#5275,#5276,#5277,#5278,#5279,
#5280,#5281,#5282,#5283,#5284,#5285,#5286,#5287,#5288,#5289,#5290,#5291,
#5292,#5293,#5294,#5295),.UNSPECIFIED.,.F.,.F.,(4,2,2,2,2,2,2,2,2,2,2,2,
2,2,2,2,2,2,2,2,2,2,2,2,2,2,2,2,2,2,2,2,2,2,4),(0.,0.206119894002026,0.405478024881316,
0.595969476285188,0.780287263143491,0.958631468628674,1.13119569138919,
1.30227107645264,1.46766578481501,1.62756844728236,1.78216143104415,1.93162104766093,
2.0761177541457,2.21581634736827,2.35087615200417,2.60887495567523,2.84994645783743,
3.07520125874277,3.28313728145272,3.4775952478857,3.65944878252793,3.82951488302514,
3.99050019955391,4.14092326946523,4.28147708175967,4.54097166822585,4.76682626683059,
4.96340185018119,5.13449404935865,5.28340644285348,5.5394942906426,5.72998664714329,
5.87168543604899,6.0799484806115,6.28318530717959),.UNSPECIFIED.);
#151=B_SPLINE_CURVE_WITH_KNOTS('',3,(#5299,#5300,#5301,#5302),
 .UNSPECIFIED.,.F.,.F.,(4,4),(-0.478879997614161,0.),.UNSPECIFIED.);
#152=B_SPLINE_CURVE_WITH_KNOTS('',3,(#5303,#5304,#5305,#5306),
 .UNSPECIFIED.,.F.,.F.,(4,4),(-0.168571171652512,0.),.UNSPECIFIED.);
#153=B_SPLINE_CURVE_WITH_KNOTS('',3,(#5589,#5590,#5591,#5592,#5593,#5594,
#5595,#5596,#5597,#5598,#5599,#5600,#5601,#5602,#5603,#5604,#5605,#5606,
#5607,#5608,#5609,#5610,#5611,#5612,#5613,#5614,#5615,#5616,#5617,#5618,
#5619,#5620,#5621,#5622,#5623,#5624,#5625,#5626,#5627,#5628,#5629,#5630,
#5631,#5632,#5633,#5634,#5635,#5636,#5637,#5638,#5639,#5640,#5641,#5642,
#5643,#5644,#5645,#5646,#5647,#5648,#5649,#5650,#5651,#5652,#5653,#5654,
#5655,#5656,#5657,#5658),.UNSPECIFIED.,.F.,.F.,(4,2,2,2,2,2,2,2,2,2,2,2,
2,2,2,2,2,2,2,2,2,2,2,2,2,2,2,2,2,2,2,2,2,2,4),(0.,0.206119894002026,0.405478024881316,
0.595969476285188,0.780287263143491,0.958631468628674,1.13119569138919,
1.30227107645264,1.46766578481501,1.62756844728236,1.78216143104415,1.93162104766093,
2.0761177541457,2.21581634736827,2.35087615200417,2.60887495567523,2.84994645783743,
3.07520125874277,3.28313728145272,3.4775952478857,3.65944878252793,3.82951488302514,
3.99050019955391,4.14092326946523,4.28147708175967,4.54097166822585,4.76682626683059,
4.96340185018119,5.13449404935865,5.28340644285348,5.5394942906426,5.72998664714329,
5.87168543604899,6.0799484806115,6.28318530717959),.UNSPECIFIED.);
#154=LINE('',#689,#187);
#155=LINE('',#756,#188);
#156=LINE('',#818,#189);
#157=LINE('',#883,#190);
#158=LINE('',#885,#191);
#159=LINE('',#902,#192);
#160=LINE('',#919,#193);
#161=LINE('',#952,#194);
#162=LINE('',#981,#195);
#163=LINE('',#1030,#196);
#164=LINE('',#1078,#197);
#165=LINE('',#1200,#198);
#166=LINE('',#1322,#199);
#167=LINE('',#1436,#200);
#168=LINE('',#1552,#201);
#169=LINE('',#1673,#202);
#170=LINE('',#1697,#203);
#171=LINE('',#1748,#204);
#172=LINE('',#1827,#205);
#173=LINE('',#1932,#206);
#174=LINE('',#1934,#207);
#175=LINE('',#2293,#208);
#176=LINE('',#2585,#209);
#177=LINE('',#2936,#210);
#178=LINE('',#3294,#211);
#179=LINE('',#3586,#212);
#180=LINE('',#3937,#213);
#181=LINE('',#4295,#214);
#182=LINE('',#4587,#215);
#183=LINE('',#4938,#216);
#184=LINE('',#5296,#217);
#185=LINE('',#5588,#218);
#186=LINE('',#5939,#219);
#187=VECTOR('',#606,12.5);
#188=VECTOR('',#607,12.5);
#189=VECTOR('',#610,12.5);
#190=VECTOR('',#611,12.5);
#191=VECTOR('',#614,10.);
#192=VECTOR('',#615,10.);
#193=VECTOR('',#616,12.5);
#194=VECTOR('',#617,10.);
#195=VECTOR('',#618,12.5);
#196=VECTOR('',#619,10.);
#197=VECTOR('',#622,12.5);
#198=VECTOR('',#625,12.5);
#199=VECTOR('',#628,12.5);
#200=VECTOR('',#631,12.5);
#201=VECTOR('',#634,12.5);
#202=VECTOR('',#639,2.6);
#203=VECTOR('',#646,10.);
#204=VECTOR('',#647,10.);
#205=VECTOR('',#648,10.);
#206=VECTOR('',#649,12.5);
#207=VECTOR('',#652,10.);
#208=VECTOR('',#657,10.);
#209=VECTOR('',#660,10.);
#210=VECTOR('',#661,10.);
#211=VECTOR('',#664,10.);
#212=VECTOR('',#667,10.);
#213=VECTOR('',#668,10.);
#214=VECTOR('',#671,10.);
#215=VECTOR('',#674,10.);
#216=VECTOR('',#675,10.);
#217=VECTOR('',#678,10.);
#218=VECTOR('',#681,10.);
#219=VECTOR('',#682,10.);
#220=VERTEX_POINT('',#687);
#221=VERTEX_POINT('',#688);
#222=VERTEX_POINT('',#690);
#223=VERTEX_POINT('',#755);
#224=VERTEX_POINT('',#816);
#225=VERTEX_POINT('',#817);
#226=VERTEX_POINT('',#819);
#227=VERTEX_POINT('',#882);
#228=VERTEX_POINT('',#886);
#229=VERTEX_POINT('',#901);
#230=VERTEX_POINT('',#903);
#231=VERTEX_POINT('',#918);
#232=VERTEX_POINT('',#920);
#233=VERTEX_POINT('',#951);
#234=VERTEX_POINT('',#953);
#235=VERTEX_POINT('',#980);
#236=VERTEX_POINT('',#982);
#237=VERTEX_POINT('',#1029);
#238=VERTEX_POINT('',#1076);
#239=VERTEX_POINT('',#1077);
#240=VERTEX_POINT('',#1198);
#241=VERTEX_POINT('',#1199);
#242=VERTEX_POINT('',#1320);
#243=VERTEX_POINT('',#1321);
#244=VERTEX_POINT('',#1434);
#245=VERTEX_POINT('',#1435);
#246=VERTEX_POINT('',#1550);
#247=VERTEX_POINT('',#1551);
#248=VERTEX_POINT('',#1670);
#249=VERTEX_POINT('',#1672);
#250=VERTEX_POINT('',#1677);
#251=VERTEX_POINT('',#1696);
#252=VERTEX_POINT('',#1716);
#253=VERTEX_POINT('',#1747);
#254=VERTEX_POINT('',#1781);
#255=VERTEX_POINT('',#1826);
#256=VERTEX_POINT('',#1870);
#257=VERTEX_POINT('',#1931);
#258=VERTEX_POINT('',#2217);
#259=VERTEX_POINT('',#2222);
#260=VERTEX_POINT('',#2295);
#261=VERTEX_POINT('',#2584);
#262=VERTEX_POINT('',#3218);
#263=VERTEX_POINT('',#3223);
#264=VERTEX_POINT('',#3296);
#265=VERTEX_POINT('',#3585);
#266=VERTEX_POINT('',#4219);
#267=VERTEX_POINT('',#4224);
#268=VERTEX_POINT('',#4297);
#269=VERTEX_POINT('',#4586);
#270=VERTEX_POINT('',#5220);
#271=VERTEX_POINT('',#5225);
#272=VERTEX_POINT('',#5298);
#273=VERTEX_POINT('',#5587);
#274=EDGE_CURVE('',#220,#221,#154,.T.);
#275=EDGE_CURVE('',#222,#220,#108,.T.);
#276=EDGE_CURVE('',#222,#223,#155,.T.);
#277=EDGE_CURVE('',#221,#223,#109,.T.);
#278=EDGE_CURVE('',#224,#225,#156,.T.);
#279=EDGE_CURVE('',#226,#224,#110,.T.);
#280=EDGE_CURVE('',#226,#227,#157,.T.);
#281=EDGE_CURVE('',#227,#227,#39,.T.);
#282=EDGE_CURVE('',#223,#226,#158,.T.);
#283=EDGE_CURVE('',#228,#222,#111,.T.);
#284=EDGE_CURVE('',#229,#228,#159,.T.);
#285=EDGE_CURVE('',#230,#229,#112,.T.);
#286=EDGE_CURVE('',#231,#230,#160,.T.);
#287=EDGE_CURVE('',#232,#231,#113,.T.);
#288=EDGE_CURVE('',#233,#232,#161,.T.);
#289=EDGE_CURVE('',#234,#233,#114,.T.);
#290=EDGE_CURVE('',#235,#234,#162,.T.);
#291=EDGE_CURVE('',#236,#235,#115,.T.);
#292=EDGE_CURVE('',#237,#236,#163,.T.);
#293=EDGE_CURVE('',#225,#237,#116,.T.);
#294=EDGE_CURVE('',#238,#239,#164,.T.);
#295=EDGE_CURVE('',#231,#238,#117,.T.);
#296=EDGE_CURVE('',#239,#230,#118,.T.);
#297=EDGE_CURVE('',#240,#241,#165,.T.);
#298=EDGE_CURVE('',#235,#240,#119,.T.);
#299=EDGE_CURVE('',#241,#234,#120,.T.);
#300=EDGE_CURVE('',#242,#243,#166,.T.);
#301=EDGE_CURVE('',#224,#242,#121,.T.);
#302=EDGE_CURVE('',#243,#225,#122,.T.);
#303=EDGE_CURVE('',#244,#245,#167,.T.);
#304=EDGE_CURVE('',#220,#244,#123,.T.);
#305=EDGE_CURVE('',#245,#221,#124,.T.);
#306=EDGE_CURVE('',#246,#247,#168,.T.);
#307=EDGE_CURVE('',#238,#246,#125,.T.);
#308=EDGE_CURVE('',#247,#239,#126,.T.);
#309=EDGE_CURVE('',#248,#248,#40,.T.);
#310=EDGE_CURVE('',#248,#249,#169,.T.);
#311=EDGE_CURVE('',#249,#249,#41,.T.);
#312=EDGE_CURVE('',#250,#247,#127,.T.);
#313=EDGE_CURVE('',#251,#250,#170,.T.);
#314=EDGE_CURVE('',#244,#251,#128,.T.);
#315=EDGE_CURVE('',#252,#245,#129,.T.);
#316=EDGE_CURVE('',#253,#252,#171,.T.);
#317=EDGE_CURVE('',#242,#253,#130,.T.);
#318=EDGE_CURVE('',#254,#243,#131,.T.);
#319=EDGE_CURVE('',#255,#254,#172,.T.);
#320=EDGE_CURVE('',#240,#255,#132,.T.);
#321=EDGE_CURVE('',#256,#241,#133,.T.);
#322=EDGE_CURVE('',#257,#256,#173,.T.);
#323=EDGE_CURVE('',#257,#257,#42,.T.);
#324=EDGE_CURVE('',#246,#256,#174,.T.);
#325=EDGE_CURVE('',#258,#255,#134,.T.);
#326=EDGE_CURVE('',#259,#258,#135,.T.);
#327=EDGE_CURVE('',#236,#259,#175,.T.);
#328=EDGE_CURVE('',#254,#260,#136,.T.);
#329=EDGE_CURVE('',#260,#258,#137,.T.);
#330=EDGE_CURVE('',#259,#261,#176,.T.);
#331=EDGE_CURVE('',#261,#260,#138,.T.);
#332=EDGE_CURVE('',#261,#237,#177,.T.);
#333=EDGE_CURVE('',#262,#251,#139,.T.);
#334=EDGE_CURVE('',#263,#262,#140,.T.);
#335=EDGE_CURVE('',#228,#263,#178,.T.);
#336=EDGE_CURVE('',#250,#264,#141,.T.);
#337=EDGE_CURVE('',#264,#262,#142,.T.);
#338=EDGE_CURVE('',#263,#265,#179,.T.);
#339=EDGE_CURVE('',#265,#264,#143,.T.);
#340=EDGE_CURVE('',#265,#229,#180,.T.);
#341=EDGE_CURVE('',#266,#246,#144,.T.);
#342=EDGE_CURVE('',#267,#266,#145,.T.);
#343=EDGE_CURVE('',#232,#267,#181,.T.);
#344=EDGE_CURVE('',#256,#268,#146,.T.);
#345=EDGE_CURVE('',#268,#266,#147,.T.);
#346=EDGE_CURVE('',#267,#269,#182,.T.);
#347=EDGE_CURVE('',#269,#268,#148,.T.);
#348=EDGE_CURVE('',#269,#233,#183,.T.);
#349=EDGE_CURVE('',#270,#253,#149,.T.);
#350=EDGE_CURVE('',#271,#270,#150,.T.);
#351=EDGE_CURVE('',#226,#271,#184,.T.);
#352=EDGE_CURVE('',#252,#272,#151,.T.);
#353=EDGE_CURVE('',#272,#270,#152,.T.);
#354=EDGE_CURVE('',#271,#273,#185,.T.);
#355=EDGE_CURVE('',#273,#272,#153,.T.);
#356=EDGE_CURVE('',#273,#223,#186,.T.);
#357=ORIENTED_EDGE('',*,*,#274,.F.);
#358=ORIENTED_EDGE('',*,*,#275,.F.);
#359=ORIENTED_EDGE('',*,*,#276,.T.);
#360=ORIENTED_EDGE('',*,*,#277,.F.);
#361=ORIENTED_EDGE('',*,*,#278,.F.);
#362=ORIENTED_EDGE('',*,*,#279,.F.);
#363=ORIENTED_EDGE('',*,*,#280,.T.);
#364=ORIENTED_EDGE('',*,*,#281,.F.);
#365=ORIENTED_EDGE('',*,*,#280,.F.);
#366=ORIENTED_EDGE('',*,*,#282,.F.);
#367=ORIENTED_EDGE('',*,*,#276,.F.);
#368=ORIENTED_EDGE('',*,*,#283,.F.);
#369=ORIENTED_EDGE('',*,*,#284,.F.);
#370=ORIENTED_EDGE('',*,*,#285,.F.);
#371=ORIENTED_EDGE('',*,*,#286,.F.);
#372=ORIENTED_EDGE('',*,*,#287,.F.);
#373=ORIENTED_EDGE('',*,*,#288,.F.);
#374=ORIENTED_EDGE('',*,*,#289,.F.);
#375=ORIENTED_EDGE('',*,*,#290,.F.);
#376=ORIENTED_EDGE('',*,*,#291,.F.);
#377=ORIENTED_EDGE('',*,*,#292,.F.);
#378=ORIENTED_EDGE('',*,*,#293,.F.);
#379=ORIENTED_EDGE('',*,*,#294,.F.);
#380=ORIENTED_EDGE('',*,*,#295,.F.);
#381=ORIENTED_EDGE('',*,*,#286,.T.);
#382=ORIENTED_EDGE('',*,*,#296,.F.);
#383=ORIENTED_EDGE('',*,*,#297,.F.);
#384=ORIENTED_EDGE('',*,*,#298,.F.);
#385=ORIENTED_EDGE('',*,*,#290,.T.);
#386=ORIENTED_EDGE('',*,*,#299,.F.);
#387=ORIENTED_EDGE('',*,*,#300,.F.);
#388=ORIENTED_EDGE('',*,*,#301,.F.);
#389=ORIENTED_EDGE('',*,*,#278,.T.);
#390=ORIENTED_EDGE('',*,*,#302,.F.);
#391=ORIENTED_EDGE('',*,*,#303,.F.);
#392=ORIENTED_EDGE('',*,*,#304,.F.);
#393=ORIENTED_EDGE('',*,*,#274,.T.);
#394=ORIENTED_EDGE('',*,*,#305,.F.);
#395=ORIENTED_EDGE('',*,*,#306,.F.);
#396=ORIENTED_EDGE('',*,*,#307,.F.);
#397=ORIENTED_EDGE('',*,*,#294,.T.);
#398=ORIENTED_EDGE('',*,*,#308,.F.);
#399=ORIENTED_EDGE('',*,*,#309,.F.);
#400=ORIENTED_EDGE('',*,*,#310,.T.);
#401=ORIENTED_EDGE('',*,*,#311,.T.);
#402=ORIENTED_EDGE('',*,*,#310,.F.);
#403=ORIENTED_EDGE('',*,*,#311,.F.);
#404=ORIENTED_EDGE('',*,*,#306,.T.);
#405=ORIENTED_EDGE('',*,*,#312,.F.);
#406=ORIENTED_EDGE('',*,*,#313,.F.);
#407=ORIENTED_EDGE('',*,*,#314,.F.);
#408=ORIENTED_EDGE('',*,*,#303,.T.);
#409=ORIENTED_EDGE('',*,*,#315,.F.);
#410=ORIENTED_EDGE('',*,*,#316,.F.);
#411=ORIENTED_EDGE('',*,*,#317,.F.);
#412=ORIENTED_EDGE('',*,*,#300,.T.);
#413=ORIENTED_EDGE('',*,*,#318,.F.);
#414=ORIENTED_EDGE('',*,*,#319,.F.);
#415=ORIENTED_EDGE('',*,*,#320,.F.);
#416=ORIENTED_EDGE('',*,*,#297,.T.);
#417=ORIENTED_EDGE('',*,*,#321,.F.);
#418=ORIENTED_EDGE('',*,*,#322,.F.);
#419=ORIENTED_EDGE('',*,*,#323,.F.);
#420=ORIENTED_EDGE('',*,*,#322,.T.);
#421=ORIENTED_EDGE('',*,*,#324,.F.);
#422=ORIENTED_EDGE('',*,*,#281,.T.);
#423=ORIENTED_EDGE('',*,*,#323,.T.);
#424=ORIENTED_EDGE('',*,*,#309,.T.);
#425=ORIENTED_EDGE('',*,*,#291,.T.);
#426=ORIENTED_EDGE('',*,*,#298,.T.);
#427=ORIENTED_EDGE('',*,*,#320,.T.);
#428=ORIENTED_EDGE('',*,*,#325,.F.);
#429=ORIENTED_EDGE('',*,*,#326,.F.);
#430=ORIENTED_EDGE('',*,*,#327,.F.);
#431=ORIENTED_EDGE('',*,*,#319,.T.);
#432=ORIENTED_EDGE('',*,*,#328,.T.);
#433=ORIENTED_EDGE('',*,*,#329,.T.);
#434=ORIENTED_EDGE('',*,*,#325,.T.);
#435=ORIENTED_EDGE('',*,*,#330,.F.);
#436=ORIENTED_EDGE('',*,*,#326,.T.);
#437=ORIENTED_EDGE('',*,*,#329,.F.);
#438=ORIENTED_EDGE('',*,*,#331,.F.);
#439=ORIENTED_EDGE('',*,*,#318,.T.);
#440=ORIENTED_EDGE('',*,*,#302,.T.);
#441=ORIENTED_EDGE('',*,*,#293,.T.);
#442=ORIENTED_EDGE('',*,*,#332,.F.);
#443=ORIENTED_EDGE('',*,*,#331,.T.);
#444=ORIENTED_EDGE('',*,*,#328,.F.);
#445=ORIENTED_EDGE('',*,*,#292,.T.);
#446=ORIENTED_EDGE('',*,*,#327,.T.);
#447=ORIENTED_EDGE('',*,*,#330,.T.);
#448=ORIENTED_EDGE('',*,*,#332,.T.);
#449=ORIENTED_EDGE('',*,*,#283,.T.);
#450=ORIENTED_EDGE('',*,*,#275,.T.);
#451=ORIENTED_EDGE('',*,*,#304,.T.);
#452=ORIENTED_EDGE('',*,*,#314,.T.);
#453=ORIENTED_EDGE('',*,*,#333,.F.);
#454=ORIENTED_EDGE('',*,*,#334,.F.);
#455=ORIENTED_EDGE('',*,*,#335,.F.);
#456=ORIENTED_EDGE('',*,*,#313,.T.);
#457=ORIENTED_EDGE('',*,*,#336,.T.);
#458=ORIENTED_EDGE('',*,*,#337,.T.);
#459=ORIENTED_EDGE('',*,*,#333,.T.);
#460=ORIENTED_EDGE('',*,*,#338,.F.);
#461=ORIENTED_EDGE('',*,*,#334,.T.);
#462=ORIENTED_EDGE('',*,*,#337,.F.);
#463=ORIENTED_EDGE('',*,*,#339,.F.);
#464=ORIENTED_EDGE('',*,*,#312,.T.);
#465=ORIENTED_EDGE('',*,*,#308,.T.);
#466=ORIENTED_EDGE('',*,*,#296,.T.);
#467=ORIENTED_EDGE('',*,*,#285,.T.);
#468=ORIENTED_EDGE('',*,*,#340,.F.);
#469=ORIENTED_EDGE('',*,*,#339,.T.);
#470=ORIENTED_EDGE('',*,*,#336,.F.);
#471=ORIENTED_EDGE('',*,*,#284,.T.);
#472=ORIENTED_EDGE('',*,*,#335,.T.);
#473=ORIENTED_EDGE('',*,*,#338,.T.);
#474=ORIENTED_EDGE('',*,*,#340,.T.);
#475=ORIENTED_EDGE('',*,*,#287,.T.);
#476=ORIENTED_EDGE('',*,*,#295,.T.);
#477=ORIENTED_EDGE('',*,*,#307,.T.);
#478=ORIENTED_EDGE('',*,*,#341,.F.);
#479=ORIENTED_EDGE('',*,*,#342,.F.);
#480=ORIENTED_EDGE('',*,*,#343,.F.);
#481=ORIENTED_EDGE('',*,*,#324,.T.);
#482=ORIENTED_EDGE('',*,*,#344,.T.);
#483=ORIENTED_EDGE('',*,*,#345,.T.);
#484=ORIENTED_EDGE('',*,*,#341,.T.);
#485=ORIENTED_EDGE('',*,*,#346,.F.);
#486=ORIENTED_EDGE('',*,*,#342,.T.);
#487=ORIENTED_EDGE('',*,*,#345,.F.);
#488=ORIENTED_EDGE('',*,*,#347,.F.);
#489=ORIENTED_EDGE('',*,*,#321,.T.);
#490=ORIENTED_EDGE('',*,*,#299,.T.);
#491=ORIENTED_EDGE('',*,*,#289,.T.);
#492=ORIENTED_EDGE('',*,*,#348,.F.);
#493=ORIENTED_EDGE('',*,*,#347,.T.);
#494=ORIENTED_EDGE('',*,*,#344,.F.);
#495=ORIENTED_EDGE('',*,*,#288,.T.);
#496=ORIENTED_EDGE('',*,*,#343,.T.);
#497=ORIENTED_EDGE('',*,*,#346,.T.);
#498=ORIENTED_EDGE('',*,*,#348,.T.);
#499=ORIENTED_EDGE('',*,*,#279,.T.);
#500=ORIENTED_EDGE('',*,*,#301,.T.);
#501=ORIENTED_EDGE('',*,*,#317,.T.);
#502=ORIENTED_EDGE('',*,*,#349,.F.);
#503=ORIENTED_EDGE('',*,*,#350,.F.);
#504=ORIENTED_EDGE('',*,*,#351,.F.);
#505=ORIENTED_EDGE('',*,*,#316,.T.);
#506=ORIENTED_EDGE('',*,*,#352,.T.);
#507=ORIENTED_EDGE('',*,*,#353,.T.);
#508=ORIENTED_EDGE('',*,*,#349,.T.);
#509=ORIENTED_EDGE('',*,*,#354,.F.);
#510=ORIENTED_EDGE('',*,*,#350,.T.);
#511=ORIENTED_EDGE('',*,*,#353,.F.);
#512=ORIENTED_EDGE('',*,*,#355,.F.);
#513=ORIENTED_EDGE('',*,*,#315,.T.);
#514=ORIENTED_EDGE('',*,*,#305,.T.);
#515=ORIENTED_EDGE('',*,*,#277,.T.);
#516=ORIENTED_EDGE('',*,*,#356,.F.);
#517=ORIENTED_EDGE('',*,*,#355,.T.);
#518=ORIENTED_EDGE('',*,*,#352,.F.);
#519=ORIENTED_EDGE('',*,*,#282,.T.);
#520=ORIENTED_EDGE('',*,*,#351,.T.);
#521=ORIENTED_EDGE('',*,*,#354,.T.);
#522=ORIENTED_EDGE('',*,*,#356,.T.);
#523=CYLINDRICAL_SURFACE('',#578,12.5);
#524=CYLINDRICAL_SURFACE('',#579,12.5);
#525=CYLINDRICAL_SURFACE('',#581,12.5);
#526=CYLINDRICAL_SURFACE('',#582,12.5);
#527=CYLINDRICAL_SURFACE('',#583,12.5);
#528=CYLINDRICAL_SURFACE('',#584,12.5);
#529=CYLINDRICAL_SURFACE('',#585,12.5);
#530=CYLINDRICAL_SURFACE('',#586,2.6);
#531=CYLINDRICAL_SURFACE('',#590,12.5);
#532=ADVANCED_FACE('',(#43),#523,.T.);
#533=ADVANCED_FACE('',(#44),#524,.T.);
#534=ADVANCED_FACE('',(#45),#525,.T.);
#535=ADVANCED_FACE('',(#46),#526,.T.);
#536=ADVANCED_FACE('',(#47),#527,.T.);
#537=ADVANCED_FACE('',(#48),#528,.T.);
#538=ADVANCED_FACE('',(#49),#529,.T.);
#539=ADVANCED_FACE('',(#50),#530,.F.);
#540=ADVANCED_FACE('',(#51),#28,.T.);
#541=ADVANCED_FACE('',(#52),#531,.T.);
#542=ADVANCED_FACE('',(#53),#29,.F.);
#543=ADVANCED_FACE('',(#54,#27),#30,.T.);
#544=ADVANCED_FACE('',(#55),#15,.T.);
#545=ADVANCED_FACE('',(#56),#31,.T.);
#546=ADVANCED_FACE('',(#57),#16,.T.);
#547=ADVANCED_FACE('',(#58),#17,.T.);
#548=ADVANCED_FACE('',(#59),#32,.T.);
#549=ADVANCED_FACE('',(#60),#18,.T.);
#550=ADVANCED_FACE('',(#61),#33,.T.);
#551=ADVANCED_FACE('',(#62),#19,.T.);
#552=ADVANCED_FACE('',(#63),#20,.T.);
#553=ADVANCED_FACE('',(#64),#34,.T.);
#554=ADVANCED_FACE('',(#65),#21,.T.);
#555=ADVANCED_FACE('',(#66),#35,.T.);
#556=ADVANCED_FACE('',(#67),#22,.T.);
#557=ADVANCED_FACE('',(#68),#23,.T.);
#558=ADVANCED_FACE('',(#69),#36,.T.);
#559=ADVANCED_FACE('',(#70),#24,.T.);
#560=ADVANCED_FACE('',(#71),#37,.T.);
#561=ADVANCED_FACE('',(#72),#25,.T.);
#562=ADVANCED_FACE('',(#73),#26,.T.);
#563=ADVANCED_FACE('',(#74),#38,.T.);
#564=CLOSED_SHELL('',(#532,#533,#534,#535,#536,#537,#538,#539,#540,#541,
#542,#543,#544,#545,#546,#547,#548,#549,#550,#551,#552,#553,#554,#555,#556,
#557,#558,#559,#560,#561,#562,#563));
#565=DERIVED_UNIT_ELEMENT(#567,1.);
#566=DERIVED_UNIT_ELEMENT(#5946,-3.);
#567=(
MASS_UNIT()
NAMED_UNIT(*)
SI_UNIT(.KILO.,.GRAM.)
);
#568=DERIVED_UNIT((#565,#566));
#569=MEASURE_REPRESENTATION_ITEM('density measure',
POSITIVE_RATIO_MEASURE(7850.),#568);
#570=PROPERTY_DEFINITION_REPRESENTATION(#575,#572);
#571=PROPERTY_DEFINITION_REPRESENTATION(#576,#573);
#572=REPRESENTATION('material name',(#574),#5943);
#573=REPRESENTATION('density',(#569),#5943);
#574=DESCRIPTIVE_REPRESENTATION_ITEM('Steel','Steel');
#575=PROPERTY_DEFINITION('material property','material name',#5953);
#576=PROPERTY_DEFINITION('material property','density of part',#5953);
#577=AXIS2_PLACEMENT_3D('',#685,#602,#603);
#578=AXIS2_PLACEMENT_3D('',#686,#604,#605);
#579=AXIS2_PLACEMENT_3D('',#815,#608,#609);
#580=AXIS2_PLACEMENT_3D('',#884,#612,#613);
#581=AXIS2_PLACEMENT_3D('',#1075,#620,#621);
#582=AXIS2_PLACEMENT_3D('',#1197,#623,#624);
#583=AXIS2_PLACEMENT_3D('',#1319,#626,#627);
#584=AXIS2_PLACEMENT_3D('',#1433,#629,#630);
#585=AXIS2_PLACEMENT_3D('',#1549,#632,#633);
#586=AXIS2_PLACEMENT_3D('',#1669,#635,#636);
#587=AXIS2_PLACEMENT_3D('',#1671,#637,#638);
#588=AXIS2_PLACEMENT_3D('',#1674,#640,#641);
#589=AXIS2_PLACEMENT_3D('',#1675,#642,#643);
#590=AXIS2_PLACEMENT_3D('',#1676,#644,#645);
#591=AXIS2_PLACEMENT_3D('',#1933,#650,#651);
#592=AXIS2_PLACEMENT_3D('',#1935,#653,#654);
#593=AXIS2_PLACEMENT_3D('',#1936,#655,#656);
#594=AXIS2_PLACEMENT_3D('',#2294,#658,#659);
#595=AXIS2_PLACEMENT_3D('',#2937,#662,#663);
#596=AXIS2_PLACEMENT_3D('',#3295,#665,#666);
#597=AXIS2_PLACEMENT_3D('',#3938,#669,#670);
#598=AXIS2_PLACEMENT_3D('',#4296,#672,#673);
#599=AXIS2_PLACEMENT_3D('',#4939,#676,#677);
#600=AXIS2_PLACEMENT_3D('',#5297,#679,#680);
#601=AXIS2_PLACEMENT_3D('',#5940,#683,#684);
#602=DIRECTION('axis',(0.,0.,1.));
#603=DIRECTION('refdir',(1.,0.,0.));
#604=DIRECTION('center_axis',(0.,1.,0.));
#605=DIRECTION('ref_axis',(1.,0.,0.));
#606=DIRECTION('',(0.,-1.,0.));
#607=DIRECTION('',(0.,-1.,0.));
#608=DIRECTION('center_axis',(0.,1.,0.));
#609=DIRECTION('ref_axis',(1.,0.,0.));
#610=DIRECTION('',(0.,-1.,0.));
#611=DIRECTION('',(0.,-1.,0.));
#612=DIRECTION('center_axis',(0.,-1.,0.));
#613=DIRECTION('ref_axis',(1.,0.,0.));
#614=DIRECTION('',(0.,-1.,0.));
#615=DIRECTION('',(0.,-1.,0.));
#616=DIRECTION('',(0.,-1.,0.));
#617=DIRECTION('',(0.,-1.,0.));
#618=DIRECTION('',(0.,-1.,0.));
#619=DIRECTION('',(0.,-1.,0.));
#620=DIRECTION('center_axis',(0.,1.,0.));
#621=DIRECTION('ref_axis',(1.,0.,0.));
#622=DIRECTION('',(0.,-1.,0.));
#623=DIRECTION('center_axis',(0.,1.,0.));
#624=DIRECTION('ref_axis',(1.,0.,0.));
#625=DIRECTION('',(0.,-1.,0.));
#626=DIRECTION('center_axis',(0.,1.,0.));
#627=DIRECTION('ref_axis',(1.,0.,0.));
#628=DIRECTION('',(0.,-1.,0.));
#629=DIRECTION('center_axis',(0.,1.,0.));
#630=DIRECTION('ref_axis',(1.,0.,0.));
#631=DIRECTION('',(0.,-1.,0.));
#632=DIRECTION('center_axis',(0.,1.,0.));
#633=DIRECTION('ref_axis',(1.,0.,0.));
#634=DIRECTION('',(0.,-1.,0.));
#635=DIRECTION('center_axis',(0.,-1.,0.));
#636=DIRECTION('ref_axis',(-1.,0.,0.));
#637=DIRECTION('center_axis',(0.,-1.,0.));
#638=DIRECTION('ref_axis',(-1.,0.,0.));
#639=DIRECTION('',(0.,-1.,0.));
#640=DIRECTION('center_axis',(0.,-1.,0.));
#641=DIRECTION('ref_axis',(-1.,0.,0.));
#642=DIRECTION('center_axis',(0.,1.,0.));
#643=DIRECTION('ref_axis',(-1.,0.,0.));
#644=DIRECTION('center_axis',(0.,1.,0.));
#645=DIRECTION('ref_axis',(1.,0.,0.));
#646=DIRECTION('',(0.,1.,0.));
#647=DIRECTION('',(0.,1.,0.));
#648=DIRECTION('',(0.,1.,0.));
#649=DIRECTION('',(0.,-1.,0.));
#650=DIRECTION('center_axis',(0.,1.,0.));
#651=DIRECTION('ref_axis',(1.,0.,0.));
#652=DIRECTION('',(0.,1.,0.));
#653=DIRECTION('center_axis',(0.,1.,0.));
#654=DIRECTION('ref_axis',(1.,0.,0.));
#655=DIRECTION('center_axis',(0.,1.,0.));
#656=DIRECTION('ref_axis',(1.,0.,0.));
#657=DIRECTION('',(-1.72618734034177E-16,0.34202014332567,0.939692620785908));
#658=DIRECTION('center_axis',(-1.,0.,-7.9602041944578E-16));
#659=DIRECTION('ref_axis',(-7.9602041944578E-16,0.,1.));
#660=DIRECTION('',(0.,1.,0.));
#661=DIRECTION('',(1.72618734034177E-16,0.342020143325669,-0.939692620785908));
#662=DIRECTION('center_axis',(-1.,0.,-1.83697019872103E-16));
#663=DIRECTION('ref_axis',(-1.83697019872103E-16,0.,1.));
#664=DIRECTION('',(5.75395780113925E-17,0.34202014332567,-0.939692620785908));
#665=DIRECTION('center_axis',(1.,0.,6.73555739531044E-16));
#666=DIRECTION('ref_axis',(6.73555739531044E-16,0.,-1.));
#667=DIRECTION('',(0.,1.,0.));
#668=DIRECTION('',(-5.75395780113925E-17,0.342020143325669,0.939692620785908));
#669=DIRECTION('center_axis',(1.,0.,6.12323399573677E-17));
#670=DIRECTION('ref_axis',(6.12323399573677E-17,0.,-1.));
#671=DIRECTION('',(0.939692620785908,0.34202014332567,0.));
#672=DIRECTION('center_axis',(-6.12323399573677E-16,0.,1.));
#673=DIRECTION('ref_axis',(1.,0.,6.12323399573677E-16));
#674=DIRECTION('',(0.,1.,0.));
#675=DIRECTION('',(-0.939692620785908,0.342020143325669,0.));
#676=DIRECTION('center_axis',(0.,0.,1.));
#677=DIRECTION('ref_axis',(1.,0.,0.));
#678=DIRECTION('',(-0.939692620785908,0.34202014332567,-1.15079156022785E-16));
#679=DIRECTION('center_axis',(7.34788079488412E-16,0.,-1.));
#680=DIRECTION('ref_axis',(-1.,0.,-7.34788079488412E-16));
#681=DIRECTION('',(0.,1.,0.));
#682=DIRECTION('',(0.939692620785908,0.342020143325669,1.15079156022785E-16));
#683=DIRECTION('center_axis',(1.22464679914735E-16,0.,-1.));
#684=DIRECTION('ref_axis',(-1.,0.,-1.22464679914735E-16));
#685=CARTESIAN_POINT('',(0.,0.,0.));
#686=CARTESIAN_POINT('Origin',(0.,0.,0.));
#687=CARTESIAN_POINT('',(-12.5,28.9358968029056,-3.64270670754756E-14));
#688=CARTESIAN_POINT('',(-12.5,27.6115898921844,-2.85198735199439E-12));
#689=CARTESIAN_POINT('',(-12.5,0.,1.53080849893419E-15));
#690=CARTESIAN_POINT('',(-12.5,3.80265912069752,1.66746045697504E-15));
#691=CARTESIAN_POINT('Ctrl Pts',(-12.5,3.80265912069752,3.46958194675664E-16));
#692=CARTESIAN_POINT('Ctrl Pts',(-12.5,3.82093291317187,0.0570527793307898));
#693=CARTESIAN_POINT('Ctrl Pts',(-12.4996093986762,3.83921304371873,0.114124644491197));
#694=CARTESIAN_POINT('Ctrl Pts',(-12.4871465667771,4.13065246136356,1.02393805567749));
#695=CARTESIAN_POINT('Ctrl Pts',(-12.3882302465788,4.40296207233575,1.87329859064814));
#696=CARTESIAN_POINT('Ctrl Pts',(-12.0190270436818,4.94834511127033,3.53833625638042));
#697=CARTESIAN_POINT('Ctrl Pts',(-11.7498116571336,5.2200825815965,4.34955087681545));
#698=CARTESIAN_POINT('Ctrl Pts',(-11.0508077360494,5.76578663992965,5.90382689526458));
#699=CARTESIAN_POINT('Ctrl Pts',(-10.6229361102908,6.03795083997885,6.64295772342901));
#700=CARTESIAN_POINT('Ctrl Pts',(-9.62585000996853,6.58168877731047,8.01946625116018));
#701=CARTESIAN_POINT('Ctrl Pts',(-9.05992732648664,6.85190226829664,8.65369771148497));
#702=CARTESIAN_POINT('Ctrl Pts',(-7.8062522818632,7.39550383771749,9.79981128991144));
#703=CARTESIAN_POINT('Ctrl Pts',(-7.12132052855961,7.66744843250721,10.3082829290194));
#704=CARTESIAN_POINT('Ctrl Pts',(-5.66118212679197,8.2110943305992,11.1767731192669));
#705=CARTESIAN_POINT('Ctrl Pts',(-4.89005349625755,8.48145376257804,11.5350182116997));
#706=CARTESIAN_POINT('Ctrl Pts',(-3.2851520388818,9.02477642135397,12.0905192208749));
#707=CARTESIAN_POINT('Ctrl Pts',(-2.45543525770697,9.29653120726326,12.2859128395226));
#708=CARTESIAN_POINT('Ctrl Pts',(-0.769824547389078,9.84057453842271,12.505168208007));
#709=CARTESIAN_POINT('Ctrl Pts',(0.0817065021302868,10.1114781798032,12.5285779596463));
#710=CARTESIAN_POINT('Ctrl Pts',(1.77693517555028,10.6552115658318,12.4022353335174));
#711=CARTESIAN_POINT('Ctrl Pts',(2.61615481658648,10.9269103458063,12.2526964676753));
#712=CARTESIAN_POINT('Ctrl Pts',(4.2512898175858,11.4712421451744,11.7855689485448));
#713=CARTESIAN_POINT('Ctrl Pts',(5.04299174883184,11.7424248114436,11.4691511889012));
#714=CARTESIAN_POINT('Ctrl Pts',(6.54997339648091,12.2864673857888,10.6804122187246));
#715=CARTESIAN_POINT('Ctrl Pts',(7.26126399397685,12.5582045665468,10.2101567744395));
#716=CARTESIAN_POINT('Ctrl Pts',(8.57709075841748,13.1025619417799,9.13271061340935));
#717=CARTESIAN_POINT('Ctrl Pts',(9.17826715332027,13.3737126315588,8.52832812265407));
#718=CARTESIAN_POINT('Ctrl Pts',(10.2489328399859,13.9178519842583,7.20647091282561));
#719=CARTESIAN_POINT('Ctrl Pts',(10.7155198433953,14.1896816269424,6.49241170551259));
#720=CARTESIAN_POINT('Ctrl Pts',(11.4957187564832,14.7337803622161,4.9819458765293));
#721=CARTESIAN_POINT('Ctrl Pts',(11.8075740074155,15.0046163127217,4.18957850013825));
#722=CARTESIAN_POINT('Ctrl Pts',(12.2663209871864,15.5487496856343,2.55190382617379));
#723=CARTESIAN_POINT('Ctrl Pts',(12.4116114301435,15.8207651167906,1.71076855600543));
#724=CARTESIAN_POINT('Ctrl Pts',(12.528952310581,16.3656076505461,0.0121012287655303));
#725=CARTESIAN_POINT('Ctrl Pts',(12.5006999399619,16.6370599904397,-0.840986917035083));
#726=CARTESIAN_POINT('Ctrl Pts',(12.3285950344904,17.0458146237135,-2.10642215735296));
#727=CARTESIAN_POINT('Ctrl Pts',(12.2497020297725,17.1820530246637,-2.52508753284129));
#728=CARTESIAN_POINT('Ctrl Pts',(11.9495093159244,17.5907595665201,-3.76610044943769));
#729=CARTESIAN_POINT('Ctrl Pts',(11.6654560121545,17.8622462204946,-4.57072195014242));
#730=CARTESIAN_POINT('Ctrl Pts',(10.9380995868403,18.4068983140927,-6.11006802080529));
#731=CARTESIAN_POINT('Ctrl Pts',(10.4966472463789,18.6788768578237,-6.84070963345785));
#732=CARTESIAN_POINT('Ctrl Pts',(9.47184301508739,19.2239341990147,-8.20121168274601));
#733=CARTESIAN_POINT('Ctrl Pts',(8.89109345439283,19.4955933050159,-8.82746361036201));
#734=CARTESIAN_POINT('Ctrl Pts',(7.61080394477798,20.0411082440308,-9.95250930389539));
#735=CARTESIAN_POINT('Ctrl Pts',(6.91450199779161,20.3133316801944,-10.4482779436748));
#736=CARTESIAN_POINT('Ctrl Pts',(5.42920847614585,20.8597752063895,-11.2918421304697));
#737=CARTESIAN_POINT('Ctrl Pts',(4.64393364379164,21.132670539153,-11.6368178228845));
#738=CARTESIAN_POINT('Ctrl Pts',(3.02239978839949,21.679129084759,-12.1587150491941));
#739=CARTESIAN_POINT('Ctrl Pts',(2.1906504024442,21.9506008311245,-12.3357459846156));
#740=CARTESIAN_POINT('Ctrl Pts',(-0.118939842385253,22.6941043568776,-12.5861439768872));
#741=CARTESIAN_POINT('Ctrl Pts',(-1.60177637199038,23.160161234102,-12.4843616771558));
#742=CARTESIAN_POINT('Ctrl Pts',(-3.85332450554929,23.9030182819972,-11.921316141822));
#743=CARTESIAN_POINT('Ctrl Pts',(-4.65115505252882,24.1739945702538,-11.6332512225994));
#744=CARTESIAN_POINT('Ctrl Pts',(-6.84301185607093,24.9531825043221,-10.580061477045));
#745=CARTESIAN_POINT('Ctrl Pts',(-8.12872353445948,25.4542668653839,-9.62751291730972));
#746=CARTESIAN_POINT('Ctrl Pts',(-9.7752309012346,26.2324804513741,-7.83658264758214));
#747=CARTESIAN_POINT('Ctrl Pts',(-10.2835038634958,26.5035273874284,-7.15657051104985));
#748=CARTESIAN_POINT('Ctrl Pts',(-11.592069507526,27.3184519999011,-4.97529498460101));
#749=CARTESIAN_POINT('Ctrl Pts',(-12.1596564307446,27.8539372665109,-3.35746444942242));
#750=CARTESIAN_POINT('Ctrl Pts',(-12.4442334418231,28.5337174255881,-1.25390926716911));
#751=CARTESIAN_POINT('Ctrl Pts',(-12.4797157562339,28.6700750910348,-0.82940522960381));
#752=CARTESIAN_POINT('Ctrl Pts',(-12.4978270352521,28.8496508884892,-0.269227109369615));
#753=CARTESIAN_POINT('Ctrl Pts',(-12.5,28.8927921841507,-0.13456694400754));
#754=CARTESIAN_POINT('Ctrl Pts',(-12.5,28.9358968029056,-8.45851166886291E-14));
#755=CARTESIAN_POINT('',(-12.5,2.4807219124604,-1.53080849893419E-15));
#756=CARTESIAN_POINT('',(-12.5,0.,1.53080849893419E-15));
#757=CARTESIAN_POINT('Ctrl Pts',(-12.5,27.6115898921844,-5.69724822874207E-12));
#758=CARTESIAN_POINT('Ctrl Pts',(-12.5,27.3807742308612,-0.720344185914667));
#759=CARTESIAN_POINT('Ctrl Pts',(-12.4377226881512,27.1502143325101,-1.44127682348303));
#760=CARTESIAN_POINT('Ctrl Pts',(-12.2395011264146,26.7828748156182,-2.57412285612901));
#761=CARTESIAN_POINT('Ctrl Pts',(-12.1446655900408,26.6469712225658,-2.98975037512938));
#762=CARTESIAN_POINT('Ctrl Pts',(-11.5636984528649,25.9649618653984,-5.04530590752561));
#763=CARTESIAN_POINT('Ctrl Pts',(-10.7658812697687,25.4227481484847,-6.57791796112253));
#764=CARTESIAN_POINT('Ctrl Pts',(-9.14671113303552,24.6034525848373,-8.56227435607431));
#765=CARTESIAN_POINT('Ctrl Pts',(-8.54247615766394,24.3315500810785,-9.16520070613228));
#766=CARTESIAN_POINT('Ctrl Pts',(-7.22236171581166,23.7872086769001,-10.2376313129607));
#767=CARTESIAN_POINT('Ctrl Pts',(-6.51014619243705,23.516286097771,-10.7046539144725));
#768=CARTESIAN_POINT('Ctrl Pts',(-4.99985546940383,22.9718360796182,-11.4881347288425));
#769=CARTESIAN_POINT('Ctrl Pts',(-4.20548445994611,22.6996834881397,-11.8021066215107));
#770=CARTESIAN_POINT('Ctrl Pts',(-2.97544682795994,22.2908605014394,-12.1481709360051));
#771=CARTESIAN_POINT('Ctrl Pts',(-2.55989080585825,22.1547467509079,-12.2424795938765));
#772=CARTESIAN_POINT('Ctrl Pts',(-1.30185107411909,21.7462926844468,-12.4611181963342));
#773=CARTESIAN_POINT('Ctrl Pts',(-0.450700995190597,21.4744602503679,-12.5208254739595));
#774=CARTESIAN_POINT('Ctrl Pts',(1.24940801010835,20.9300314236898,-12.4664126316797));
#775=CARTESIAN_POINT('Ctrl Pts',(2.09398155419498,20.6589481523119,-12.352641689383));
#776=CARTESIAN_POINT('Ctrl Pts',(3.74798939015611,20.114712653545,-11.9552042996923));
#777=CARTESIAN_POINT('Ctrl Pts',(4.55303514865507,19.842775196702,-11.6723679125065));
#778=CARTESIAN_POINT('Ctrl Pts',(6.090581135643,19.298974837304,-10.9487160617925));
#779=CARTESIAN_POINT('Ctrl Pts',(6.81933092308574,19.0285006686742,-10.5102943272876));
#780=CARTESIAN_POINT('Ctrl Pts',(8.17920142810035,18.4846332176332,-9.49080655776257));
#781=CARTESIAN_POINT('Ctrl Pts',(8.80641418563407,18.2125936715152,-8.9118925799577));
#782=CARTESIAN_POINT('Ctrl Pts',(9.93168147164632,17.6686209290167,-7.63754178784859));
#783=CARTESIAN_POINT('Ctrl Pts',(10.4271938136241,17.3980449632565,-6.9457853418197));
#784=CARTESIAN_POINT('Ctrl Pts',(11.2716436597383,16.8539727446754,-5.47035169770396));
#785=CARTESIAN_POINT('Ctrl Pts',(11.6179387579463,16.5819284979381,-4.69022828780662));
#786=CARTESIAN_POINT('Ctrl Pts',(12.1452006298852,16.0385526586769,-3.07593073120714));
#787=CARTESIAN_POINT('Ctrl Pts',(12.3256476027105,15.7685674677385,-2.24624714873458));
#788=CARTESIAN_POINT('Ctrl Pts',(12.4686791468808,15.3612692592457,-0.981538834450589));
#789=CARTESIAN_POINT('Ctrl Pts',(12.4948790630697,15.2249520264423,-0.556195111662196));
#790=CARTESIAN_POINT('Ctrl Pts',(12.5171616562118,14.5407333558535,1.58033920626576));
#791=CARTESIAN_POINT('Ctrl Pts',(12.1836168133906,13.9998307823829,3.27662269574556));
#792=CARTESIAN_POINT('Ctrl Pts',(11.1883105041583,13.1788728082283,5.6390506327611));
#793=CARTESIAN_POINT('Ctrl Pts',(10.7776548519832,12.9066084567436,6.38901592374893));
#794=CARTESIAN_POINT('Ctrl Pts',(9.80993411288879,12.36107765863,7.79376168228662));
#795=CARTESIAN_POINT('Ctrl Pts',(9.25545328390874,12.0890943389314,8.44475776921668));
#796=CARTESIAN_POINT('Ctrl Pts',(8.02306338721136,11.5430085226561,9.6232488146679));
#797=CARTESIAN_POINT('Ctrl Pts',(7.34838097597434,11.2707490760928,10.1478043838658));
#798=CARTESIAN_POINT('Ctrl Pts',(5.90423797568803,10.7260237798194,11.0504996560202));
#799=CARTESIAN_POINT('Ctrl Pts',(5.13882166184835,10.4549365857264,11.4265462579423));
#800=CARTESIAN_POINT('Ctrl Pts',(3.54330014994212,9.91021994020206,12.0174457430447));
#801=CARTESIAN_POINT('Ctrl Pts',(2.71727294376049,9.63824018079498,12.2307192659816));
#802=CARTESIAN_POINT('Ctrl Pts',(1.03791506909509,9.09473406895403,12.4856431993811));
#803=CARTESIAN_POINT('Ctrl Pts',(0.189059761678499,8.82455231502804,12.5272840974329));
#804=CARTESIAN_POINT('Ctrl Pts',(-1.50537382788763,8.28179926201377,12.4380382358585));
#805=CARTESIAN_POINT('Ctrl Pts',(-2.34648870922676,8.01032860913414,12.3071036085604));
#806=CARTESIAN_POINT('Ctrl Pts',(-4.82328571826978,7.19054416192272,11.6582467189573));
#807=CARTESIAN_POINT('Ctrl Pts',(-6.37217640425176,6.64974573132976,10.8891611363953));
#808=CARTESIAN_POINT('Ctrl Pts',(-9.04360878086715,5.56169234954901,8.79215647625584));
#809=CARTESIAN_POINT('Ctrl Pts',(-10.1450548318823,5.02912973504931,7.49446635843826));
#810=CARTESIAN_POINT('Ctrl Pts',(-11.1612962453154,4.3533808271995,5.64419552181847));
#811=CARTESIAN_POINT('Ctrl Pts',(-11.3471455634222,4.2169496464579,5.26058301843018));
#812=CARTESIAN_POINT('Ctrl Pts',(-12.1643412338755,3.54463151695612,3.32797759194021));
#813=CARTESIAN_POINT('Ctrl Pts',(-12.5,3.01591482556088,1.67247785343899));
#814=CARTESIAN_POINT('Ctrl Pts',(-12.5,2.4807219124604,-1.38777878078145E-15));
#815=CARTESIAN_POINT('Origin',(0.,0.,0.));
#816=CARTESIAN_POINT('',(-12.5,22.6536846125281,-1.1386512304308E-13));
#817=CARTESIAN_POINT('',(-12.5,21.33009972296,-5.18291122755742E-16));
#818=CARTESIAN_POINT('',(-12.5,0.,1.53080849893419E-15));
#819=CARTESIAN_POINT('',(-12.5,-2.48072191246055,-1.53080849893419E-15));
#820=CARTESIAN_POINT('Ctrl Pts',(-12.5,-2.48072191246055,-1.66533453693773E-15));
#821=CARTESIAN_POINT('Ctrl Pts',(-12.5,-2.09562834445692,1.20341740001133));
#822=CARTESIAN_POINT('Ctrl Pts',(-12.3262092738795,-1.71151588479697,2.40062518988043));
#823=CARTESIAN_POINT('Ctrl Pts',(-11.6418880649104,-0.941813727036556,4.7078423079005));
#824=CARTESIAN_POINT('Ctrl Pts',(-11.1350956531651,-0.559699918702719,5.80573805401735));
#825=CARTESIAN_POINT('Ctrl Pts',(-10.043257865298,0.0818906454012179,7.48484793245062));
#826=CARTESIAN_POINT('Ctrl Pts',(-9.54375329636713,0.337664976536099,8.11214531939022));
#827=CARTESIAN_POINT('Ctrl Pts',(-8.39876058519509,0.86476915437635,9.29671551117926));
#828=CARTESIAN_POINT('Ctrl Pts',(-7.74937271514386,1.1348006125137,9.84456082490925));
#829=CARTESIAN_POINT('Ctrl Pts',(-6.34846302268985,1.67730743570409,10.8012869393636));
#830=CARTESIAN_POINT('Ctrl Pts',(-5.60045720704456,1.94870500338083,11.2073847029337));
#831=CARTESIAN_POINT('Ctrl Pts',(-3.23793134445196,2.76856286680713,12.1940433355556));
#832=CARTESIAN_POINT('Ctrl Pts',(-1.53998679465436,3.30935354877497,12.5222677949513));
#833=CARTESIAN_POINT('Ctrl Pts',(1.02393805566647,4.13065246136003,12.487146566778));
#834=CARTESIAN_POINT('Ctrl Pts',(1.87329859063719,4.40296207233221,12.3882302465805));
#835=CARTESIAN_POINT('Ctrl Pts',(3.53833625636971,4.94834511126677,12.019027043685));
#836=CARTESIAN_POINT('Ctrl Pts',(4.34955087680492,5.22008258159292,11.7498116571375));
#837=CARTESIAN_POINT('Ctrl Pts',(5.90382689525466,5.76578663992606,11.0508077360547));
#838=CARTESIAN_POINT('Ctrl Pts',(6.64295772341946,6.03795083997525,10.6229361102968));
#839=CARTESIAN_POINT('Ctrl Pts',(8.01946625115129,6.58168877730679,9.62585000997591));
#840=CARTESIAN_POINT('Ctrl Pts',(8.65369771147649,6.8519022682929,9.05992732649474));
#841=CARTESIAN_POINT('Ctrl Pts',(9.79981128990404,7.39550383771369,7.80625228187249));
#842=CARTESIAN_POINT('Ctrl Pts',(10.3082829290127,7.66744843250341,7.1213205285694));
#843=CARTESIAN_POINT('Ctrl Pts',(11.1767731192615,8.21109433059542,5.66118212680255));
#844=CARTESIAN_POINT('Ctrl Pts',(11.5350182116951,8.48145376257429,4.89005349626838));
#845=CARTESIAN_POINT('Ctrl Pts',(12.0905192208719,9.02477642135024,3.28515203889308));
#846=CARTESIAN_POINT('Ctrl Pts',(12.2859128395203,9.29653120725952,2.45543525771843));
#847=CARTESIAN_POINT('Ctrl Pts',(12.5051682080063,9.84057453841903,0.769824547400595));
#848=CARTESIAN_POINT('Ctrl Pts',(12.5285779596464,10.1114781797995,-0.0817065021187739));
#849=CARTESIAN_POINT('Ctrl Pts',(12.402235333519,10.6552115658282,-1.77693517553889));
#850=CARTESIAN_POINT('Ctrl Pts',(12.2526964676777,10.9269103458026,-2.61615481657521));
#851=CARTESIAN_POINT('Ctrl Pts',(11.7855689485487,11.4712421451708,-4.25128981757515));
#852=CARTESIAN_POINT('Ctrl Pts',(11.4691511889057,11.74242481144,-5.0429917488215));
#853=CARTESIAN_POINT('Ctrl Pts',(10.6804122187305,12.2864673857852,-6.5499733964713));
#854=CARTESIAN_POINT('Ctrl Pts',(10.210156774446,12.5582045665432,-7.26126399396767));
#855=CARTESIAN_POINT('Ctrl Pts',(9.13271061341701,13.1025619417764,-8.57709075840932));
#856=CARTESIAN_POINT('Ctrl Pts',(8.52832812266223,13.3737126315552,-9.17826715331269));
#857=CARTESIAN_POINT('Ctrl Pts',(7.20647091283469,13.9178519842548,-10.2489328399795));
#858=CARTESIAN_POINT('Ctrl Pts',(6.49241170552208,14.1896816269388,-10.7155198433896));
#859=CARTESIAN_POINT('Ctrl Pts',(4.98194587653949,14.7337803622126,-11.4957187564788));
#860=CARTESIAN_POINT('Ctrl Pts',(4.18957850014865,15.0046163127182,-11.8075740074118));
#861=CARTESIAN_POINT('Ctrl Pts',(2.55190382618453,15.5487496856308,-12.2663209871842));
#862=CARTESIAN_POINT('Ctrl Pts',(1.71076855601629,15.8207651167871,-12.411611430142));
#863=CARTESIAN_POINT('Ctrl Pts',(0.0121012287766457,16.3656076505426,-12.528952310581));
#864=CARTESIAN_POINT('Ctrl Pts',(-0.840986917023892,16.6370599904362,-12.5006999399626));
#865=CARTESIAN_POINT('Ctrl Pts',(-2.10642215734197,17.0458146237099,-12.3285950344923));
#866=CARTESIAN_POINT('Ctrl Pts',(-2.5250875328304,17.1820530246602,-12.2497020297747));
#867=CARTESIAN_POINT('Ctrl Pts',(-3.76610044942699,17.5907595665165,-11.9495093159277));
#868=CARTESIAN_POINT('Ctrl Pts',(-4.57072195013208,17.8622462204911,-11.6654560121586));
#869=CARTESIAN_POINT('Ctrl Pts',(-6.11006802079568,18.4068983140892,-10.9380995868457));
#870=CARTESIAN_POINT('Ctrl Pts',(-6.84070963344862,18.6788768578202,-10.4966472463849));
#871=CARTESIAN_POINT('Ctrl Pts',(-8.20121168273757,19.2239341990112,-9.47184301509469));
#872=CARTESIAN_POINT('Ctrl Pts',(-8.82746361035406,19.4955933050123,-8.89109345440072));
#873=CARTESIAN_POINT('Ctrl Pts',(-9.95250930388856,20.0411082440272,-7.61080394478691));
#874=CARTESIAN_POINT('Ctrl Pts',(-10.4482779436686,20.3133316801908,-6.91450199780099));
#875=CARTESIAN_POINT('Ctrl Pts',(-11.2918421304648,20.8597752063859,-5.42920847615602));
#876=CARTESIAN_POINT('Ctrl Pts',(-11.6368178228803,21.1326705391494,-4.64393364380212));
#877=CARTESIAN_POINT('Ctrl Pts',(-12.1587150491914,21.6791290847554,-3.02239978841044));
#878=CARTESIAN_POINT('Ctrl Pts',(-12.3357459846136,21.9506008311209,-2.19065040245539));
#879=CARTESIAN_POINT('Ctrl Pts',(-12.4757717540351,22.3663775404939,-0.899097909785591));
#880=CARTESIAN_POINT('Ctrl Pts',(-12.5,22.5101482666705,-0.449345600470286));
#881=CARTESIAN_POINT('Ctrl Pts',(-12.5,22.6536846125281,-2.52159404467989E-13));
#882=CARTESIAN_POINT('',(-12.5,-6.28318530717959,1.53080849893419E-15));
#883=CARTESIAN_POINT('',(-12.5,0.,1.53080849893419E-15));
#884=CARTESIAN_POINT('Origin',(0.,-6.28318530717959,0.));
#885=CARTESIAN_POINT('',(-12.5,0.,-1.53080849893419E-15));
#886=CARTESIAN_POINT('',(7.65404249467096E-16,-2.48072191246055,-12.5));
#887=CARTESIAN_POINT('Ctrl Pts',(5.55111512312578E-16,-2.48072191246055,
-12.5));
#888=CARTESIAN_POINT('Ctrl Pts',(-1.20341740001268,-2.09562834445649,-12.5));
#889=CARTESIAN_POINT('Ctrl Pts',(-2.40062518988322,-1.71151588479607,-12.3262092738791));
#890=CARTESIAN_POINT('Ctrl Pts',(-4.70784230790587,-0.941813727034728,-11.6418880649084));
#891=CARTESIAN_POINT('Ctrl Pts',(-5.8057380540238,-0.559699918700426,-11.1350956531619));
#892=CARTESIAN_POINT('Ctrl Pts',(-7.48484793245817,0.0818906454042156,-10.0432578652925));
#893=CARTESIAN_POINT('Ctrl Pts',(-8.11214531939817,0.337664976539417,-9.54375329636046));
#894=CARTESIAN_POINT('Ctrl Pts',(-9.29671551118689,0.864769154379983,-8.39876058518665));
#895=CARTESIAN_POINT('Ctrl Pts',(-9.8445608249162,1.13480061251729,-7.74937271513501));
#896=CARTESIAN_POINT('Ctrl Pts',(-10.8012869393692,1.67730743570764,-6.34846302268027));
#897=CARTESIAN_POINT('Ctrl Pts',(-11.2073847029387,1.94870500338438,-5.60045720703464));
#898=CARTESIAN_POINT('Ctrl Pts',(-12.1720409678668,2.75028013601639,-3.29061538428169));
#899=CARTESIAN_POINT('Ctrl Pts',(-12.5,3.27317235763642,-1.65311560224328));
#900=CARTESIAN_POINT('Ctrl Pts',(-12.5,3.80265912069752,1.35308431126191E-15));
#901=CARTESIAN_POINT('',(7.65404249467096E-16,2.4807219124604,-12.5));
#902=CARTESIAN_POINT('',(7.65404249467096E-16,0.,-12.5));
#903=CARTESIAN_POINT('',(-12.5,8.76374889718683,-1.01957488521308E-16));
#904=CARTESIAN_POINT('Ctrl Pts',(-12.5,8.76374889718683,-6.73072708679001E-15));
#905=CARTESIAN_POINT('Ctrl Pts',(-12.5,8.69367436681405,-0.219159556328669));
#906=CARTESIAN_POINT('Ctrl Pts',(-12.4942362798124,8.62357040289737,-0.43839042200657));
#907=CARTESIAN_POINT('Ctrl Pts',(-12.4380382358585,8.28179926201381,-1.50537382788752));
#908=CARTESIAN_POINT('Ctrl Pts',(-12.3071036085605,8.01032860913418,-2.34648870922663));
#909=CARTESIAN_POINT('Ctrl Pts',(-11.6582467189573,7.19054416192275,-4.82328571826969));
#910=CARTESIAN_POINT('Ctrl Pts',(-10.8891611363954,6.64974573132979,-6.37217640425169));
#911=CARTESIAN_POINT('Ctrl Pts',(-8.79215647625588,5.56169234954902,-9.04360878086712));
#912=CARTESIAN_POINT('Ctrl Pts',(-7.49446635843829,5.02912973504933,-10.1450548318823));
#913=CARTESIAN_POINT('Ctrl Pts',(-5.64419552181855,4.35338082719953,-11.1612962453154));
#914=CARTESIAN_POINT('Ctrl Pts',(-5.26058301843032,4.21694964645794,-11.3471455634222));
#915=CARTESIAN_POINT('Ctrl Pts',(-3.32797759194023,3.54463151695612,-12.1643412338755));
#916=CARTESIAN_POINT('Ctrl Pts',(-1.672477853439,3.01591482556088,-12.5));
#917=CARTESIAN_POINT('Ctrl Pts',(8.32667268468867E-16,2.4807219124604,-12.5));
#918=CARTESIAN_POINT('',(-12.5,10.0858728861453,2.39604431688529E-15));
#919=CARTESIAN_POINT('',(-12.5,0.,1.53080849893419E-15));
#920=CARTESIAN_POINT('',(12.5,-2.48072191246055,0.));
#921=CARTESIAN_POINT('Ctrl Pts',(12.5,-2.48072191246055,-2.77555756156289E-16));
#922=CARTESIAN_POINT('Ctrl Pts',(12.5,-2.09562834445646,-1.20341740001277));
#923=CARTESIAN_POINT('Ctrl Pts',(12.3262092738791,-1.71151588479603,-2.40062518988337));
#924=CARTESIAN_POINT('Ctrl Pts',(11.6418880649083,-0.941813727034647,-4.7078423079061));
#925=CARTESIAN_POINT('Ctrl Pts',(11.1350956531618,-0.559699918700334,-5.80573805402406));
#926=CARTESIAN_POINT('Ctrl Pts',(10.0432578652922,0.0818906454043548,-7.48484793245852));
#927=CARTESIAN_POINT('Ctrl Pts',(9.54375329636015,0.337664976539576,-8.11214531939855));
#928=CARTESIAN_POINT('Ctrl Pts',(8.39876058518624,0.864769154380161,-9.29671551118727));
#929=CARTESIAN_POINT('Ctrl Pts',(7.74937271513459,1.13480061251746,-9.84456082491654));
#930=CARTESIAN_POINT('Ctrl Pts',(6.3484630226798,1.67730743570782,-10.8012869393695));
#931=CARTESIAN_POINT('Ctrl Pts',(5.60045720703413,1.94870500338456,-11.2073847029389));
#932=CARTESIAN_POINT('Ctrl Pts',(3.23793134444068,2.76856286681082,-12.1940433355586));
#933=CARTESIAN_POINT('Ctrl Pts',(1.53998679464282,3.30935354877866,-12.5222677949527));
#934=CARTESIAN_POINT('Ctrl Pts',(-1.02393805567793,4.1306524613637,-12.4871465667771));
#935=CARTESIAN_POINT('Ctrl Pts',(-1.8732985906486,4.4029620723359,-12.3882302465788));
#936=CARTESIAN_POINT('Ctrl Pts',(-3.53833625638093,4.94834511127049,-12.0190270436817));
#937=CARTESIAN_POINT('Ctrl Pts',(-4.349550876816,5.22008258159668,-11.7498116571334));
#938=CARTESIAN_POINT('Ctrl Pts',(-5.90382689526506,5.76578663992982,-11.0508077360491));
#939=CARTESIAN_POINT('Ctrl Pts',(-6.64295772342943,6.03795083997901,-10.6229361102906));
#940=CARTESIAN_POINT('Ctrl Pts',(-8.01946625116045,6.58168877731059,-9.62585000996828));
#941=CARTESIAN_POINT('Ctrl Pts',(-8.65369771148529,6.85190226829677,-9.05992732648635));
#942=CARTESIAN_POINT('Ctrl Pts',(-9.79981128991178,7.39550383771766,-7.80625228186278));
#943=CARTESIAN_POINT('Ctrl Pts',(-10.3082829290197,7.66744843250739,-7.12132052855916));
#944=CARTESIAN_POINT('Ctrl Pts',(-11.1767731192671,8.21109433059937,-5.6611821267915));
#945=CARTESIAN_POINT('Ctrl Pts',(-11.5350182116999,8.48145376257821,-4.89005349625705));
#946=CARTESIAN_POINT('Ctrl Pts',(-12.0905192208751,9.02477642135413,-3.28515203888132));
#947=CARTESIAN_POINT('Ctrl Pts',(-12.2859128395227,9.29653120726341,-2.4554352577065));
#948=CARTESIAN_POINT('Ctrl Pts',(-12.4651601220019,9.74130156493074,-1.07740223059779));
#949=CARTESIAN_POINT('Ctrl Pts',(-12.5,9.9135634726633,-0.538828736028141));
#950=CARTESIAN_POINT('Ctrl Pts',(-12.5,10.0858728861453,1.38777878078145E-15));
#951=CARTESIAN_POINT('',(12.5,2.4807219124604,0.));
#952=CARTESIAN_POINT('',(12.5,0.,0.));
#953=CARTESIAN_POINT('',(-12.5,15.0468344400356,1.45929363985782E-15));
#954=CARTESIAN_POINT('Ctrl Pts',(-12.5,15.0468344400356,-7.63278329429795E-15));
#955=CARTESIAN_POINT('Ctrl Pts',(-12.5,14.5132088862823,-1.66644457612679));
#956=CARTESIAN_POINT('Ctrl Pts',(-12.1667411737458,13.9859112575022,-3.31667818638393));
#957=CARTESIAN_POINT('Ctrl Pts',(-11.1883105041584,13.1788728082284,-5.63905063276099));
#958=CARTESIAN_POINT('Ctrl Pts',(-10.7776548519833,12.9066084567436,-6.38901592374885));
#959=CARTESIAN_POINT('Ctrl Pts',(-9.80993411288883,12.36107765863,-7.79376168228658));
#960=CARTESIAN_POINT('Ctrl Pts',(-9.25545328390876,12.0890943389314,-8.44475776921665));
#961=CARTESIAN_POINT('Ctrl Pts',(-8.02306338721142,11.5430085226561,-9.62324881466785));
#962=CARTESIAN_POINT('Ctrl Pts',(-7.34838097597441,11.2707490760929,-10.1478043838658));
#963=CARTESIAN_POINT('Ctrl Pts',(-5.90423797568813,10.7260237798195,-11.0504996560202));
#964=CARTESIAN_POINT('Ctrl Pts',(-5.1388216618485,10.4549365857265,-11.4265462579422));
#965=CARTESIAN_POINT('Ctrl Pts',(-3.54330014994221,9.91021994020209,-12.0174457430446));
#966=CARTESIAN_POINT('Ctrl Pts',(-2.7172729437606,9.63824018079501,-12.2307192659815));
#967=CARTESIAN_POINT('Ctrl Pts',(-1.03791506909529,9.0947340689541,-12.4856431993811));
#968=CARTESIAN_POINT('Ctrl Pts',(-0.189059761678672,8.82455231502809,-12.5272840974329));
#969=CARTESIAN_POINT('Ctrl Pts',(1.50537382788746,8.28179926201383,-12.4380382358585));
#970=CARTESIAN_POINT('Ctrl Pts',(2.34648870922656,8.01032860913421,-12.3071036085605));
#971=CARTESIAN_POINT('Ctrl Pts',(4.82328571826968,7.19054416192275,-11.6582467189574));
#972=CARTESIAN_POINT('Ctrl Pts',(6.37217640425169,6.64974573132979,-10.8891611363954));
#973=CARTESIAN_POINT('Ctrl Pts',(9.04360878086706,5.56169234954905,-8.79215647625594));
#974=CARTESIAN_POINT('Ctrl Pts',(10.1450548318823,5.02912973504934,-7.49446635843833));
#975=CARTESIAN_POINT('Ctrl Pts',(11.1612962453154,4.35338082719949,-5.64419552181846));
#976=CARTESIAN_POINT('Ctrl Pts',(11.3471455634223,4.21694964645788,-5.26058301843013));
#977=CARTESIAN_POINT('Ctrl Pts',(12.1643412338755,3.54463151695612,-3.32797759194023));
#978=CARTESIAN_POINT('Ctrl Pts',(12.5,3.01591482556088,-1.67247785343901));
#979=CARTESIAN_POINT('Ctrl Pts',(12.5,2.4807219124604,-2.77555756156289E-16));
#980=CARTESIAN_POINT('',(-12.5,16.3689953542522,2.77768348160019E-15));
#981=CARTESIAN_POINT('',(-12.5,0.,1.53080849893419E-15));
#982=CARTESIAN_POINT('',(-2.29621274840129E-15,-2.48072191246055,12.5));
#983=CARTESIAN_POINT('Ctrl Pts',(-8.32667268468867E-16,-2.48072191246055,
12.5));
#984=CARTESIAN_POINT('Ctrl Pts',(1.20341740001324,-2.09562834445631,12.5));
#985=CARTESIAN_POINT('Ctrl Pts',(2.40062518988429,-1.71151588479573,12.326209273879));
#986=CARTESIAN_POINT('Ctrl Pts',(4.70784230790784,-0.941813727034054,11.6418880649077));
#987=CARTESIAN_POINT('Ctrl Pts',(5.80573805402615,-0.559699918699591,11.1350956531608));
#988=CARTESIAN_POINT('Ctrl Pts',(7.484847932461,0.0818906454053405,10.0432578652904));
#989=CARTESIAN_POINT('Ctrl Pts',(8.11214531940117,0.337664976540666,9.54375329635795));
#990=CARTESIAN_POINT('Ctrl Pts',(9.29671551118978,0.864769154381356,8.39876058518346));
#991=CARTESIAN_POINT('Ctrl Pts',(9.84456082491884,1.13480061251865,7.74937271513166));
#992=CARTESIAN_POINT('Ctrl Pts',(10.8012869393714,1.677307435709,6.34846302267661));
#993=CARTESIAN_POINT('Ctrl Pts',(11.2073847029406,1.94870500338575,5.60045720703081));
#994=CARTESIAN_POINT('Ctrl Pts',(12.1940433355596,2.76856286681201,3.23793134443707));
#995=CARTESIAN_POINT('Ctrl Pts',(12.5222677949532,3.30935354877985,1.53998679463909));
#996=CARTESIAN_POINT('Ctrl Pts',(12.4871465667768,4.13065246136491,-1.02393805568171));
#997=CARTESIAN_POINT('Ctrl Pts',(12.3882302465782,4.40296207233709,-1.8732985906523));
#998=CARTESIAN_POINT('Ctrl Pts',(12.0190270436807,4.94834511127166,-3.53833625638444));
#999=CARTESIAN_POINT('Ctrl Pts',(11.7498116571321,5.22008258159784,-4.3495508768194));
#1000=CARTESIAN_POINT('Ctrl Pts',(11.0508077360474,5.76578663993102,-5.90382689526836));
#1001=CARTESIAN_POINT('Ctrl Pts',(10.6229361102886,6.03795083998022,-6.64295772343264));
#1002=CARTESIAN_POINT('Ctrl Pts',(9.62585000996576,6.58168877731185,-8.01946625116351));
#1003=CARTESIAN_POINT('Ctrl Pts',(9.05992732648359,6.85190226829805,-8.65369771148818));
#1004=CARTESIAN_POINT('Ctrl Pts',(7.80625228185968,7.39550383771893,-9.79981128991424));
#1005=CARTESIAN_POINT('Ctrl Pts',(7.12132052855587,7.66744843250866,-10.308282929022));
#1006=CARTESIAN_POINT('Ctrl Pts',(5.66118212678785,8.21109433060068,-11.176773119269));
#1007=CARTESIAN_POINT('Ctrl Pts',(4.89005349625334,8.4814537625795,-11.5350182117015));
#1008=CARTESIAN_POINT('Ctrl Pts',(3.28515203887746,9.02477642135541,-12.0905192208761));
#1009=CARTESIAN_POINT('Ctrl Pts',(2.45543525770257,9.29653120726469,-12.2859128395234));
#1010=CARTESIAN_POINT('Ctrl Pts',(0.769824547384461,9.84057453842419,-12.5051682080073));
#1011=CARTESIAN_POINT('Ctrl Pts',(-0.0817065021348565,10.1114781798046,
-12.5285779596463));
#1012=CARTESIAN_POINT('Ctrl Pts',(-1.77693517555466,10.6552115658333,-12.4022353335167));
#1013=CARTESIAN_POINT('Ctrl Pts',(-2.61615481659073,10.9269103458077,-12.2526964676744));
#1014=CARTESIAN_POINT('Ctrl Pts',(-4.25128981759008,11.4712421451759,-11.7855689485433));
#1015=CARTESIAN_POINT('Ctrl Pts',(-5.04299174883596,11.7424248114451,-11.4691511888994));
#1016=CARTESIAN_POINT('Ctrl Pts',(-6.54997339648472,12.2864673857902,-10.6804122187222));
#1017=CARTESIAN_POINT('Ctrl Pts',(-7.26126399398051,12.5582045665482,-10.2101567744369));
#1018=CARTESIAN_POINT('Ctrl Pts',(-8.57709075842071,13.1025619417813,-9.13271061340631));
#1019=CARTESIAN_POINT('Ctrl Pts',(-9.17826715332328,13.3737126315602,-8.52832812265083));
#1020=CARTESIAN_POINT('Ctrl Pts',(-10.2489328399885,13.9178519842597,-7.20647091282201));
#1021=CARTESIAN_POINT('Ctrl Pts',(-10.7155198433976,14.1896816269438,-6.4924117055088));
#1022=CARTESIAN_POINT('Ctrl Pts',(-11.4957187564849,14.7337803622175,-4.98194587652531));
#1023=CARTESIAN_POINT('Ctrl Pts',(-11.807574007417,15.0046163127231,-4.18957850013416));
#1024=CARTESIAN_POINT('Ctrl Pts',(-12.2663209871873,15.5487496856357,-2.55190382616957));
#1025=CARTESIAN_POINT('Ctrl Pts',(-12.4116114301441,15.820765116792,-1.71076855600118));
#1026=CARTESIAN_POINT('Ctrl Pts',(-12.4900999812799,16.1852067411634,-0.574541037677765));
#1027=CARTESIAN_POINT('Ctrl Pts',(-12.5,16.2771194671196,-0.287229737921839));
#1028=CARTESIAN_POINT('Ctrl Pts',(-12.5,16.3689953542522,1.31838984174237E-15));
#1029=CARTESIAN_POINT('',(-2.29621274840129E-15,2.4807219124604,12.5));
#1030=CARTESIAN_POINT('',(-2.29621274840129E-15,0.,12.5));
#1031=CARTESIAN_POINT('Ctrl Pts',(-12.5,21.33009972296,-3.36536354339501E-15));
#1032=CARTESIAN_POINT('Ctrl Pts',(-12.5,21.287437348273,-0.133268085126839));
#1033=CARTESIAN_POINT('Ctrl Pts',(-12.4978687543376,21.2447663140751,-0.266573165210951));
#1034=CARTESIAN_POINT('Ctrl Pts',(-12.4664126316797,20.9300314236898,-1.24940801010831));
#1035=CARTESIAN_POINT('Ctrl Pts',(-12.352641689383,20.6589481523119,-2.09398155419492));
#1036=CARTESIAN_POINT('Ctrl Pts',(-11.9552042996923,20.114712653545,-3.74798939015607));
#1037=CARTESIAN_POINT('Ctrl Pts',(-11.6723679125065,19.842775196702,-4.55303514865507));
#1038=CARTESIAN_POINT('Ctrl Pts',(-10.9487160617925,19.298974837304,-6.09058113564299));
#1039=CARTESIAN_POINT('Ctrl Pts',(-10.5102943272876,19.0285006686742,-6.81933092308573));
#1040=CARTESIAN_POINT('Ctrl Pts',(-9.49080655776256,18.4846332176332,-8.17920142810036));
#1041=CARTESIAN_POINT('Ctrl Pts',(-8.91189257995768,18.2125936715152,-8.80641418563409));
#1042=CARTESIAN_POINT('Ctrl Pts',(-7.63754178784854,17.6686209290167,-9.93168147164635));
#1043=CARTESIAN_POINT('Ctrl Pts',(-6.94578534181962,17.3980449632564,-10.4271938136242));
#1044=CARTESIAN_POINT('Ctrl Pts',(-5.47035169770387,16.8539727446754,-11.2716436597383));
#1045=CARTESIAN_POINT('Ctrl Pts',(-4.69022828780652,16.5819284979381,-11.6179387579463));
#1046=CARTESIAN_POINT('Ctrl Pts',(-3.07593073120704,16.0385526586769,-12.1452006298852));
#1047=CARTESIAN_POINT('Ctrl Pts',(-2.24624714873448,15.7685674677384,-12.3256476027106));
#1048=CARTESIAN_POINT('Ctrl Pts',(-0.981538834450426,15.3612692592456,-12.4686791468808));
#1049=CARTESIAN_POINT('Ctrl Pts',(-0.556195111661979,15.2249520264423,-12.4948790630697));
#1050=CARTESIAN_POINT('Ctrl Pts',(1.58033920626585,14.5407333558534,-12.5171616562118));
#1051=CARTESIAN_POINT('Ctrl Pts',(3.27662269574565,13.9998307823829,-12.1836168133905));
#1052=CARTESIAN_POINT('Ctrl Pts',(5.63905063276115,13.1788728082283,-11.1883105041583));
#1053=CARTESIAN_POINT('Ctrl Pts',(6.389015923749,12.9066084567436,-10.7776548519832));
#1054=CARTESIAN_POINT('Ctrl Pts',(7.79376168228671,12.36107765863,-9.80993411288872));
#1055=CARTESIAN_POINT('Ctrl Pts',(8.44475776921678,12.0890943389314,-9.25545328390864));
#1056=CARTESIAN_POINT('Ctrl Pts',(9.62324881466793,11.5430085226561,-8.02306338721131));
#1057=CARTESIAN_POINT('Ctrl Pts',(10.1478043838659,11.2707490760928,-7.34838097597428));
#1058=CARTESIAN_POINT('Ctrl Pts',(11.0504996560203,10.7260237798194,-5.90423797568794));
#1059=CARTESIAN_POINT('Ctrl Pts',(11.4265462579423,10.4549365857264,-5.13882166184826));
#1060=CARTESIAN_POINT('Ctrl Pts',(12.0174457430446,9.91021994020207,-3.54330014994213));
#1061=CARTESIAN_POINT('Ctrl Pts',(12.2307192659816,9.63824018079498,-2.71727294376049));
#1062=CARTESIAN_POINT('Ctrl Pts',(12.4856431993811,9.09473406895406,-1.03791506909516));
#1063=CARTESIAN_POINT('Ctrl Pts',(12.5272840974329,8.82455231502806,-0.18905976167855));
#1064=CARTESIAN_POINT('Ctrl Pts',(12.4380382358585,8.28179926201379,1.50537382788757));
#1065=CARTESIAN_POINT('Ctrl Pts',(12.3071036085605,8.01032860913417,2.34648870922667));
#1066=CARTESIAN_POINT('Ctrl Pts',(11.6582467189573,7.19054416192273,4.82328571826975));
#1067=CARTESIAN_POINT('Ctrl Pts',(10.8891611363953,6.64974573132977,6.37217640425174));
#1068=CARTESIAN_POINT('Ctrl Pts',(8.79215647625587,5.56169234954902,9.04360878086712));
#1069=CARTESIAN_POINT('Ctrl Pts',(7.49446635843828,5.02912973504932,10.1450548318823));
#1070=CARTESIAN_POINT('Ctrl Pts',(5.64419552181851,4.35338082719951,11.1612962453154));
#1071=CARTESIAN_POINT('Ctrl Pts',(5.26058301843026,4.21694964645793,11.3471455634222));
#1072=CARTESIAN_POINT('Ctrl Pts',(3.3279775919402,3.54463151695611,12.1643412338755));
#1073=CARTESIAN_POINT('Ctrl Pts',(1.67247785343899,3.01591482556088,12.5));
#1074=CARTESIAN_POINT('Ctrl Pts',(-2.77555756156289E-15,2.4807219124604,
12.5));
#1075=CARTESIAN_POINT('Origin',(0.,0.,0.));
#1076=CARTESIAN_POINT('',(-12.5,35.2186952591032,-1.12544433934762E-15));
#1077=CARTESIAN_POINT('',(-12.5,33.8960421872666,1.40725193557851E-15));
#1078=CARTESIAN_POINT('',(-12.5,0.,1.53080849893419E-15));
#1079=CARTESIAN_POINT('Ctrl Pts',(-12.5,10.0858728861453,2.42861286636753E-15));
#1080=CARTESIAN_POINT('Ctrl Pts',(-12.5,10.1849449766935,0.309808316603021));
#1081=CARTESIAN_POINT('Ctrl Pts',(-12.4884821844677,10.2840360272321,0.619699971543238));
#1082=CARTESIAN_POINT('Ctrl Pts',(-12.4022353335173,10.655211565832,1.77693517555082));
#1083=CARTESIAN_POINT('Ctrl Pts',(-12.2526964676752,10.9269103458065,2.616154816587));
#1084=CARTESIAN_POINT('Ctrl Pts',(-11.7855689485446,11.4712421451747,4.2512898175864));
#1085=CARTESIAN_POINT('Ctrl Pts',(-11.4691511889009,11.7424248114438,5.04299174883241));
#1086=CARTESIAN_POINT('Ctrl Pts',(-10.6804122187243,12.286467385789,6.54997339648143));
#1087=CARTESIAN_POINT('Ctrl Pts',(-10.2101567744392,12.558204566547,7.26126399397736));
#1088=CARTESIAN_POINT('Ctrl Pts',(-9.13271061340887,13.1025619417802,8.577090758418));
#1089=CARTESIAN_POINT('Ctrl Pts',(-8.52832812265358,13.373712631559,9.17826715332071));
#1090=CARTESIAN_POINT('Ctrl Pts',(-7.20647091282511,13.9178519842585,10.2489328399863));
#1091=CARTESIAN_POINT('Ctrl Pts',(-6.49241170551207,14.1896816269426,10.7155198433956));
#1092=CARTESIAN_POINT('Ctrl Pts',(-4.98194587652885,14.7337803622163,11.4957187564834));
#1093=CARTESIAN_POINT('Ctrl Pts',(-4.18957850013774,15.0046163127219,11.8075740074157));
#1094=CARTESIAN_POINT('Ctrl Pts',(-2.5519038261732,15.5487496856345,12.2663209871865));
#1095=CARTESIAN_POINT('Ctrl Pts',(-1.71076855600483,15.8207651167908,12.4116114301436));
#1096=CARTESIAN_POINT('Ctrl Pts',(-0.0121012287649427,16.3656076505463,
12.528952310581));
#1097=CARTESIAN_POINT('Ctrl Pts',(0.840986917035649,16.6370599904399,12.5006999399618));
#1098=CARTESIAN_POINT('Ctrl Pts',(2.10642215735359,17.0458146237137,12.3285950344903));
#1099=CARTESIAN_POINT('Ctrl Pts',(2.52508753284196,17.182053024664,12.2497020297723));
#1100=CARTESIAN_POINT('Ctrl Pts',(3.7661004494383,17.5907595665203,11.9495093159242));
#1101=CARTESIAN_POINT('Ctrl Pts',(4.570721950143,17.8622462204948,11.6654560121543));
#1102=CARTESIAN_POINT('Ctrl Pts',(6.11006802080579,18.4068983140929,10.93809958684));
#1103=CARTESIAN_POINT('Ctrl Pts',(6.84070963345831,18.6788768578239,10.4966472463786));
#1104=CARTESIAN_POINT('Ctrl Pts',(8.20121168274648,19.2239341990149,9.47184301508699));
#1105=CARTESIAN_POINT('Ctrl Pts',(8.82746361036248,19.4955933050161,8.89109345439235));
#1106=CARTESIAN_POINT('Ctrl Pts',(9.95250930389574,20.041108244031,7.61080394477751));
#1107=CARTESIAN_POINT('Ctrl Pts',(10.4482779436752,20.3133316801946,6.91450199779111));
#1108=CARTESIAN_POINT('Ctrl Pts',(11.2918421304699,20.8597752063897,5.42920847614532));
#1109=CARTESIAN_POINT('Ctrl Pts',(11.6368178228847,21.1326705391532,4.6439336437911));
#1110=CARTESIAN_POINT('Ctrl Pts',(12.1587150491943,21.6791290847592,3.0223997883989));
#1111=CARTESIAN_POINT('Ctrl Pts',(12.3357459846157,21.9506008311247,2.19065040244359));
#1112=CARTESIAN_POINT('Ctrl Pts',(12.5861439768872,22.6941043568777,-0.118939842385476));
#1113=CARTESIAN_POINT('Ctrl Pts',(12.4843616771558,23.1601612341019,-1.60177637199022));
#1114=CARTESIAN_POINT('Ctrl Pts',(11.9213161418222,23.903018281997,-3.85332450554877));
#1115=CARTESIAN_POINT('Ctrl Pts',(11.6332512225997,24.1739945702536,-4.6511550525283));
#1116=CARTESIAN_POINT('Ctrl Pts',(10.5800614770453,24.9531825043219,-6.8430118560706));
#1117=CARTESIAN_POINT('Ctrl Pts',(9.62751291730988,25.4542668653839,-8.12872353445932));
#1118=CARTESIAN_POINT('Ctrl Pts',(7.83658264758215,26.2324804513741,-9.7752309012346));
#1119=CARTESIAN_POINT('Ctrl Pts',(7.15657051104982,26.5035273874284,-10.2835038634958));
#1120=CARTESIAN_POINT('Ctrl Pts',(4.97529498460108,27.3184519999011,-11.5920695075259));
#1121=CARTESIAN_POINT('Ctrl Pts',(3.35746444942253,27.8539372665109,-12.1596564307445));
#1122=CARTESIAN_POINT('Ctrl Pts',(1.2539092671693,28.533717425588,-12.4442334418231));
#1123=CARTESIAN_POINT('Ctrl Pts',(0.829405229604044,28.6700750910347,-12.4797157562339));
#1124=CARTESIAN_POINT('Ctrl Pts',(-1.28775887930864,29.3487724900709,-12.5481663945555));
#1125=CARTESIAN_POINT('Ctrl Pts',(-2.97310926299199,29.8834639993755,-12.2587022643041));
#1126=CARTESIAN_POINT('Ctrl Pts',(-4.94629332436753,30.561666653763,-11.4876238375765));
#1127=CARTESIAN_POINT('Ctrl Pts',(-5.33471226773318,30.698016845392,-11.3124773586579));
#1128=CARTESIAN_POINT('Ctrl Pts',(-7.23064574245084,31.3808511126182,-10.338164585214));
#1129=CARTESIAN_POINT('Ctrl Pts',(-8.57234795883117,31.9198148130369,-9.256074804243));
#1130=CARTESIAN_POINT('Ctrl Pts',(-10.196539313736,32.7387720883352,-7.28051068059242));
#1131=CARTESIAN_POINT('Ctrl Pts',(-10.6687604449904,33.0109091776614,-6.56908951852799));
#1132=CARTESIAN_POINT('Ctrl Pts',(-11.4585565697815,33.5540252429735,-5.06628215826097));
#1133=CARTESIAN_POINT('Ctrl Pts',(-11.7750846321386,33.823656186446,-4.27937896474497));
#1134=CARTESIAN_POINT('Ctrl Pts',(-12.2456027657712,34.3665354868074,-2.6493004541695));
#1135=CARTESIAN_POINT('Ctrl Pts',(-12.3974660382506,34.6384242674077,-1.81008399150189));
#1136=CARTESIAN_POINT('Ctrl Pts',(-12.4876488089799,35.0134313908865,-0.641719624753857));
#1137=CARTESIAN_POINT('Ctrl Pts',(-12.5,35.1160862509023,-0.320823593660106));
#1138=CARTESIAN_POINT('Ctrl Pts',(-12.5,35.2186952591032,1.97064586870965E-14));
#1139=CARTESIAN_POINT('Ctrl Pts',(-12.5,33.8960421872666,-1.58206781009085E-14));
#1140=CARTESIAN_POINT('Ctrl Pts',(-12.5,33.7373959344623,-0.49631246066872));
#1141=CARTESIAN_POINT('Ctrl Pts',(-12.4704405012745,33.5788481321373,-0.992506115937223));
#1142=CARTESIAN_POINT('Ctrl Pts',(-12.2083561631389,32.8738768060882,-3.18159282389286));
#1143=CARTESIAN_POINT('Ctrl Pts',(-11.6599865223731,32.331087607622,-4.81782661280792));
#1144=CARTESIAN_POINT('Ctrl Pts',(-10.5858166641457,31.6491987617663,-6.66120714893393));
#1145=CARTESIAN_POINT('Ctrl Pts',(-10.3528540558445,31.5133060266043,-7.01780701070383));
#1146=CARTESIAN_POINT('Ctrl Pts',(-9.10821282378142,30.8380164433241,-8.72574612180904));
#1147=CARTESIAN_POINT('Ctrl Pts',(-7.84833733711363,30.3012975039997,-9.87426979446995));
#1148=CARTESIAN_POINT('Ctrl Pts',(-5.31676218518442,29.3585767512435,-11.382807797114));
#1149=CARTESIAN_POINT('Ctrl Pts',(-4.14362836561604,28.959332583763,-11.8602810151697));
#1150=CARTESIAN_POINT('Ctrl Pts',(-1.25686189274031,28.0091552948163,-12.5535956624563));
#1151=CARTESIAN_POINT('Ctrl Pts',(0.470094696197939,27.4651323029758,-12.6076568472986));
#1152=CARTESIAN_POINT('Ctrl Pts',(2.57412285612903,26.7828748156182,-12.2395011264146));
#1153=CARTESIAN_POINT('Ctrl Pts',(2.98975037512942,26.6469712225658,-12.1446655900408));
#1154=CARTESIAN_POINT('Ctrl Pts',(5.04530590752566,25.9649618653983,-11.5636984528649));
#1155=CARTESIAN_POINT('Ctrl Pts',(6.57791796112257,25.4227481484847,-10.7658812697687));
#1156=CARTESIAN_POINT('Ctrl Pts',(8.56227435607428,24.6034525848373,-9.14671113303554));
#1157=CARTESIAN_POINT('Ctrl Pts',(9.16520070613224,24.3315500810785,-8.542476157664));
#1158=CARTESIAN_POINT('Ctrl Pts',(10.2376313129608,23.7872086769001,-7.22236171581164));
#1159=CARTESIAN_POINT('Ctrl Pts',(10.7046539144725,23.516286097771,-6.51014619243703));
#1160=CARTESIAN_POINT('Ctrl Pts',(11.4881347288425,22.9718360796182,-4.99985546940387));
#1161=CARTESIAN_POINT('Ctrl Pts',(11.8021066215107,22.6996834881397,-4.20548445994613));
#1162=CARTESIAN_POINT('Ctrl Pts',(12.1481709360051,22.2908605014394,-2.97544682795986));
#1163=CARTESIAN_POINT('Ctrl Pts',(12.2424795938765,22.1547467509079,-2.55989080585821));
#1164=CARTESIAN_POINT('Ctrl Pts',(12.4611181963342,21.7462926844468,-1.3018510741191));
#1165=CARTESIAN_POINT('Ctrl Pts',(12.5208254739595,21.4744602503679,-0.450700995190623));
#1166=CARTESIAN_POINT('Ctrl Pts',(12.4664126316797,20.9300314236898,1.24940801010839));
#1167=CARTESIAN_POINT('Ctrl Pts',(12.352641689383,20.6589481523119,2.093981554195));
#1168=CARTESIAN_POINT('Ctrl Pts',(11.9552042996923,20.114712653545,3.7479893901561));
#1169=CARTESIAN_POINT('Ctrl Pts',(11.6723679125065,19.842775196702,4.55303514865505));
#1170=CARTESIAN_POINT('Ctrl Pts',(10.9487160617925,19.298974837304,6.09058113564302));
#1171=CARTESIAN_POINT('Ctrl Pts',(10.5102943272876,19.0285006686742,6.81933092308575));
#1172=CARTESIAN_POINT('Ctrl Pts',(9.49080655776256,18.4846332176332,8.17920142810036));
#1173=CARTESIAN_POINT('Ctrl Pts',(8.91189257995767,18.2125936715152,8.8064141856341));
#1174=CARTESIAN_POINT('Ctrl Pts',(7.63754178784855,17.6686209290167,9.93168147164635));
#1175=CARTESIAN_POINT('Ctrl Pts',(6.94578534181963,17.3980449632565,10.4271938136242));
#1176=CARTESIAN_POINT('Ctrl Pts',(5.47035169770396,16.8539727446754,11.2716436597383));
#1177=CARTESIAN_POINT('Ctrl Pts',(4.69022828780659,16.5819284979381,11.6179387579463));
#1178=CARTESIAN_POINT('Ctrl Pts',(3.07593073120703,16.0385526586769,12.1452006298852));
#1179=CARTESIAN_POINT('Ctrl Pts',(2.24624714873451,15.7685674677384,12.3256476027106));
#1180=CARTESIAN_POINT('Ctrl Pts',(0.981538834450559,15.3612692592456,12.4686791468808));
#1181=CARTESIAN_POINT('Ctrl Pts',(0.556195111662176,15.2249520264423,12.4948790630697));
#1182=CARTESIAN_POINT('Ctrl Pts',(-1.58033920626578,14.5407333558535,12.5171616562118));
#1183=CARTESIAN_POINT('Ctrl Pts',(-3.27662269574557,13.9998307823829,12.1836168133906));
#1184=CARTESIAN_POINT('Ctrl Pts',(-5.63905063276108,13.1788728082283,11.1883105041583));
#1185=CARTESIAN_POINT('Ctrl Pts',(-6.38901592374892,12.9066084567436,10.7776548519833));
#1186=CARTESIAN_POINT('Ctrl Pts',(-7.79376168228661,12.36107765863,9.8099341128888));
#1187=CARTESIAN_POINT('Ctrl Pts',(-8.44475776921666,12.0890943389314,9.25545328390876));
#1188=CARTESIAN_POINT('Ctrl Pts',(-9.62324881466789,11.5430085226561,8.02306338721137));
#1189=CARTESIAN_POINT('Ctrl Pts',(-10.1478043838658,11.2707490760928,7.34838097597435));
#1190=CARTESIAN_POINT('Ctrl Pts',(-11.0504996560202,10.7260237798194,5.90423797568804));
#1191=CARTESIAN_POINT('Ctrl Pts',(-11.4265462579422,10.4549365857264,5.13882166184837));
#1192=CARTESIAN_POINT('Ctrl Pts',(-12.0174457430446,9.91021994020208,3.54330014994216));
#1193=CARTESIAN_POINT('Ctrl Pts',(-12.2307192659815,9.638240180795,2.71727294376055));
#1194=CARTESIAN_POINT('Ctrl Pts',(-12.4527200804215,9.16492722868114,1.25480211593267));
#1195=CARTESIAN_POINT('Ctrl Pts',(-12.5,8.96444984285572,0.627696396587262));
#1196=CARTESIAN_POINT('Ctrl Pts',(-12.5,8.76374889718683,-5.27355936696949E-15));
#1197=CARTESIAN_POINT('Origin',(0.,0.,0.));
#1198=CARTESIAN_POINT('',(-12.5,41.5036643760484,-1.31626392170507E-15));
#1199=CARTESIAN_POINT('',(-12.5,40.1794998258784,3.72639861840191E-14));
#1200=CARTESIAN_POINT('',(-12.5,0.,1.53080849893419E-15));
#1201=CARTESIAN_POINT('Ctrl Pts',(-12.5,16.3689953542522,-3.05311331771918E-15));
#1202=CARTESIAN_POINT('Ctrl Pts',(-12.5,16.549119457222,0.56311836004137));
#1203=CARTESIAN_POINT('Ctrl Pts',(-12.4619471869755,16.7290990133367,1.12592417175298));
#1204=CARTESIAN_POINT('Ctrl Pts',(-12.3285950344897,17.0458146237149,2.10642215735745));
#1205=CARTESIAN_POINT('Ctrl Pts',(-12.2497020297715,17.1820530246652,2.52508753284586));
#1206=CARTESIAN_POINT('Ctrl Pts',(-11.949509315923,17.5907595665215,3.76610044944187));
#1207=CARTESIAN_POINT('Ctrl Pts',(-11.6654560121529,17.862246220496,4.57072195014651));
#1208=CARTESIAN_POINT('Ctrl Pts',(-10.9380995868381,18.4068983140942,6.11006802080915));
#1209=CARTESIAN_POINT('Ctrl Pts',(-10.4966472463765,18.6788768578251,6.84070963346158));
#1210=CARTESIAN_POINT('Ctrl Pts',(-9.47184301508448,19.2239341990162,8.20121168274936));
#1211=CARTESIAN_POINT('Ctrl Pts',(-8.89109345438969,19.4955933050173,8.82746361036517));
#1212=CARTESIAN_POINT('Ctrl Pts',(-7.61080394477438,20.0411082440323,9.95250930389814));
#1213=CARTESIAN_POINT('Ctrl Pts',(-6.91450199778783,20.3133316801959,10.4482779436773));
#1214=CARTESIAN_POINT('Ctrl Pts',(-5.42920847614181,20.8597752063909,11.2918421304716));
#1215=CARTESIAN_POINT('Ctrl Pts',(-4.64393364378752,21.1326705391545,11.6368178228861));
#1216=CARTESIAN_POINT('Ctrl Pts',(-3.02239978839501,21.6791290847605,12.1587150491952));
#1217=CARTESIAN_POINT('Ctrl Pts',(-2.19065040243967,21.950600831126,12.3357459846164));
#1218=CARTESIAN_POINT('Ctrl Pts',(0.118939842387847,22.6941043568784,12.5861439768869));
#1219=CARTESIAN_POINT('Ctrl Pts',(1.60177637199092,23.1601612341022,12.4843616771555));
#1220=CARTESIAN_POINT('Ctrl Pts',(3.85332450554794,23.9030182819967,11.9213161418224));
#1221=CARTESIAN_POINT('Ctrl Pts',(4.65115505252749,24.1739945702533,11.6332512226));
#1222=CARTESIAN_POINT('Ctrl Pts',(6.84301185607003,24.9531825043217,10.5800614770457));
#1223=CARTESIAN_POINT('Ctrl Pts',(8.12872353445891,25.4542668653837,9.62751291731025));
#1224=CARTESIAN_POINT('Ctrl Pts',(9.77523090123434,26.2324804513739,7.83658264758247));
#1225=CARTESIAN_POINT('Ctrl Pts',(10.2835038634956,26.5035273874283,7.15657051105015));
#1226=CARTESIAN_POINT('Ctrl Pts',(11.5920695075257,27.3184519999009,4.97529498460149));
#1227=CARTESIAN_POINT('Ctrl Pts',(12.1596564307444,27.8539372665107,3.357464449423));
#1228=CARTESIAN_POINT('Ctrl Pts',(12.4442334418231,28.5337174255879,1.25390926716975));
#1229=CARTESIAN_POINT('Ctrl Pts',(12.4797157562338,28.6700750910346,0.829405229604419));
#1230=CARTESIAN_POINT('Ctrl Pts',(12.5481663945555,29.3487724900707,-1.28775887930804));
#1231=CARTESIAN_POINT('Ctrl Pts',(12.2587022643043,29.8834639993753,-2.9731092629914));
#1232=CARTESIAN_POINT('Ctrl Pts',(11.4876238375767,30.5616666537629,-4.94629332436706));
#1233=CARTESIAN_POINT('Ctrl Pts',(11.3124773586581,30.6980168453918,-5.33471226773278));
#1234=CARTESIAN_POINT('Ctrl Pts',(10.3381645852143,31.380851112618,-7.23064574245032));
#1235=CARTESIAN_POINT('Ctrl Pts',(9.25607480424345,31.9198148130367,-8.57234795883068));
#1236=CARTESIAN_POINT('Ctrl Pts',(7.28051068059298,32.738772088335,-10.1965393137356));
#1237=CARTESIAN_POINT('Ctrl Pts',(6.56908951852859,33.0109091776612,-10.6687604449901));
#1238=CARTESIAN_POINT('Ctrl Pts',(5.06628215826161,33.5540252429732,-11.4585565697812));
#1239=CARTESIAN_POINT('Ctrl Pts',(4.27937896474561,33.8236561864458,-11.7750846321384));
#1240=CARTESIAN_POINT('Ctrl Pts',(2.64930045417013,34.3665354868072,-12.245602765771));
#1241=CARTESIAN_POINT('Ctrl Pts',(1.81008399150256,34.6384242674075,-12.3974660382505));
#1242=CARTESIAN_POINT('Ctrl Pts',(0.115979793613806,35.1821768502528,-12.5282291929803));
#1243=CARTESIAN_POINT('Ctrl Pts',(-0.734483694498436,35.4526936162257,-12.5072199336146));
#1244=CARTESIAN_POINT('Ctrl Pts',(-2.42012592147346,35.9962860890327,-12.292950281683));
#1245=CARTESIAN_POINT('Ctrl Pts',(-3.25083626457351,36.2681321939139,-12.0998201202716));
#1246=CARTESIAN_POINT('Ctrl Pts',(-4.85844840855265,36.8120409464673,-11.5484251651585));
#1247=CARTESIAN_POINT('Ctrl Pts',(-5.63130431337797,37.0827191406108,-11.1919208215108));
#1248=CARTESIAN_POINT('Ctrl Pts',(-7.09482924651482,37.6266777973666,-10.3265719272392));
#1249=CARTESIAN_POINT('Ctrl Pts',(-7.78142576760266,37.8986721394797,-9.81957639266041));
#1250=CARTESIAN_POINT('Ctrl Pts',(-9.04081117312921,38.4434444560527,-8.67399936532223));
#1251=CARTESIAN_POINT('Ctrl Pts',(-9.61032071185959,38.7148480176267,-8.03842279017672));
#1252=CARTESIAN_POINT('Ctrl Pts',(-10.6119792852998,39.2600635032355,-6.66050860526098));
#1253=CARTESIAN_POINT('Ctrl Pts',(-11.0413351518232,39.5322819307764,-5.92160964171504));
#1254=CARTESIAN_POINT('Ctrl Pts',(-11.7438107208753,40.0783059861628,-4.36610787166662));
#1255=CARTESIAN_POINT('Ctrl Pts',(-12.0146616058374,40.3506444260032,-3.55353127105492));
#1256=CARTESIAN_POINT('Ctrl Pts',(-12.3847228734424,40.8961178109792,-1.89349501873088));
#1257=CARTESIAN_POINT('Ctrl Pts',(-12.4845205732303,41.1672431467128,-1.05055339762278));
#1258=CARTESIAN_POINT('Ctrl Pts',(-12.4994456825191,41.4601423585884,-0.135953446868811));
#1259=CARTESIAN_POINT('Ctrl Pts',(-12.5,41.4819087783409,-0.0679656060781806));
#1260=CARTESIAN_POINT('Ctrl Pts',(-12.5,41.5036643760484,-1.49253194189861E-14));
#1261=CARTESIAN_POINT('Ctrl Pts',(-12.5,40.1794998258784,6.99440505513849E-14));
#1262=CARTESIAN_POINT('Ctrl Pts',(-12.5,39.6945588784574,-1.5147390076059));
#1263=CARTESIAN_POINT('Ctrl Pts',(-12.2246311778584,39.2140574845619,-3.01869146018348));
#1264=CARTESIAN_POINT('Ctrl Pts',(-11.383004580575,38.4547691002154,-5.23491574711459));
#1265=CARTESIAN_POINT('Ctrl Pts',(-10.9994706114227,38.1824660695708,-5.99908234988346));
#1266=CARTESIAN_POINT('Ctrl Pts',(-10.0831004637949,37.6372102281426,-7.43688420776758));
#1267=CARTESIAN_POINT('Ctrl Pts',(-9.55284884810335,37.3656284612816,-8.10672951237285));
#1268=CARTESIAN_POINT('Ctrl Pts',(-8.66186459211013,36.9564801036165,-9.02237187861573));
#1269=CARTESIAN_POINT('Ctrl Pts',(-8.34971108340808,36.8202097064366,-9.31200372357198));
#1270=CARTESIAN_POINT('Ctrl Pts',(-6.71238673286837,36.1363077569976,-10.6825515403681));
#1271=CARTESIAN_POINT('Ctrl Pts',(-5.19008822215388,35.596350459972,-11.499386182891));
#1272=CARTESIAN_POINT('Ctrl Pts',(-2.73489169152834,34.7759420910253,-12.2267998554308));
#1273=CARTESIAN_POINT('Ctrl Pts',(-1.89629094453325,34.5038862217311,-12.3846096558873));
#1274=CARTESIAN_POINT('Ctrl Pts',(-0.204130012524617,33.9606325081094,-12.5269990695403));
#1275=CARTESIAN_POINT('Ctrl Pts',(0.644919504900586,33.6907845818032,-12.5120546623616));
#1276=CARTESIAN_POINT('Ctrl Pts',(3.18159282389344,32.873876806088,-12.2083561631387));
#1277=CARTESIAN_POINT('Ctrl Pts',(4.8178266128085,32.3310876076218,-11.6599865223729));
#1278=CARTESIAN_POINT('Ctrl Pts',(6.66120714893454,31.6491987617661,-10.5858166641453));
#1279=CARTESIAN_POINT('Ctrl Pts',(7.01780701070437,31.5133060266041,-10.3528540558441));
#1280=CARTESIAN_POINT('Ctrl Pts',(8.72574612180948,30.8380164433239,-9.10821282378099));
#1281=CARTESIAN_POINT('Ctrl Pts',(9.87426979447034,30.3012975039995,-7.84833733711314));
#1282=CARTESIAN_POINT('Ctrl Pts',(11.3828077971142,29.3585767512434,-5.31676218518404));
#1283=CARTESIAN_POINT('Ctrl Pts',(11.8602810151697,28.959332583763,-4.14362836561592));
#1284=CARTESIAN_POINT('Ctrl Pts',(12.5535956624563,28.0091552948164,-1.25686189274047));
#1285=CARTESIAN_POINT('Ctrl Pts',(12.6076568472986,27.4651323029759,0.470094696197773));
#1286=CARTESIAN_POINT('Ctrl Pts',(12.2395011264147,26.7828748156182,2.57412285612878));
#1287=CARTESIAN_POINT('Ctrl Pts',(12.1446655900408,26.6469712225659,2.98975037512921));
#1288=CARTESIAN_POINT('Ctrl Pts',(11.563698452865,25.9649618653984,5.04530590752549));
#1289=CARTESIAN_POINT('Ctrl Pts',(10.7658812697688,25.4227481484848,6.57791796112242));
#1290=CARTESIAN_POINT('Ctrl Pts',(9.14671113303563,24.6034525848374,8.56227435607419));
#1291=CARTESIAN_POINT('Ctrl Pts',(8.54247615766407,24.3315500810786,9.16520070613217));
#1292=CARTESIAN_POINT('Ctrl Pts',(7.22236171581179,23.7872086769001,10.2376313129606));
#1293=CARTESIAN_POINT('Ctrl Pts',(6.51014619243718,23.5162860977711,10.7046539144724));
#1294=CARTESIAN_POINT('Ctrl Pts',(4.99985546940393,22.9718360796183,11.4881347288425));
#1295=CARTESIAN_POINT('Ctrl Pts',(4.20548445994622,22.6996834881397,11.8021066215107));
#1296=CARTESIAN_POINT('Ctrl Pts',(2.97544682796016,22.2908605014395,12.1481709360051));
#1297=CARTESIAN_POINT('Ctrl Pts',(2.55989080585843,22.1547467509079,12.2424795938764));
#1298=CARTESIAN_POINT('Ctrl Pts',(1.30185107411918,21.7462926844469,12.4611181963342));
#1299=CARTESIAN_POINT('Ctrl Pts',(0.45070099519066,21.4744602503679,12.5208254739595));
#1300=CARTESIAN_POINT('Ctrl Pts',(-1.24940801010823,20.9300314236898,12.4664126316797));
#1301=CARTESIAN_POINT('Ctrl Pts',(-2.09398155419488,20.6589481523119,12.352641689383));
#1302=CARTESIAN_POINT('Ctrl Pts',(-3.74798939015605,20.114712653545,11.9552042996923));
#1303=CARTESIAN_POINT('Ctrl Pts',(-4.55303514865504,19.842775196702,11.6723679125065));
#1304=CARTESIAN_POINT('Ctrl Pts',(-6.09058113564288,19.298974837304,10.9487160617926));
#1305=CARTESIAN_POINT('Ctrl Pts',(-6.81933092308564,19.0285006686742,10.5102943272876));
#1306=CARTESIAN_POINT('Ctrl Pts',(-8.17920142810029,18.4846332176332,9.49080655776262));
#1307=CARTESIAN_POINT('Ctrl Pts',(-8.80641418563402,18.2125936715152,8.91189257995776));
#1308=CARTESIAN_POINT('Ctrl Pts',(-9.93168147164623,17.6686209290168,7.6375417878487));
#1309=CARTESIAN_POINT('Ctrl Pts',(-10.4271938136241,17.3980449632565,6.94578534181978));
#1310=CARTESIAN_POINT('Ctrl Pts',(-11.2716436597383,16.8539727446754,5.47035169770401));
#1311=CARTESIAN_POINT('Ctrl Pts',(-11.6179387579463,16.5819284979382,4.69022828780668));
#1312=CARTESIAN_POINT('Ctrl Pts',(-12.1452006298852,16.0385526586769,3.07593073120719));
#1313=CARTESIAN_POINT('Ctrl Pts',(-12.3256476027105,15.7685674677385,2.24624714873463));
#1314=CARTESIAN_POINT('Ctrl Pts',(-12.4686791468808,15.3612692592457,0.981538834450605));
#1315=CARTESIAN_POINT('Ctrl Pts',(-12.4948790630697,15.2249520264423,0.556195111662184));
#1316=CARTESIAN_POINT('Ctrl Pts',(-12.4997735298558,15.074660472122,0.0868962203825006));
#1317=CARTESIAN_POINT('Ctrl Pts',(-12.5,15.0607455211307,0.0434425328321498));
#1318=CARTESIAN_POINT('Ctrl Pts',(-12.5,15.0468344400356,-1.22593622894411E-14));
#1319=CARTESIAN_POINT('Origin',(0.,0.,0.));
#1320=CARTESIAN_POINT('',(-12.5,47.7851167327949,6.36856107687218E-15));
#1321=CARTESIAN_POINT('',(-12.5,46.461023205764,3.63808333301893E-13));
#1322=CARTESIAN_POINT('',(-12.5,0.,1.53080849893419E-15));
#1323=CARTESIAN_POINT('Ctrl Pts',(-12.5,22.6536846125281,-2.54796184151473E-13));
#1324=CARTESIAN_POINT('Ctrl Pts',(-12.5,22.9797010833208,1.02060607685223));
#1325=CARTESIAN_POINT('Ctrl Pts',(-12.3749924625925,23.3044580746998,2.03913007691539));
#1326=CARTESIAN_POINT('Ctrl Pts',(-11.9213161418205,23.9030182819987,3.85332450555387));
#1327=CARTESIAN_POINT('Ctrl Pts',(-11.6332512225977,24.1739945702553,4.65115505253326));
#1328=CARTESIAN_POINT('Ctrl Pts',(-10.5800614770429,24.9531825043232,6.84301185607384));
#1329=CARTESIAN_POINT('Ctrl Pts',(-9.62751291730823,25.4542668653846,8.12872353446094));
#1330=CARTESIAN_POINT('Ctrl Pts',(-7.83658264758164,26.2324804513743,9.77523090123501));
#1331=CARTESIAN_POINT('Ctrl Pts',(-7.15657051104928,26.5035273874286,10.2835038634962));
#1332=CARTESIAN_POINT('Ctrl Pts',(-4.97529498460045,27.3184519999013,11.5920695075262));
#1333=CARTESIAN_POINT('Ctrl Pts',(-3.35746444942183,27.8539372665111,12.1596564307447));
#1334=CARTESIAN_POINT('Ctrl Pts',(-1.25390926716849,28.5337174255883,12.4442334418232));
#1335=CARTESIAN_POINT('Ctrl Pts',(-0.829405229603181,28.670075091035,12.4797157562339));
#1336=CARTESIAN_POINT('Ctrl Pts',(1.28775887930945,29.3487724900712,12.5481663945554));
#1337=CARTESIAN_POINT('Ctrl Pts',(2.97310926299287,29.8834639993758,12.2587022643039));
#1338=CARTESIAN_POINT('Ctrl Pts',(4.94629332436851,30.5616666537634,11.4876238375761));
#1339=CARTESIAN_POINT('Ctrl Pts',(5.33471226773421,30.6980168453923,11.3124773586574));
#1340=CARTESIAN_POINT('Ctrl Pts',(7.23064574245162,31.3808511126185,10.3381645852134));
#1341=CARTESIAN_POINT('Ctrl Pts',(8.57234795883188,31.9198148130372,9.25607480424234));
#1342=CARTESIAN_POINT('Ctrl Pts',(10.1965393137365,32.7387720883355,7.28051068059166));
#1343=CARTESIAN_POINT('Ctrl Pts',(10.6687604449909,33.0109091776617,6.56908951852718));
#1344=CARTESIAN_POINT('Ctrl Pts',(11.4585565697819,33.5540252429738,5.06628215826009));
#1345=CARTESIAN_POINT('Ctrl Pts',(11.775084632139,33.8236561864464,4.27937896474403));
#1346=CARTESIAN_POINT('Ctrl Pts',(12.2456027657714,34.3665354868077,2.64930045416842));
#1347=CARTESIAN_POINT('Ctrl Pts',(12.3974660382508,34.638424267408,1.81008399150088));
#1348=CARTESIAN_POINT('Ctrl Pts',(12.5282291929803,35.1821768502533,0.11597979361224));
#1349=CARTESIAN_POINT('Ctrl Pts',(12.5072199336145,35.4526936162262,-0.734483694500018));
#1350=CARTESIAN_POINT('Ctrl Pts',(12.2929502816827,35.9962860890332,-2.42012592147498));
#1351=CARTESIAN_POINT('Ctrl Pts',(12.0998201202712,36.2681321939144,-3.25083626457495));
#1352=CARTESIAN_POINT('Ctrl Pts',(11.5484251651579,36.8120409464678,-4.85844840855415));
#1353=CARTESIAN_POINT('Ctrl Pts',(11.1919208215101,37.0827191406113,-5.63130431337934));
#1354=CARTESIAN_POINT('Ctrl Pts',(10.3265719272383,37.6266777973671,-7.09482924651605));
#1355=CARTESIAN_POINT('Ctrl Pts',(9.81957639265946,37.8986721394801,-7.78142576760385));
#1356=CARTESIAN_POINT('Ctrl Pts',(8.6739993653212,38.4434444560531,-9.0408111731302));
#1357=CARTESIAN_POINT('Ctrl Pts',(8.03842279017563,38.7148480176271,-9.6103207118605));
#1358=CARTESIAN_POINT('Ctrl Pts',(6.66050860525975,39.2600635032359,-10.6119792853006));
#1359=CARTESIAN_POINT('Ctrl Pts',(5.92160964171375,39.5322819307769,-11.0413351518239));
#1360=CARTESIAN_POINT('Ctrl Pts',(4.36610787166522,40.0783059861633,-11.7438107208758));
#1361=CARTESIAN_POINT('Ctrl Pts',(3.55353127105348,40.3506444260037,-12.0146616058378));
#1362=CARTESIAN_POINT('Ctrl Pts',(1.89349501872953,40.8961178109797,-12.3847228734426));
#1363=CARTESIAN_POINT('Ctrl Pts',(1.05055339762141,41.1672431467133,-12.4845205732304));
#1364=CARTESIAN_POINT('Ctrl Pts',(-1.26314449031738,41.9082012971448,-12.5222771834401));
#1365=CARTESIAN_POINT('Ctrl Pts',(-2.72312174201521,42.3720997630742,-12.2877161574301));
#1366=CARTESIAN_POINT('Ctrl Pts',(-4.90858135016738,43.1121528438768,-11.5270379030657));
#1367=CARTESIAN_POINT('Ctrl Pts',(-5.67774089684361,43.3831134455157,-11.168248241441));
#1368=CARTESIAN_POINT('Ctrl Pts',(-7.85924663435667,44.1970393357054,-9.86667435804676));
#1369=CARTESIAN_POINT('Ctrl Pts',(-9.12240568457923,44.731647777701,-8.71212274781604));
#1370=CARTESIAN_POINT('Ctrl Pts',(-10.3672861616402,45.4102853880271,-6.99647584065166));
#1371=CARTESIAN_POINT('Ctrl Pts',(-10.5995687880114,45.5466335134499,-6.63930864414265));
#1372=CARTESIAN_POINT('Ctrl Pts',(-11.6691856693259,46.2296276256132,-4.79495339799113));
#1373=CARTESIAN_POINT('Ctrl Pts',(-12.213995930743,46.7687467662632,-3.15911907109821));
#1374=CARTESIAN_POINT('Ctrl Pts',(-12.4712905061581,47.4718977457649,-0.978134905561556));
#1375=CARTESIAN_POINT('Ctrl Pts',(-12.5,47.6285297370599,-0.489133259161198));
#1376=CARTESIAN_POINT('Ctrl Pts',(-12.5,47.7851167327949,-1.11022302462516E-14));
#1377=CARTESIAN_POINT('Ctrl Pts',(-12.5,46.461023205764,7.14428516346288E-13));
#1378=CARTESIAN_POINT('Ctrl Pts',(-12.5000000000001,46.0600732220026,-1.25421315780874));
#1379=CARTESIAN_POINT('Ctrl Pts',(-12.3112049922173,45.6617871720262,-2.50403025930261));
#1380=CARTESIAN_POINT('Ctrl Pts',(-11.6850389639951,44.9860053419607,-4.52064052377541));
#1381=CARTESIAN_POINT('Ctrl Pts',(-11.3497314464465,44.7137990449712,-5.30659739513086));
#1382=CARTESIAN_POINT('Ctrl Pts',(-10.7309788822119,44.3049588159796,-6.42473870185132));
#1383=CARTESIAN_POINT('Ctrl Pts',(-10.5059986524283,44.1689093531113,-6.7863958441501));
#1384=CARTESIAN_POINT('Ctrl Pts',(-9.77714328818832,43.7604618282749,-7.8346561180353));
#1385=CARTESIAN_POINT('Ctrl Pts',(-9.2211863312038,43.4885613118876,-8.48198321360739));
#1386=CARTESIAN_POINT('Ctrl Pts',(-7.98801167816291,42.9445303307053,-9.65205959799034));
#1387=CARTESIAN_POINT('Ctrl Pts',(-7.31429925390196,42.6738388751714,-10.17210032491));
#1388=CARTESIAN_POINT('Ctrl Pts',(-5.86996520806852,42.1298504252822,-11.0687842093359));
#1389=CARTESIAN_POINT('Ctrl Pts',(-5.10286254215682,41.8578522924151,-11.4426950939574));
#1390=CARTESIAN_POINT('Ctrl Pts',(-3.50882590296563,41.3145669599459,-12.0272610672574));
#1391=CARTESIAN_POINT('Ctrl Pts',(-2.68635430352584,41.0446296443994,-12.2372522815219));
#1392=CARTESIAN_POINT('Ctrl Pts',(-1.42779825059758,40.6374077547471,-12.4254888787009));
#1393=CARTESIAN_POINT('Ctrl Pts',(-1.00366277472997,40.5010913961285,-12.4669170285686));
#1394=CARTESIAN_POINT('Ctrl Pts',(1.13090261927072,39.8168159600956,-12.5657688529447));
#1395=CARTESIAN_POINT('Ctrl Pts',(2.83823433726646,39.2758829045392,-12.2931610262189));
#1396=CARTESIAN_POINT('Ctrl Pts',(5.23491574711508,38.4547691002152,-11.3830045805748));
#1397=CARTESIAN_POINT('Ctrl Pts',(5.99908234988391,38.1824660695706,-10.9994706114224));
#1398=CARTESIAN_POINT('Ctrl Pts',(7.43688420776798,37.6372102281425,-10.0831004637946));
#1399=CARTESIAN_POINT('Ctrl Pts',(8.10672951237324,37.3656284612814,-9.55284884810301));
#1400=CARTESIAN_POINT('Ctrl Pts',(9.02237187861607,36.9564801036163,-8.66186459210977));
#1401=CARTESIAN_POINT('Ctrl Pts',(9.3120037235723,36.8202097064365,-8.34971108340772));
#1402=CARTESIAN_POINT('Ctrl Pts',(10.6825515403684,36.1363077569975,-6.7123867328679));
#1403=CARTESIAN_POINT('Ctrl Pts',(11.4993861828912,35.5963504599718,-5.19008822215337));
#1404=CARTESIAN_POINT('Ctrl Pts',(12.226799855431,34.7759420910251,-2.73489169152779));
#1405=CARTESIAN_POINT('Ctrl Pts',(12.3846096558874,34.5038862217309,-1.89629094453268));
#1406=CARTESIAN_POINT('Ctrl Pts',(12.5269990695403,33.9606325081093,-0.204130012524064));
#1407=CARTESIAN_POINT('Ctrl Pts',(12.5120546623615,33.690784581803,0.644919504901126));
#1408=CARTESIAN_POINT('Ctrl Pts',(12.2083561631386,32.8738768060878,3.18159282389395));
#1409=CARTESIAN_POINT('Ctrl Pts',(11.6599865223727,32.3310876076216,4.81782661280899));
#1410=CARTESIAN_POINT('Ctrl Pts',(10.585816664145,31.6491987617659,6.66120714893505));
#1411=CARTESIAN_POINT('Ctrl Pts',(10.3528540558438,31.5133060266039,7.01780701070484));
#1412=CARTESIAN_POINT('Ctrl Pts',(9.1082128237806,30.8380164433237,8.72574612180989));
#1413=CARTESIAN_POINT('Ctrl Pts',(7.8483373371127,30.3012975039994,9.87426979447069));
#1414=CARTESIAN_POINT('Ctrl Pts',(5.31676218518371,29.3585767512433,11.3828077971143));
#1415=CARTESIAN_POINT('Ctrl Pts',(4.14362836561577,28.959332583763,11.8602810151697));
#1416=CARTESIAN_POINT('Ctrl Pts',(1.25686189274055,28.0091552948164,12.5535956624563));
#1417=CARTESIAN_POINT('Ctrl Pts',(-0.470094696197711,27.4651323029759,12.6076568472986));
#1418=CARTESIAN_POINT('Ctrl Pts',(-2.5741228561289,26.7828748156182,12.2395011264147));
#1419=CARTESIAN_POINT('Ctrl Pts',(-2.98975037512926,26.6469712225659,12.1446655900408));
#1420=CARTESIAN_POINT('Ctrl Pts',(-5.04530590752547,25.9649618653984,11.563698452865));
#1421=CARTESIAN_POINT('Ctrl Pts',(-6.57791796112239,25.4227481484848,10.7658812697688));
#1422=CARTESIAN_POINT('Ctrl Pts',(-8.56227435607418,24.6034525848374,9.14671113303564));
#1423=CARTESIAN_POINT('Ctrl Pts',(-9.16520070613215,24.3315500810786,8.54247615766409));
#1424=CARTESIAN_POINT('Ctrl Pts',(-10.2376313129606,23.7872086769001,7.2223617158118));
#1425=CARTESIAN_POINT('Ctrl Pts',(-10.7046539144724,23.5162860977711,6.51014619243719));
#1426=CARTESIAN_POINT('Ctrl Pts',(-11.4881347288425,22.9718360796183,4.99985546940392));
#1427=CARTESIAN_POINT('Ctrl Pts',(-11.8021066215107,22.6996834881397,4.20548445994621));
#1428=CARTESIAN_POINT('Ctrl Pts',(-12.1481709360051,22.2908605014394,2.97544682796012));
#1429=CARTESIAN_POINT('Ctrl Pts',(-12.2424795938764,22.1547467509079,2.5598908058584));
#1430=CARTESIAN_POINT('Ctrl Pts',(-12.4382823115888,21.7889539980514,1.43324804609128));
#1431=CARTESIAN_POINT('Ctrl Pts',(-12.5,21.5596774934998,0.717151590645785));
#1432=CARTESIAN_POINT('Ctrl Pts',(-12.5,21.33009972296,-8.32667268468867E-16));
#1433=CARTESIAN_POINT('Origin',(0.,0.,0.));
#1434=CARTESIAN_POINT('',(-12.5,54.0684799736503,8.00098718986632E-16));
#1435=CARTESIAN_POINT('',(-12.5,52.7458751875962,-6.91763470353422E-16));
#1436=CARTESIAN_POINT('',(-12.5,0.,1.53080849893419E-15));
#1437=CARTESIAN_POINT('Ctrl Pts',(-12.5,28.9358968029056,-9.18709552877317E-14));
#1438=CARTESIAN_POINT('Ctrl Pts',(-12.5,29.4341287286954,1.55541446826787));
#1439=CARTESIAN_POINT('Ctrl Pts',(-12.2096451287764,29.9266122426388,3.09864611445189));
#1440=CARTESIAN_POINT('Ctrl Pts',(-11.4876238375764,30.5616666537631,4.94629332436765));
#1441=CARTESIAN_POINT('Ctrl Pts',(-11.3124773586578,30.698016845392,5.33471226773331));
#1442=CARTESIAN_POINT('Ctrl Pts',(-10.3381645852139,31.3808511126182,7.23064574245091));
#1443=CARTESIAN_POINT('Ctrl Pts',(-9.25607480424295,31.9198148130369,8.57234795883122));
#1444=CARTESIAN_POINT('Ctrl Pts',(-7.28051068059239,32.7387720883352,10.196539313736));
#1445=CARTESIAN_POINT('Ctrl Pts',(-6.56908951852798,33.0109091776614,10.6687604449904));
#1446=CARTESIAN_POINT('Ctrl Pts',(-5.06628215826098,33.5540252429735,11.4585565697815));
#1447=CARTESIAN_POINT('Ctrl Pts',(-4.27937896474495,33.823656186446,11.7750846321387));
#1448=CARTESIAN_POINT('Ctrl Pts',(-2.64930045416938,34.3665354868074,12.2456027657712));
#1449=CARTESIAN_POINT('Ctrl Pts',(-1.81008399150182,34.6384242674077,12.3974660382506));
#1450=CARTESIAN_POINT('Ctrl Pts',(-0.115979793613072,35.182176850253,12.5282291929803));
#1451=CARTESIAN_POINT('Ctrl Pts',(0.734483694499157,35.4526936162259,12.5072199336145));
#1452=CARTESIAN_POINT('Ctrl Pts',(2.42012592147413,35.996286089033,12.2929502816828));
#1453=CARTESIAN_POINT('Ctrl Pts',(3.25083626457415,36.2681321939141,12.0998201202714));
#1454=CARTESIAN_POINT('Ctrl Pts',(4.85844840855338,36.8120409464676,11.5484251651582));
#1455=CARTESIAN_POINT('Ctrl Pts',(5.63130431337865,37.082719140611,11.1919208215105));
#1456=CARTESIAN_POINT('Ctrl Pts',(7.09482924651545,37.6266777973668,10.3265719272387));
#1457=CARTESIAN_POINT('Ctrl Pts',(7.78142576760328,37.8986721394799,9.81957639265991));
#1458=CARTESIAN_POINT('Ctrl Pts',(9.04081117312968,38.4434444560529,8.67399936532173));
#1459=CARTESIAN_POINT('Ctrl Pts',(9.61032071185999,38.7148480176269,8.03842279017625));
#1460=CARTESIAN_POINT('Ctrl Pts',(10.6119792853002,39.2600635032357,6.66050860526039));
#1461=CARTESIAN_POINT('Ctrl Pts',(11.0413351518235,39.5322819307766,5.92160964171445));
#1462=CARTESIAN_POINT('Ctrl Pts',(11.7438107208756,40.0783059861631,4.36610787166596));
#1463=CARTESIAN_POINT('Ctrl Pts',(12.0146616058375,40.3506444260035,3.55353127105419));
#1464=CARTESIAN_POINT('Ctrl Pts',(12.3847228734425,40.8961178109794,1.89349501873044));
#1465=CARTESIAN_POINT('Ctrl Pts',(12.4845205732303,41.167243146713,1.05055339762231));
#1466=CARTESIAN_POINT('Ctrl Pts',(12.5222771834402,41.9082012971446,-1.26314449031671));
#1467=CARTESIAN_POINT('Ctrl Pts',(12.2877161574303,42.3720997630741,-2.72312174201485));
#1468=CARTESIAN_POINT('Ctrl Pts',(11.5270379030658,43.1121528438768,-4.90858135016728));
#1469=CARTESIAN_POINT('Ctrl Pts',(11.168248241441,43.3831134455156,-5.6777408968435));
#1470=CARTESIAN_POINT('Ctrl Pts',(9.86667435804679,44.1970393357054,-7.85924663435665));
#1471=CARTESIAN_POINT('Ctrl Pts',(8.71212274781605,44.731647777701,-9.12240568457922));
#1472=CARTESIAN_POINT('Ctrl Pts',(6.99647584065155,45.4102853880272,-10.3672861616403));
#1473=CARTESIAN_POINT('Ctrl Pts',(6.6393086441424,45.54663351345,-10.5995687880116));
#1474=CARTESIAN_POINT('Ctrl Pts',(4.79495339799131,46.2296276256131,-11.6691856693258));
#1475=CARTESIAN_POINT('Ctrl Pts',(3.15911907109842,46.7687467662631,-12.2139959307429));
#1476=CARTESIAN_POINT('Ctrl Pts',(0.618356527316823,47.587890572794,-12.5137342004026));
#1477=CARTESIAN_POINT('Ctrl Pts',(-0.235810985942242,47.8600877824032,-12.5267884196453));
#1478=CARTESIAN_POINT('Ctrl Pts',(-1.93313270443221,48.4051104458679,-12.3789475347967));
#1479=CARTESIAN_POINT('Ctrl Pts',(-2.77179691430176,48.6765878534962,-12.2185274320394));
#1480=CARTESIAN_POINT('Ctrl Pts',(-4.40399447141521,49.22196980596,-11.7295000103379));
#1481=CARTESIAN_POINT('Ctrl Pts',(-5.19326592107523,49.4941843861238,-11.4020351343552));
#1482=CARTESIAN_POINT('Ctrl Pts',(-6.69266139507316,50.0394256536018,-10.5917078826267));
#1483=CARTESIAN_POINT('Ctrl Pts',(-7.39878624998477,50.3109453568588,-10.11106748342));
#1484=CARTESIAN_POINT('Ctrl Pts',(-8.69783660001283,50.8553754178072,-9.017412982965));
#1485=CARTESIAN_POINT('Ctrl Pts',(-9.28822187914557,51.1264172155875,-8.40804343410796));
#1486=CARTESIAN_POINT('Ctrl Pts',(-10.86607284167,51.942148863591,-6.40864737777275));
#1487=CARTESIAN_POINT('Ctrl Pts',(-11.6361869542403,52.4781334672988,-4.87253662037713));
#1488=CARTESIAN_POINT('Ctrl Pts',(-12.2953485561794,53.2949901208451,-2.4078743121984));
#1489=CARTESIAN_POINT('Ctrl Pts',(-12.430671335271,53.5669104983219,-1.56587223051624));
#1490=CARTESIAN_POINT('Ctrl Pts',(-12.4931507286324,53.9156271692121,-0.477892413800825));
#1491=CARTESIAN_POINT('Ctrl Pts',(-12.5,53.9920746708547,-0.238909458462662));
#1492=CARTESIAN_POINT('Ctrl Pts',(-12.5,54.0684799736503,-3.27515792264421E-14));
#1493=CARTESIAN_POINT('Ctrl Pts',(-12.5,52.7458751875962,9.99200722162641E-15));
#1494=CARTESIAN_POINT('Ctrl Pts',(-12.5,52.545854156634,-0.625375982151297));
#1495=CARTESIAN_POINT('Ctrl Pts',(-12.4530677764655,52.3461203000098,-1.25019168753696));
#1496=CARTESIAN_POINT('Ctrl Pts',(-12.2325093451767,51.8741746470653,-2.70859674683045));
#1497=CARTESIAN_POINT('Ctrl Pts',(-12.0203710733057,51.6026520531911,-3.53289965909818));
#1498=CARTESIAN_POINT('Ctrl Pts',(-11.5788314825526,51.1945101058791,-4.72885481258231));
#1499=CARTESIAN_POINT('Ctrl Pts',(-11.4109847392684,51.0583209372092,-5.12063191817331));
#1500=CARTESIAN_POINT('Ctrl Pts',(-10.8616600364175,50.6593015086079,-6.24096932979402));
#1501=CARTESIAN_POINT('Ctrl Pts',(-10.4279981278736,50.3974381242649,-6.94133026764261));
#1502=CARTESIAN_POINT('Ctrl Pts',(-9.41413357566648,49.8633381710567,-8.26690618888317));
#1503=CARTESIAN_POINT('Ctrl Pts',(-8.83242168879858,49.5921639249061,-8.88571305172384));
#1504=CARTESIAN_POINT('Ctrl Pts',(-6.91197620995877,48.7777291142533,-10.5522378724203));
#1505=CARTESIAN_POINT('Ctrl Pts',(-5.41854526918887,48.2430432659169,-11.3914036057202));
#1506=CARTESIAN_POINT('Ctrl Pts',(-2.99804590792512,47.4285273024637,-12.1645619178725));
#1507=CARTESIAN_POINT('Ctrl Pts',(-2.16858490804791,47.1576444997233,-12.339456515944));
#1508=CARTESIAN_POINT('Ctrl Pts',(0.366205398278873,46.3409557457165,-12.6102489292385));
#1509=CARTESIAN_POINT('Ctrl Pts',(2.07954087294649,45.8040368765968,-12.443010744553));
#1510=CARTESIAN_POINT('Ctrl Pts',(4.52064052377429,44.9860053419611,-11.6850389639956));
#1511=CARTESIAN_POINT('Ctrl Pts',(5.30659739512982,44.7137990449715,-11.349731446447));
#1512=CARTESIAN_POINT('Ctrl Pts',(6.42473870185049,44.3049588159799,-10.7309788822124));
#1513=CARTESIAN_POINT('Ctrl Pts',(6.78639584414921,44.1689093531117,-10.5059986524289));
#1514=CARTESIAN_POINT('Ctrl Pts',(7.83465611803438,43.7604618282753,-9.77714328818905));
#1515=CARTESIAN_POINT('Ctrl Pts',(8.4819832136065,43.488561311888,-9.22118633120463));
#1516=CARTESIAN_POINT('Ctrl Pts',(9.65205959798962,42.9445303307057,-7.98801167816378));
#1517=CARTESIAN_POINT('Ctrl Pts',(10.1721003249094,42.6738388751718,-7.31429925390286));
#1518=CARTESIAN_POINT('Ctrl Pts',(11.0687842093354,42.1298504252826,-5.86996520806944));
#1519=CARTESIAN_POINT('Ctrl Pts',(11.442695093957,41.8578522924155,-5.1028625421578));
#1520=CARTESIAN_POINT('Ctrl Pts',(12.0272610672571,41.3145669599462,-3.5088259029667));
#1521=CARTESIAN_POINT('Ctrl Pts',(12.2372522815217,41.0446296443998,-2.68635430352693));
#1522=CARTESIAN_POINT('Ctrl Pts',(12.4254888787008,40.6374077547475,-1.4277982505987));
#1523=CARTESIAN_POINT('Ctrl Pts',(12.4669170285685,40.5010913961289,-1.0036627747311));
#1524=CARTESIAN_POINT('Ctrl Pts',(12.5657688529448,39.8168159600959,1.13090261926956));
#1525=CARTESIAN_POINT('Ctrl Pts',(12.2931610262192,39.2758829045396,2.83823433726532));
#1526=CARTESIAN_POINT('Ctrl Pts',(11.3830045805753,38.4547691002156,5.23491574711397));
#1527=CARTESIAN_POINT('Ctrl Pts',(10.999470611423,38.182466069571,5.99908234988285));
#1528=CARTESIAN_POINT('Ctrl Pts',(10.0831004637953,37.6372102281428,7.43688420776703));
#1529=CARTESIAN_POINT('Ctrl Pts',(9.55284884810377,37.3656284612818,8.10672951237234));
#1530=CARTESIAN_POINT('Ctrl Pts',(8.66186459211067,36.9564801036167,9.0223718786152));
#1531=CARTESIAN_POINT('Ctrl Pts',(8.34971108340868,36.8202097064369,9.31200372357144));
#1532=CARTESIAN_POINT('Ctrl Pts',(6.71238673286898,36.1363077569979,10.6825515403677));
#1533=CARTESIAN_POINT('Ctrl Pts',(5.19008822215458,35.5963504599722,11.4993861828907));
#1534=CARTESIAN_POINT('Ctrl Pts',(2.73489169152895,34.7759420910255,12.2267998554307));
#1535=CARTESIAN_POINT('Ctrl Pts',(1.89629094453391,34.5038862217313,12.3846096558872));
#1536=CARTESIAN_POINT('Ctrl Pts',(0.204130012525308,33.9606325081097,12.5269990695402));
#1537=CARTESIAN_POINT('Ctrl Pts',(-0.644919504899881,33.6907845818034,12.5120546623616));
#1538=CARTESIAN_POINT('Ctrl Pts',(-3.18159282389268,32.8738768060882,12.2083561631389));
#1539=CARTESIAN_POINT('Ctrl Pts',(-4.81782661280779,32.331087607622,11.6599865223732));
#1540=CARTESIAN_POINT('Ctrl Pts',(-6.66120714893403,31.6491987617663,10.5858166641456));
#1541=CARTESIAN_POINT('Ctrl Pts',(-7.0178070107038,31.5133060266043,10.3528540558445));
#1542=CARTESIAN_POINT('Ctrl Pts',(-8.72574612180893,30.8380164433241,9.10821282378152));
#1543=CARTESIAN_POINT('Ctrl Pts',(-9.87426979446986,30.3012975039998,7.84833733711375));
#1544=CARTESIAN_POINT('Ctrl Pts',(-11.382807797114,29.3585767512435,5.31676218518451));
#1545=CARTESIAN_POINT('Ctrl Pts',(-11.8602810151696,28.9593325837631,4.14362836561611));
#1546=CARTESIAN_POINT('Ctrl Pts',(-12.3845570393172,28.2408201836084,1.9606910009363));
#1547=CARTESIAN_POINT('Ctrl Pts',(-12.5,27.9258982208096,0.980913408599233));
#1548=CARTESIAN_POINT('Ctrl Pts',(-12.5,27.6115898921844,-5.69395679474167E-12));
#1549=CARTESIAN_POINT('Origin',(0.,0.,0.));
#1550=CARTESIAN_POINT('',(-12.5,60.3511311593353,-7.65404249467096E-15));
#1551=CARTESIAN_POINT('',(-12.5,59.0288163565786,4.43189279562592E-13));
#1552=CARTESIAN_POINT('',(-12.5,0.,1.53080849893419E-15));
#1553=CARTESIAN_POINT('Ctrl Pts',(-12.5,35.2186952591032,2.02615701994091E-14));
#1554=CARTESIAN_POINT('Ctrl Pts',(-12.5,35.3871390965794,0.526666792872768));
#1555=CARTESIAN_POINT('Ctrl Pts',(-12.4667141123957,35.5554550634066,1.05313975273783));
#1556=CARTESIAN_POINT('Ctrl Pts',(-12.2929502816828,35.9962860890329,2.42012592147412));
#1557=CARTESIAN_POINT('Ctrl Pts',(-12.0998201202714,36.2681321939141,3.25083626457415));
#1558=CARTESIAN_POINT('Ctrl Pts',(-11.5484251651582,36.8120409464675,4.85844840855331));
#1559=CARTESIAN_POINT('Ctrl Pts',(-11.1919208215105,37.082719140611,5.63130431337856));
#1560=CARTESIAN_POINT('Ctrl Pts',(-10.3265719272388,37.6266777973668,7.0948292465153));
#1561=CARTESIAN_POINT('Ctrl Pts',(-9.81957639266008,37.8986721394798,7.78142576760309));
#1562=CARTESIAN_POINT('Ctrl Pts',(-8.67399936532183,38.4434444560529,9.0408111731296));
#1563=CARTESIAN_POINT('Ctrl Pts',(-8.03842279017628,38.7148480176268,9.61032071185995));
#1564=CARTESIAN_POINT('Ctrl Pts',(-6.66050860526058,39.2600635032356,10.6119792853001));
#1565=CARTESIAN_POINT('Ctrl Pts',(-5.92160964171459,39.5322819307766,11.0413351518234));
#1566=CARTESIAN_POINT('Ctrl Pts',(-4.36610787166607,40.078305986163,11.7438107208755));
#1567=CARTESIAN_POINT('Ctrl Pts',(-3.55353127105433,40.3506444260034,12.0146616058375));
#1568=CARTESIAN_POINT('Ctrl Pts',(-1.89349501873047,40.8961178109794,12.3847228734425));
#1569=CARTESIAN_POINT('Ctrl Pts',(-1.05055339762235,41.167243146713,12.4845205732303));
#1570=CARTESIAN_POINT('Ctrl Pts',(1.26314449031676,41.9082012971446,12.5222771834402));
#1571=CARTESIAN_POINT('Ctrl Pts',(2.72312174201498,42.3720997630741,12.2877161574302));
#1572=CARTESIAN_POINT('Ctrl Pts',(4.90858135016745,43.1121528438769,11.5270379030657));
#1573=CARTESIAN_POINT('Ctrl Pts',(5.67774089684365,43.3831134455157,11.168248241441));
#1574=CARTESIAN_POINT('Ctrl Pts',(7.85924663435674,44.1970393357054,9.86667435804672));
#1575=CARTESIAN_POINT('Ctrl Pts',(9.12240568457928,44.7316477777011,8.71212274781599));
#1576=CARTESIAN_POINT('Ctrl Pts',(10.3672861616402,45.4102853880272,6.99647584065158));
#1577=CARTESIAN_POINT('Ctrl Pts',(10.5995687880115,45.5466335134499,6.63930864414251));
#1578=CARTESIAN_POINT('Ctrl Pts',(11.6691856693259,46.2296276256132,4.79495339799109));
#1579=CARTESIAN_POINT('Ctrl Pts',(12.2139959307429,46.7687467662632,3.15911907109823));
#1580=CARTESIAN_POINT('Ctrl Pts',(12.5137342004025,47.587890572794,0.618356527316845));
#1581=CARTESIAN_POINT('Ctrl Pts',(12.5267884196453,47.8600877824033,-0.235810985942257));
#1582=CARTESIAN_POINT('Ctrl Pts',(12.3789475347967,48.405110445868,-1.93313270443229));
#1583=CARTESIAN_POINT('Ctrl Pts',(12.2185274320394,48.6765878534963,-2.77179691430186));
#1584=CARTESIAN_POINT('Ctrl Pts',(11.7295000103378,49.2219698059601,-4.4039944714153));
#1585=CARTESIAN_POINT('Ctrl Pts',(11.4020351343552,49.4941843861239,-5.19326592107531));
#1586=CARTESIAN_POINT('Ctrl Pts',(10.5917078826266,50.0394256536018,-6.69266139507322));
#1587=CARTESIAN_POINT('Ctrl Pts',(10.1110674834199,50.3109453568589,-7.39878624998481));
#1588=CARTESIAN_POINT('Ctrl Pts',(9.01741298296503,50.8553754178072,-8.69783660001278));
#1589=CARTESIAN_POINT('Ctrl Pts',(8.40804343410798,51.1264172155875,-9.28822187914556));
#1590=CARTESIAN_POINT('Ctrl Pts',(6.40864737777272,51.942148863591,-10.86607284167));
#1591=CARTESIAN_POINT('Ctrl Pts',(4.87253662037706,52.4781334672989,-11.6361869542404));
#1592=CARTESIAN_POINT('Ctrl Pts',(2.40787431219813,53.2949901208452,-12.2953485561795));
#1593=CARTESIAN_POINT('Ctrl Pts',(1.56587223051603,53.5669104983219,-12.430671335271));
#1594=CARTESIAN_POINT('Ctrl Pts',(-0.13016330581657,54.1105197242053,-12.5280695312682));
#1595=CARTESIAN_POINT('Ctrl Pts',(-0.979756400257489,54.3808642027468,-12.4903808530626));
#1596=CARTESIAN_POINT('Ctrl Pts',(-2.66087283747803,54.9242914590639,-12.2431151798267));
#1597=CARTESIAN_POINT('Ctrl Pts',(-3.48789525988948,55.1961553584668,-12.0336449826355));
#1598=CARTESIAN_POINT('Ctrl Pts',(-5.07905623136283,55.738235688118,-11.4526787902412));
#1599=CARTESIAN_POINT('Ctrl Pts',(-5.83963630638446,56.0070330108345,-11.0841889902158));
#1600=CARTESIAN_POINT('Ctrl Pts',(-6.92004823961652,56.4132420156041,-10.4184678522177));
#1601=CARTESIAN_POINT('Ctrl Pts',(-7.27110831489856,56.5496985499279,-10.1765656882352));
#1602=CARTESIAN_POINT('Ctrl Pts',(-8.28570989261682,56.9594770650355,-9.39810004717959));
#1603=CARTESIAN_POINT('Ctrl Pts',(-8.90747434810768,57.23186067848,-8.81104219677196));
#1604=CARTESIAN_POINT('Ctrl Pts',(-9.74286732396967,57.6407762176959,-7.84270003973225));
#1605=CARTESIAN_POINT('Ctrl Pts',(-10.0044249416013,57.7768024374307,-7.50619090474369));
#1606=CARTESIAN_POINT('Ctrl Pts',(-11.2237012276242,58.4574376683679,-5.76027269778565));
#1607=CARTESIAN_POINT('Ctrl Pts',(-11.9033331578318,58.998389463632,-4.17883164349442));
#1608=CARTESIAN_POINT('Ctrl Pts',(-12.4147047839624,59.8127373708071,-1.68404110875356));
#1609=CARTESIAN_POINT('Ctrl Pts',(-12.5,60.0813440415357,-0.843084743123938));
#1610=CARTESIAN_POINT('Ctrl Pts',(-12.5,60.3511311593353,3.60822483003176E-15));
#1611=CARTESIAN_POINT('Ctrl Pts',(-12.5,59.0288163565786,9.20791221048489E-13));
#1612=CARTESIAN_POINT('Ctrl Pts',(-12.5000000000001,58.5749604274234,-1.41767622878864));
#1613=CARTESIAN_POINT('Ctrl Pts',(-12.2587703888381,58.1252495706459,-2.82730576231614));
#1614=CARTESIAN_POINT('Ctrl Pts',(-11.5027213472845,57.3983295793425,-4.96518577152931));
#1615=CARTESIAN_POINT('Ctrl Pts',(-11.1404107503981,57.1273447784262,-5.73210654293198));
#1616=CARTESIAN_POINT('Ctrl Pts',(-9.91945256892824,56.3701953514452,-7.75616014067757));
#1617=CARTESIAN_POINT('Ctrl Pts',(-8.90528144466383,55.8905226532009,-8.90225115796899));
#1618=CARTESIAN_POINT('Ctrl Pts',(-7.04097789882549,55.1330244425191,-10.3633147848485));
#1619=CARTESIAN_POINT('Ctrl Pts',(-6.31961221045093,54.8611523416657,-10.8183226026338));
#1620=CARTESIAN_POINT('Ctrl Pts',(-4.7973218323091,54.3173134732186,-11.5739479538957));
#1621=CARTESIAN_POINT('Ctrl Pts',(-4.00051654504709,54.0466639177896,-11.872927038511));
#1622=CARTESIAN_POINT('Ctrl Pts',(-2.35643074579721,53.5025407000186,-12.305353018998));
#1623=CARTESIAN_POINT('Ctrl Pts',(-1.51327787614881,53.2305164908899,-12.4372233343299));
#1624=CARTESIAN_POINT('Ctrl Pts',(0.182848330162523,52.6870419008956,-12.5273510105023));
#1625=CARTESIAN_POINT('Ctrl Pts',(1.03135889629217,52.4169354579054,-12.4861624348006));
#1626=CARTESIAN_POINT('Ctrl Pts',(2.70859674683041,51.8741746470653,-12.2325093451767));
#1627=CARTESIAN_POINT('Ctrl Pts',(3.53289965909811,51.6026520531911,-12.0203710733057));
#1628=CARTESIAN_POINT('Ctrl Pts',(4.72885481258244,51.194510105879,-11.5788314825526));
#1629=CARTESIAN_POINT('Ctrl Pts',(5.12063191817333,51.0583209372092,-11.4109847392684));
#1630=CARTESIAN_POINT('Ctrl Pts',(6.24096932979407,50.6593015086079,-10.8616600364174));
#1631=CARTESIAN_POINT('Ctrl Pts',(6.94133026764276,50.3974381242649,-10.4279981278736));
#1632=CARTESIAN_POINT('Ctrl Pts',(8.26690618888338,49.8633381710567,-9.41413357566629));
#1633=CARTESIAN_POINT('Ctrl Pts',(8.88571305172403,49.592163924906,-8.83242168879841));
#1634=CARTESIAN_POINT('Ctrl Pts',(10.5522378724205,48.7777291142532,-6.91197620995852));
#1635=CARTESIAN_POINT('Ctrl Pts',(11.3914036057203,48.2430432659169,-5.41854526918866));
#1636=CARTESIAN_POINT('Ctrl Pts',(12.1645619178725,47.4285273024637,-2.99804590792507));
#1637=CARTESIAN_POINT('Ctrl Pts',(12.3394565159441,47.1576444997233,-2.16858490804778));
#1638=CARTESIAN_POINT('Ctrl Pts',(12.6102489292385,46.3409557457165,0.366205398279146));
#1639=CARTESIAN_POINT('Ctrl Pts',(12.4430107445529,45.8040368765967,2.07954087294676));
#1640=CARTESIAN_POINT('Ctrl Pts',(11.6850389639955,44.986005341961,4.52064052377451));
#1641=CARTESIAN_POINT('Ctrl Pts',(11.3497314464469,44.7137990449715,5.30659739513003));
#1642=CARTESIAN_POINT('Ctrl Pts',(10.7309788822123,44.3049588159798,6.42473870185063));
#1643=CARTESIAN_POINT('Ctrl Pts',(10.5059986524288,44.1689093531116,6.78639584414938));
#1644=CARTESIAN_POINT('Ctrl Pts',(9.77714328818891,43.7604618282752,7.83465611803456));
#1645=CARTESIAN_POINT('Ctrl Pts',(9.22118633120448,43.4885613118879,8.48198321360667));
#1646=CARTESIAN_POINT('Ctrl Pts',(7.9880116781636,42.9445303307056,9.65205959798978));
#1647=CARTESIAN_POINT('Ctrl Pts',(7.31429925390267,42.6738388751717,10.1721003249095));
#1648=CARTESIAN_POINT('Ctrl Pts',(5.86996520806927,42.1298504252825,11.0687842093355));
#1649=CARTESIAN_POINT('Ctrl Pts',(5.10286254215763,41.8578522924154,11.4426950939571));
#1650=CARTESIAN_POINT('Ctrl Pts',(3.50882590296663,41.3145669599462,12.0272610672571));
#1651=CARTESIAN_POINT('Ctrl Pts',(2.68635430352686,41.0446296443998,12.2372522815217));
#1652=CARTESIAN_POINT('Ctrl Pts',(1.4277982505986,40.6374077547475,12.4254888787008));
#1653=CARTESIAN_POINT('Ctrl Pts',(1.00366277473097,40.5010913961288,12.4669170285685));
#1654=CARTESIAN_POINT('Ctrl Pts',(-1.13090261926967,39.8168159600959,12.5657688529448));
#1655=CARTESIAN_POINT('Ctrl Pts',(-2.83823433726543,39.2758829045395,12.2931610262191));
#1656=CARTESIAN_POINT('Ctrl Pts',(-5.23491574711405,38.4547691002156,11.3830045805753));
#1657=CARTESIAN_POINT('Ctrl Pts',(-5.99908234988292,38.182466069571,10.999470611423));
#1658=CARTESIAN_POINT('Ctrl Pts',(-7.43688420776709,37.6372102281428,10.0831004637953));
#1659=CARTESIAN_POINT('Ctrl Pts',(-8.1067295123724,37.3656284612818,9.55284884810372));
#1660=CARTESIAN_POINT('Ctrl Pts',(-9.0223718786153,36.9564801036166,8.66186459211058));
#1661=CARTESIAN_POINT('Ctrl Pts',(-9.31200372357154,36.8202097064368,8.34971108340857));
#1662=CARTESIAN_POINT('Ctrl Pts',(-10.6825515403678,36.1363077569978,6.71238673286888));
#1663=CARTESIAN_POINT('Ctrl Pts',(-11.4993861828908,35.5963504599722,5.19008822215447));
#1664=CARTESIAN_POINT('Ctrl Pts',(-12.2267998554307,34.7759420910254,2.73489169152883));
#1665=CARTESIAN_POINT('Ctrl Pts',(-12.3846096558873,34.5038862217312,1.89629094453376));
#1666=CARTESIAN_POINT('Ctrl Pts',(-12.4853318129098,34.1196042414724,0.699305194479799));
#1667=CARTESIAN_POINT('Ctrl Pts',(-12.5,34.0077991613385,0.349622999712005));
#1668=CARTESIAN_POINT('Ctrl Pts',(-12.5,33.8960421872666,-2.32452945780892E-14));
#1669=CARTESIAN_POINT('Origin',(0.,69.1150383789755,0.));
#1670=CARTESIAN_POINT('',(2.6,69.1150383789755,-3.18408167778312E-16));
#1671=CARTESIAN_POINT('Origin',(0.,69.1150383789755,0.));
#1672=CARTESIAN_POINT('',(2.6,49.1150383789755,-3.18408167778312E-16));
#1673=CARTESIAN_POINT('',(2.6,69.1150383789755,3.18408167778312E-16));
#1674=CARTESIAN_POINT('Origin',(0.,49.1150383789755,0.));
#1675=CARTESIAN_POINT('Origin',(0.,49.1150383789755,0.));
#1676=CARTESIAN_POINT('Origin',(0.,0.,0.));
#1677=CARTESIAN_POINT('',(-3.6175022359767E-14,65.3125749842563,12.5));
#1678=CARTESIAN_POINT('Ctrl Pts',(-3.33066907387547E-15,65.3125749842563,
12.5));
#1679=CARTESIAN_POINT('Ctrl Pts',(-1.22729929086848,64.9198392111783,12.5));
#1680=CARTESIAN_POINT('Ctrl Pts',(-2.44801270051257,64.5282318310696,12.3192430625759));
#1681=CARTESIAN_POINT('Ctrl Pts',(-4.79627339162775,63.7435607864414,11.60815379862));
#1682=CARTESIAN_POINT('Ctrl Pts',(-5.91105387868182,63.3540753526656,11.082076420026));
#1683=CARTESIAN_POINT('Ctrl Pts',(-7.6399796091727,62.6883832457231,9.93005389211177));
#1684=CARTESIAN_POINT('Ctrl Pts',(-8.29863355839642,62.4162054716832,9.38659584111258));
#1685=CARTESIAN_POINT('Ctrl Pts',(-9.49096955369216,61.8732645349353,8.17842787195283));
#1686=CARTESIAN_POINT('Ctrl Pts',(-10.0223904308033,61.6038527672959,7.51777157913536));
#1687=CARTESIAN_POINT('Ctrl Pts',(-10.9465338009926,61.0612427438316,6.09487858065567));
#1688=CARTESIAN_POINT('Ctrl Pts',(-11.335942708173,60.7893454384604,5.33577263655116));
#1689=CARTESIAN_POINT('Ctrl Pts',(-11.9534551552927,60.2456405849335,3.75289915250972));
#1690=CARTESIAN_POINT('Ctrl Pts',(-12.1804820668865,59.9752263895909,2.9334511694285));
#1691=CARTESIAN_POINT('Ctrl Pts',(-12.3942276263255,59.5674143159901,1.67762194292054));
#1692=CARTESIAN_POINT('Ctrl Pts',(-12.4441749109254,59.4310820217754,1.25450656382767));
#1693=CARTESIAN_POINT('Ctrl Pts',(-12.4908332002898,59.2059182547893,0.553100930635414));
#1694=CARTESIAN_POINT('Ctrl Pts',(-12.5,59.1173011740482,0.276393485856353));
#1695=CARTESIAN_POINT('Ctrl Pts',(-12.5,59.0288163565786,9.06635877484518E-13));
#1696=CARTESIAN_POINT('',(-8.41944674413805E-15,60.3511311593353,12.5));
#1697=CARTESIAN_POINT('',(-8.41944674413805E-15,0.,12.5));
#1698=CARTESIAN_POINT('Ctrl Pts',(-12.5,54.0684799736503,-1.2490009027033E-14));
#1699=CARTESIAN_POINT('Ctrl Pts',(-12.5,54.2630598402937,0.60842597132178));
#1700=CARTESIAN_POINT('Ctrl Pts',(-12.4555773630361,54.4573534495067,1.21637929412938));
#1701=CARTESIAN_POINT('Ctrl Pts',(-12.2431151798268,54.9242914590639,2.6608728374779));
#1702=CARTESIAN_POINT('Ctrl Pts',(-12.0336449826356,55.1961553584668,3.48789525988935));
#1703=CARTESIAN_POINT('Ctrl Pts',(-11.4526787902412,55.738235688118,5.07905623136268));
#1704=CARTESIAN_POINT('Ctrl Pts',(-11.0841889902159,56.0070330108345,5.83963630638434));
#1705=CARTESIAN_POINT('Ctrl Pts',(-10.4184678522177,56.4132420156041,6.92004823961652));
#1706=CARTESIAN_POINT('Ctrl Pts',(-10.1765656882351,56.549698549928,7.27110831489864));
#1707=CARTESIAN_POINT('Ctrl Pts',(-9.39810004717971,56.9594770650354,8.28570989261667));
#1708=CARTESIAN_POINT('Ctrl Pts',(-8.81104219677205,57.23186067848,8.9074743481076));
#1709=CARTESIAN_POINT('Ctrl Pts',(-7.84270003973221,57.6407762176959,9.7428673239697));
#1710=CARTESIAN_POINT('Ctrl Pts',(-7.50619090474367,57.7768024374307,10.0044249416013));
#1711=CARTESIAN_POINT('Ctrl Pts',(-5.76027269778566,58.4574376683679,11.2237012276241));
#1712=CARTESIAN_POINT('Ctrl Pts',(-4.17883164349446,58.998389463632,11.9033331578318));
#1713=CARTESIAN_POINT('Ctrl Pts',(-1.68404110875358,59.8127373708071,12.4147047839624));
#1714=CARTESIAN_POINT('Ctrl Pts',(-0.843084743123956,60.0813440415356,12.5));
#1715=CARTESIAN_POINT('Ctrl Pts',(-6.10622663543836E-15,60.3511311593353,
12.5));
#1716=CARTESIAN_POINT('',(12.5,65.3125749842563,3.6940426609234E-14));
#1717=CARTESIAN_POINT('Ctrl Pts',(12.5,65.3125749842563,1.19348975147204E-14));
#1718=CARTESIAN_POINT('Ctrl Pts',(12.5,64.9198392111783,1.22729929086857));
#1719=CARTESIAN_POINT('Ctrl Pts',(12.3192430625759,64.5282318310695,2.44801270051275));
#1720=CARTESIAN_POINT('Ctrl Pts',(11.6081537986198,63.7435607864413,4.79627339162811));
#1721=CARTESIAN_POINT('Ctrl Pts',(11.0820764200258,63.3540753526655,5.91105387868224));
#1722=CARTESIAN_POINT('Ctrl Pts',(9.93005389211149,62.688383245723,7.63997960917305));
#1723=CARTESIAN_POINT('Ctrl Pts',(9.38659584111225,62.4162054716831,8.29863355839679));
#1724=CARTESIAN_POINT('Ctrl Pts',(8.17842787195242,61.8732645349352,9.49096955369251));
#1725=CARTESIAN_POINT('Ctrl Pts',(7.51777157913495,61.6038527672957,10.0223904308036));
#1726=CARTESIAN_POINT('Ctrl Pts',(6.09487858065526,61.0612427438315,10.9465338009928));
#1727=CARTESIAN_POINT('Ctrl Pts',(5.33577263655076,60.7893454384602,11.3359427081732));
#1728=CARTESIAN_POINT('Ctrl Pts',(3.7528991525093,60.2456405849334,11.9534551552928));
#1729=CARTESIAN_POINT('Ctrl Pts',(2.93345116942808,59.9752263895907,12.1804820668866));
#1730=CARTESIAN_POINT('Ctrl Pts',(1.6776219429201,59.56741431599,12.3942276263256));
#1731=CARTESIAN_POINT('Ctrl Pts',(1.2545065638272,59.4310820217753,12.4441749109255));
#1732=CARTESIAN_POINT('Ctrl Pts',(-0.865529002056086,58.750512645698,12.5852020544421));
#1733=CARTESIAN_POINT('Ctrl Pts',(-2.56599519043082,58.2141001505773,12.3511813784963));
#1734=CARTESIAN_POINT('Ctrl Pts',(-4.96518577152989,57.3983295793423,11.5027213472842));
#1735=CARTESIAN_POINT('Ctrl Pts',(-5.73210654293244,57.127344778426,11.1404107503978));
#1736=CARTESIAN_POINT('Ctrl Pts',(-7.75616014067783,56.370195351445,9.91945256892804));
#1737=CARTESIAN_POINT('Ctrl Pts',(-8.90225115796909,55.8905226532009,8.90528144466369));
#1738=CARTESIAN_POINT('Ctrl Pts',(-10.3633147848485,55.1330244425191,7.0409778988255));
#1739=CARTESIAN_POINT('Ctrl Pts',(-10.8183226026338,54.8611523416657,6.31961221045098));
#1740=CARTESIAN_POINT('Ctrl Pts',(-11.5739479538957,54.3173134732186,4.79732183230911));
#1741=CARTESIAN_POINT('Ctrl Pts',(-11.872927038511,54.0466639177896,4.0005165450471));
#1742=CARTESIAN_POINT('Ctrl Pts',(-12.305353018998,53.5025407000186,2.35643074579725));
#1743=CARTESIAN_POINT('Ctrl Pts',(-12.4372233343299,53.2305164908899,1.51327787614883));
#1744=CARTESIAN_POINT('Ctrl Pts',(-12.4941337931694,52.8873434546181,0.442271446710756));
#1745=CARTESIAN_POINT('Ctrl Pts',(-12.5,52.8165922252478,0.221100434606213));
#1746=CARTESIAN_POINT('Ctrl Pts',(-12.5,52.7458751875962,6.86950496486816E-15));
#1747=CARTESIAN_POINT('',(12.5,60.3511311593353,9.18485099360515E-15));
#1748=CARTESIAN_POINT('',(12.5,0.,9.18485099360515E-15));
#1749=CARTESIAN_POINT('Ctrl Pts',(-12.5,47.7851167327949,-1.49880108324396E-14));
#1750=CARTESIAN_POINT('Ctrl Pts',(-12.5,47.9009507032624,0.361832393746383));
#1751=CARTESIAN_POINT('Ctrl Pts',(-12.4842889937674,48.0167639975885,0.723735545104921));
#1752=CARTESIAN_POINT('Ctrl Pts',(-12.3789475347966,48.405110445868,1.93313270443238));
#1753=CARTESIAN_POINT('Ctrl Pts',(-12.2185274320394,48.6765878534963,2.77179691430193));
#1754=CARTESIAN_POINT('Ctrl Pts',(-11.7295000103378,49.2219698059601,4.40399447141554));
#1755=CARTESIAN_POINT('Ctrl Pts',(-11.4020351343551,49.494184386124,5.19326592107551));
#1756=CARTESIAN_POINT('Ctrl Pts',(-10.5917078826265,50.0394256536019,6.69266139507341));
#1757=CARTESIAN_POINT('Ctrl Pts',(-10.1110674834198,50.3109453568589,7.39878624998501));
#1758=CARTESIAN_POINT('Ctrl Pts',(-9.01741298296488,50.8553754178072,8.69783660001292));
#1759=CARTESIAN_POINT('Ctrl Pts',(-8.40804343410779,51.1264172155876,9.28822187914573));
#1760=CARTESIAN_POINT('Ctrl Pts',(-6.40864737777252,51.9421488635911,10.8660728416701));
#1761=CARTESIAN_POINT('Ctrl Pts',(-4.87253662037691,52.4781334672989,11.6361869542404));
#1762=CARTESIAN_POINT('Ctrl Pts',(-2.40787431219831,53.2949901208452,12.2953485561795));
#1763=CARTESIAN_POINT('Ctrl Pts',(-1.56587223051614,53.5669104983219,12.430671335271));
#1764=CARTESIAN_POINT('Ctrl Pts',(0.130163305816639,54.1105197242053,12.5280695312682));
#1765=CARTESIAN_POINT('Ctrl Pts',(0.979756400257494,54.3808642027468,12.4903808530626));
#1766=CARTESIAN_POINT('Ctrl Pts',(2.66087283747796,54.9242914590639,12.2431151798267));
#1767=CARTESIAN_POINT('Ctrl Pts',(3.4878952598894,55.1961553584668,12.0336449826356));
#1768=CARTESIAN_POINT('Ctrl Pts',(5.0790562313626,55.7382356881179,11.4526787902412));
#1769=CARTESIAN_POINT('Ctrl Pts',(5.83963630638433,56.0070330108344,11.0841889902159));
#1770=CARTESIAN_POINT('Ctrl Pts',(6.92004823961657,56.4132420156041,10.4184678522177));
#1771=CARTESIAN_POINT('Ctrl Pts',(7.27110831489869,56.549698549928,10.1765656882351));
#1772=CARTESIAN_POINT('Ctrl Pts',(8.28570989261671,56.9594770650354,9.39810004717968));
#1773=CARTESIAN_POINT('Ctrl Pts',(8.90747434810761,57.23186067848,8.81104219677204));
#1774=CARTESIAN_POINT('Ctrl Pts',(9.74286732396977,57.6407762176959,7.84270003973214));
#1775=CARTESIAN_POINT('Ctrl Pts',(10.0044249416013,57.7768024374307,7.50619090474363));
#1776=CARTESIAN_POINT('Ctrl Pts',(11.2237012276241,58.4574376683679,5.76027269778566));
#1777=CARTESIAN_POINT('Ctrl Pts',(11.9033331578318,58.998389463632,4.17883164349447));
#1778=CARTESIAN_POINT('Ctrl Pts',(12.4147047839624,59.8127373708071,1.68404110875357));
#1779=CARTESIAN_POINT('Ctrl Pts',(12.5,60.0813440415356,0.843084743123958));
#1780=CARTESIAN_POINT('Ctrl Pts',(12.5,60.3511311593353,1.02695629777827E-14));
#1781=CARTESIAN_POINT('',(3.77058308587012E-14,65.3125749842563,-12.5));
#1782=CARTESIAN_POINT('Ctrl Pts',(1.47104550762833E-14,65.3125749842563,
-12.5));
#1783=CARTESIAN_POINT('Ctrl Pts',(1.22729929086871,64.9198392111783,-12.5));
#1784=CARTESIAN_POINT('Ctrl Pts',(2.448012700513,64.5282318310694,-12.3192430625758));
#1785=CARTESIAN_POINT('Ctrl Pts',(4.79627339162854,63.7435607864411,-11.6081537986197));
#1786=CARTESIAN_POINT('Ctrl Pts',(5.91105387868276,63.3540753526653,-11.0820764200255));
#1787=CARTESIAN_POINT('Ctrl Pts',(7.63997960917369,62.6883832457227,-9.93005389211101));
#1788=CARTESIAN_POINT('Ctrl Pts',(8.29863355839737,62.4162054716829,-9.38659584111174));
#1789=CARTESIAN_POINT('Ctrl Pts',(9.49096955369299,61.8732645349349,-8.17842787195186));
#1790=CARTESIAN_POINT('Ctrl Pts',(10.0223904308041,61.6038527672955,-7.51777157913436));
#1791=CARTESIAN_POINT('Ctrl Pts',(10.9465338009932,61.0612427438312,-6.09487858065457));
#1792=CARTESIAN_POINT('Ctrl Pts',(11.3359427081735,60.78934543846,-5.33577263655));
#1793=CARTESIAN_POINT('Ctrl Pts',(11.9534551552931,60.2456405849331,-3.75289915250856));
#1794=CARTESIAN_POINT('Ctrl Pts',(12.1804820668868,59.9752263895905,-2.93345116942734));
#1795=CARTESIAN_POINT('Ctrl Pts',(12.3942276263256,59.5674143159897,-1.67762194291944));
#1796=CARTESIAN_POINT('Ctrl Pts',(12.4441749109255,59.4310820217751,-1.25450656382662));
#1797=CARTESIAN_POINT('Ctrl Pts',(12.5852020544421,58.7505126456977,0.865529002056949));
#1798=CARTESIAN_POINT('Ctrl Pts',(12.3511813784961,58.214100150577,2.56599519043174));
#1799=CARTESIAN_POINT('Ctrl Pts',(11.5027213472839,57.398329579342,4.96518577153074));
#1800=CARTESIAN_POINT('Ctrl Pts',(11.1404107503974,57.1273447784257,5.73210654293332));
#1801=CARTESIAN_POINT('Ctrl Pts',(9.91945256892756,56.3701953514448,7.75616014067837));
#1802=CARTESIAN_POINT('Ctrl Pts',(8.90528144466338,55.8905226532008,8.90225115796934));
#1803=CARTESIAN_POINT('Ctrl Pts',(7.04097789882546,55.1330244425191,10.3633147848485));
#1804=CARTESIAN_POINT('Ctrl Pts',(6.31961221045096,54.8611523416657,10.8183226026338));
#1805=CARTESIAN_POINT('Ctrl Pts',(4.7973218323091,54.3173134732186,11.5739479538957));
#1806=CARTESIAN_POINT('Ctrl Pts',(4.00051654504709,54.0466639177896,11.872927038511));
#1807=CARTESIAN_POINT('Ctrl Pts',(2.35643074579721,53.5025407000186,12.305353018998));
#1808=CARTESIAN_POINT('Ctrl Pts',(1.51327787614881,53.2305164908899,12.4372233343299));
#1809=CARTESIAN_POINT('Ctrl Pts',(-0.182848330162527,52.6870419008956,12.5273510105023));
#1810=CARTESIAN_POINT('Ctrl Pts',(-1.03135889629217,52.4169354579054,12.4861624348006));
#1811=CARTESIAN_POINT('Ctrl Pts',(-2.70859674683037,51.8741746470653,12.2325093451767));
#1812=CARTESIAN_POINT('Ctrl Pts',(-3.53289965909803,51.6026520531912,12.0203710733057));
#1813=CARTESIAN_POINT('Ctrl Pts',(-4.72885481258252,51.194510105879,11.5788314825526));
#1814=CARTESIAN_POINT('Ctrl Pts',(-5.12063191817336,51.0583209372092,11.4109847392683));
#1815=CARTESIAN_POINT('Ctrl Pts',(-6.24096932979429,50.6593015086079,10.8616600364173));
#1816=CARTESIAN_POINT('Ctrl Pts',(-6.94133026764319,50.3974381242647,10.4279981278733));
#1817=CARTESIAN_POINT('Ctrl Pts',(-8.26690618888395,49.8633381710564,9.41413357566579));
#1818=CARTESIAN_POINT('Ctrl Pts',(-8.88571305172456,49.5921639249058,8.83242168879786));
#1819=CARTESIAN_POINT('Ctrl Pts',(-10.5522378724209,48.777729114253,6.91197620995789));
#1820=CARTESIAN_POINT('Ctrl Pts',(-11.3914036057207,48.2430432659166,5.41854526918787));
#1821=CARTESIAN_POINT('Ctrl Pts',(-12.1645619178728,47.4285273024633,2.99804590792401));
#1822=CARTESIAN_POINT('Ctrl Pts',(-12.3394565159442,47.1576444997229,2.16858490804676));
#1823=CARTESIAN_POINT('Ctrl Pts',(-12.4764865444822,46.7443726435924,0.885896136274153));
#1824=CARTESIAN_POINT('Ctrl Pts',(-12.5,46.6025378179323,0.4426723925489));
#1825=CARTESIAN_POINT('Ctrl Pts',(-12.5,46.461023205764,7.09987624247788E-13));
#1826=CARTESIAN_POINT('',(9.95025524307224E-15,60.3511311593353,-12.5));
#1827=CARTESIAN_POINT('',(9.95025524307225E-15,0.,-12.5));
#1828=CARTESIAN_POINT('Ctrl Pts',(-12.5,41.5036643760484,3.88578058618805E-15));
#1829=CARTESIAN_POINT('Ctrl Pts',(-12.5,41.951261982472,1.39831794136971));
#1830=CARTESIAN_POINT('Ctrl Pts',(-12.2653569540678,42.3938527147823,2.78736064399322));
#1831=CARTESIAN_POINT('Ctrl Pts',(-11.5270379030658,43.1121528438768,4.9085813501673));
#1832=CARTESIAN_POINT('Ctrl Pts',(-11.168248241441,43.3831134455156,5.67774089684351));
#1833=CARTESIAN_POINT('Ctrl Pts',(-9.86667435804678,44.1970393357054,7.85924663435666));
#1834=CARTESIAN_POINT('Ctrl Pts',(-8.71212274781604,44.731647777701,9.12240568457922));
#1835=CARTESIAN_POINT('Ctrl Pts',(-6.99647584065165,45.4102853880271,10.3672861616402));
#1836=CARTESIAN_POINT('Ctrl Pts',(-6.63930864414261,45.5466335134499,10.5995687880115));
#1837=CARTESIAN_POINT('Ctrl Pts',(-4.79495339799114,46.2296276256132,11.6691856693259));
#1838=CARTESIAN_POINT('Ctrl Pts',(-3.15911907109822,46.7687467662632,12.213995930743));
#1839=CARTESIAN_POINT('Ctrl Pts',(-0.618356527316528,47.5878905727941,12.5137342004026));
#1840=CARTESIAN_POINT('Ctrl Pts',(0.235810985942471,47.8600877824033,12.5267884196453));
#1841=CARTESIAN_POINT('Ctrl Pts',(1.93313270443236,48.405110445868,12.3789475347966));
#1842=CARTESIAN_POINT('Ctrl Pts',(2.77179691430188,48.6765878534963,12.2185274320394));
#1843=CARTESIAN_POINT('Ctrl Pts',(4.40399447141559,49.2219698059602,11.7295000103377));
#1844=CARTESIAN_POINT('Ctrl Pts',(5.19326592107553,49.494184386124,11.4020351343551));
#1845=CARTESIAN_POINT('Ctrl Pts',(6.69266139507339,50.0394256536019,10.5917078826265));
#1846=CARTESIAN_POINT('Ctrl Pts',(7.39878624998498,50.3109453568589,10.1110674834198));
#1847=CARTESIAN_POINT('Ctrl Pts',(8.69783660001295,50.8553754178072,9.01741298296486));
#1848=CARTESIAN_POINT('Ctrl Pts',(9.28822187914574,51.1264172155876,8.40804343410778));
#1849=CARTESIAN_POINT('Ctrl Pts',(10.8660728416701,51.9421488635911,6.40864737777252));
#1850=CARTESIAN_POINT('Ctrl Pts',(11.6361869542404,52.4781334672989,4.87253662037693));
#1851=CARTESIAN_POINT('Ctrl Pts',(12.2953485561795,53.2949901208452,2.40787431219831));
#1852=CARTESIAN_POINT('Ctrl Pts',(12.430671335271,53.5669104983219,1.56587223051614));
#1853=CARTESIAN_POINT('Ctrl Pts',(12.5280695312682,54.1105197242053,-0.130163305816638));
#1854=CARTESIAN_POINT('Ctrl Pts',(12.4903808530626,54.3808642027468,-0.979756400257493));
#1855=CARTESIAN_POINT('Ctrl Pts',(12.2431151798267,54.9242914590638,-2.66087283747791));
#1856=CARTESIAN_POINT('Ctrl Pts',(12.0336449826356,55.1961553584668,-3.48789525988931));
#1857=CARTESIAN_POINT('Ctrl Pts',(11.4526787902412,55.738235688118,-5.07905623136268));
#1858=CARTESIAN_POINT('Ctrl Pts',(11.0841889902159,56.0070330108345,-5.83963630638434));
#1859=CARTESIAN_POINT('Ctrl Pts',(10.4184678522177,56.4132420156041,-6.92004823961655));
#1860=CARTESIAN_POINT('Ctrl Pts',(10.1765656882351,56.549698549928,-7.27110831489869));
#1861=CARTESIAN_POINT('Ctrl Pts',(9.39810004717976,56.9594770650354,-8.2857098926166));
#1862=CARTESIAN_POINT('Ctrl Pts',(8.81104219677211,57.23186067848,-8.90747434810754));
#1863=CARTESIAN_POINT('Ctrl Pts',(7.84270003973227,57.6407762176959,-9.74286732396965));
#1864=CARTESIAN_POINT('Ctrl Pts',(7.50619090474374,57.7768024374307,-10.0044249416012));
#1865=CARTESIAN_POINT('Ctrl Pts',(5.76027269778574,58.4574376683679,-11.2237012276241));
#1866=CARTESIAN_POINT('Ctrl Pts',(4.17883164349451,58.998389463632,-11.9033331578318));
#1867=CARTESIAN_POINT('Ctrl Pts',(1.68404110875362,59.812737370807,-12.4147047839624));
#1868=CARTESIAN_POINT('Ctrl Pts',(0.843084743123994,60.0813440415356,-12.5));
#1869=CARTESIAN_POINT('Ctrl Pts',(4.9960036108132E-15,60.3511311593353,
-12.5));
#1870=CARTESIAN_POINT('',(-12.5,65.3125749842563,-3.54096181102999E-14));
#1871=CARTESIAN_POINT('Ctrl Pts',(-12.5,65.3125749842563,-8.88178419700125E-15));
#1872=CARTESIAN_POINT('Ctrl Pts',(-12.5,64.9198392111785,-1.22729929086804));
#1873=CARTESIAN_POINT('Ctrl Pts',(-12.319243062576,64.5282318310699,-2.44801270051163));
#1874=CARTESIAN_POINT('Ctrl Pts',(-11.6081537986206,63.743560786442,-4.79627339162598));
#1875=CARTESIAN_POINT('Ctrl Pts',(-11.0820764200271,63.3540753526664,-5.91105387867972));
#1876=CARTESIAN_POINT('Ctrl Pts',(-9.93005389211352,62.688383245724,-7.63997960917042));
#1877=CARTESIAN_POINT('Ctrl Pts',(-9.38659584111448,62.4162054716842,-8.29863355839427));
#1878=CARTESIAN_POINT('Ctrl Pts',(-8.17842787195495,61.8732645349362,-9.49096955369034));
#1879=CARTESIAN_POINT('Ctrl Pts',(-7.51777157913761,61.6038527672968,-10.0223904308016));
#1880=CARTESIAN_POINT('Ctrl Pts',(-6.09487858065815,61.0612427438325,-10.9465338009912));
#1881=CARTESIAN_POINT('Ctrl Pts',(-5.33577263655373,60.7893454384613,-11.3359427081718));
#1882=CARTESIAN_POINT('Ctrl Pts',(-3.75289915251257,60.2456405849345,-11.9534551552918));
#1883=CARTESIAN_POINT('Ctrl Pts',(-2.93345116943144,59.9752263895918,-12.1804820668858));
#1884=CARTESIAN_POINT('Ctrl Pts',(-1.67762194292352,59.5674143159911,-12.3942276263251));
#1885=CARTESIAN_POINT('Ctrl Pts',(-1.2545065638306,59.4310820217763,-12.4441749109251));
#1886=CARTESIAN_POINT('Ctrl Pts',(0.865529002052397,58.7505126456991,-12.5852020544423));
#1887=CARTESIAN_POINT('Ctrl Pts',(2.56599519042694,58.2141001505785,-12.3511813784971));
#1888=CARTESIAN_POINT('Ctrl Pts',(4.96518577152595,57.3983295793436,-11.5027213472859));
#1889=CARTESIAN_POINT('Ctrl Pts',(5.73210654292867,57.1273447784274,-11.1404107503998));
#1890=CARTESIAN_POINT('Ctrl Pts',(7.75616014067539,56.3701953514461,-9.91945256893009));
#1891=CARTESIAN_POINT('Ctrl Pts',(8.9022511579677,55.8905226532016,-8.90528144466527));
#1892=CARTESIAN_POINT('Ctrl Pts',(10.363314784848,55.1330244425194,-7.04097789882633));
#1893=CARTESIAN_POINT('Ctrl Pts',(10.8183226026333,54.861152341666,-6.3196122104518));
#1894=CARTESIAN_POINT('Ctrl Pts',(11.5739479538953,54.317313473219,-4.79732183231016));
#1895=CARTESIAN_POINT('Ctrl Pts',(11.8729270385107,54.0466639177899,-4.00051654504812));
#1896=CARTESIAN_POINT('Ctrl Pts',(12.3053530189979,53.5025407000189,-2.35643074579817));
#1897=CARTESIAN_POINT('Ctrl Pts',(12.4372233343298,53.2305164908902,-1.51327787614984));
#1898=CARTESIAN_POINT('Ctrl Pts',(12.5273510105023,52.6870419008959,0.182848330161449));
#1899=CARTESIAN_POINT('Ctrl Pts',(12.4861624348007,52.4169354579058,1.03135889629112));
#1900=CARTESIAN_POINT('Ctrl Pts',(12.2325093451769,51.8741746470656,2.70859674682942));
#1901=CARTESIAN_POINT('Ctrl Pts',(12.020371073306,51.6026520531914,3.53289965909715));
#1902=CARTESIAN_POINT('Ctrl Pts',(11.5788314825529,51.1945101058793,4.72885481258155));
#1903=CARTESIAN_POINT('Ctrl Pts',(11.4109847392688,51.0583209372095,5.12063191817244));
#1904=CARTESIAN_POINT('Ctrl Pts',(10.8616600364178,50.6593015086081,6.2409693297935));
#1905=CARTESIAN_POINT('Ctrl Pts',(10.4279981278737,50.3974381242649,6.94133026764261));
#1906=CARTESIAN_POINT('Ctrl Pts',(9.41413357566611,49.8633381710566,8.26690618888359));
#1907=CARTESIAN_POINT('Ctrl Pts',(8.83242168879818,49.5921639249059,8.88571305172423));
#1908=CARTESIAN_POINT('Ctrl Pts',(6.91197620995828,48.7777291142531,10.5522378724206));
#1909=CARTESIAN_POINT('Ctrl Pts',(5.41854526918833,48.2430432659168,11.3914036057205));
#1910=CARTESIAN_POINT('Ctrl Pts',(2.99804590792461,47.4285273024635,12.1645619178726));
#1911=CARTESIAN_POINT('Ctrl Pts',(2.16858490804738,47.1576444997231,12.3394565159441));
#1912=CARTESIAN_POINT('Ctrl Pts',(-0.366205398279457,46.3409557457164,12.6102489292385));
#1913=CARTESIAN_POINT('Ctrl Pts',(-2.07954087294708,45.8040368765966,12.4430107445529));
#1914=CARTESIAN_POINT('Ctrl Pts',(-4.52064052377488,44.9860053419609,11.6850389639953));
#1915=CARTESIAN_POINT('Ctrl Pts',(-5.30659739513036,44.7137990449713,11.3497314464467));
#1916=CARTESIAN_POINT('Ctrl Pts',(-6.42473870185096,44.3049588159797,10.7309788822121));
#1917=CARTESIAN_POINT('Ctrl Pts',(-6.78639584414969,44.1689093531115,10.5059986524286));
#1918=CARTESIAN_POINT('Ctrl Pts',(-7.83465611803487,43.7604618282751,9.77714328818865));
#1919=CARTESIAN_POINT('Ctrl Pts',(-8.48198321360698,43.4885613118878,9.22118633120419));
#1920=CARTESIAN_POINT('Ctrl Pts',(-9.65205959799002,42.9445303307055,7.98801167816329));
#1921=CARTESIAN_POINT('Ctrl Pts',(-10.1721003249098,42.6738388751716,7.31429925390234));
#1922=CARTESIAN_POINT('Ctrl Pts',(-11.0687842093356,42.1298504252824,5.86996520806896));
#1923=CARTESIAN_POINT('Ctrl Pts',(-11.4426950939572,41.8578522924153,5.10286254215729));
#1924=CARTESIAN_POINT('Ctrl Pts',(-12.0272610672573,41.314566959946,3.50882590296612));
#1925=CARTESIAN_POINT('Ctrl Pts',(-12.2372522815218,41.0446296443996,2.68635430352633));
#1926=CARTESIAN_POINT('Ctrl Pts',(-12.4254888787009,40.6374077547473,1.42779825059798));
#1927=CARTESIAN_POINT('Ctrl Pts',(-12.4669170285686,40.5010913961286,1.0036627747303));
#1928=CARTESIAN_POINT('Ctrl Pts',(-12.4955475259998,40.3029044002158,0.385427659541834));
#1929=CARTESIAN_POINT('Ctrl Pts',(-12.5,40.2411686380766,0.192625835962608));
#1930=CARTESIAN_POINT('Ctrl Pts',(-12.5,40.1794998258784,7.02563007770607E-14));
#1931=CARTESIAN_POINT('',(-12.5,69.1150383789755,1.53080849893419E-15));
#1932=CARTESIAN_POINT('',(-12.5,0.,1.53080849893419E-15));
#1933=CARTESIAN_POINT('Origin',(0.,69.1150383789755,0.));
#1934=CARTESIAN_POINT('',(-12.5,0.,-7.65404249467096E-15));
#1935=CARTESIAN_POINT('Origin',(0.,-6.28318530717959,0.));
#1936=CARTESIAN_POINT('Origin',(0.,69.1150383789755,0.));
#1937=CARTESIAN_POINT('Ctrl Pts',(-3.12284933782575E-15,-0.842855858262633,
17.));
#1938=CARTESIAN_POINT('Ctrl Pts',(2.92003183169537,-0.155789544922545,17.));
#1939=CARTESIAN_POINT('Ctrl Pts',(5.83667537597062,0.531276768417542,16.2314449896998));
#1940=CARTESIAN_POINT('Ctrl Pts',(10.8350252580775,1.8828701846886,13.4006925303608));
#1941=CARTESIAN_POINT('Ctrl Pts',(12.9361975280247,2.54739728761957,11.3855665714259));
#1942=CARTESIAN_POINT('Ctrl Pts',(15.8562930592712,3.8468958952301,6.69780324664998));
#1943=CARTESIAN_POINT('Ctrl Pts',(16.7264296266498,4.48186739990967,4.06314531576935));
#1944=CARTESIAN_POINT('Ctrl Pts',(17.1553790116741,5.73123152745025,-1.22929763268279));
#1945=CARTESIAN_POINT('Ctrl Pts',(16.7561380078715,6.34562415031126,-3.87943820224908));
#1946=CARTESIAN_POINT('Ctrl Pts',(14.8508285913082,7.55449745812288,-8.65079818472893));
#1947=CARTESIAN_POINT('Ctrl Pts',(13.3829026812555,8.14897814307351,-10.7833823499573));
#1948=CARTESIAN_POINT('Ctrl Pts',(9.72867881603541,9.31867290389249,-14.1537687610713));
#1949=CARTESIAN_POINT('Ctrl Pts',(7.56973048989718,9.89388697976088,-15.4167292885935));
#1950=CARTESIAN_POINT('Ctrl Pts',(2.93893526789623,11.0393523391741,-16.9185206541215));
#1951=CARTESIAN_POINT('Ctrl Pts',(0.472571939513241,11.6096036227189,-17.1653825298129));
#1952=CARTESIAN_POINT('Ctrl Pts',(-4.26310136651934,12.7311706008049,-16.6227568550414));
#1953=CARTESIAN_POINT('Ctrl Pts',(-6.53391912141377,13.2824862953462,-15.8681435473047));
#1954=CARTESIAN_POINT('Ctrl Pts',(-10.515706673464,14.3668108647786,-13.5481157953528));
#1955=CARTESIAN_POINT('Ctrl Pts',(-12.2412267282482,14.8998197396698,-12.0118232019227));
#1956=CARTESIAN_POINT('Ctrl Pts',(-14.9143212193428,15.9481385604337,-8.44745033801353));
#1957=CARTESIAN_POINT('Ctrl Pts',(-15.8850889796107,16.4634485063062,-6.43897062866386));
#1958=CARTESIAN_POINT('Ctrl Pts',(-16.9798870977581,17.4769571742348,-2.27301169599969));
#1959=CARTESIAN_POINT('Ctrl Pts',(-17.1308998844478,17.9751558962907,-0.124165904288581));
#1960=CARTESIAN_POINT('Ctrl Pts',(-16.6461693269675,18.9550103066292,4.01190801085283));
#1961=CARTESIAN_POINT('Ctrl Pts',(-16.036797341139,19.4366659949118,6.00095743934704));
#1962=CARTESIAN_POINT('Ctrl Pts',(-14.18511231065,20.383983660603,9.57597413797907));
#1963=CARTESIAN_POINT('Ctrl Pts',(-12.9651734825711,20.8496456380115,11.1723304875855));
#1964=CARTESIAN_POINT('Ctrl Pts',(-10.1003348915192,21.7655069642065,13.807394131793));
#1965=CARTESIAN_POINT('Ctrl Pts',(-8.47167217483034,22.2157063129928,14.862424707756));
#1966=CARTESIAN_POINT('Ctrl Pts',(-3.35599189162122,23.525901674016,17.0615421206241));
#1967=CARTESIAN_POINT('Ctrl Pts',(0.473375215825861,24.3858976862528,17.3820256879196));
#1968=CARTESIAN_POINT('Ctrl Pts',(7.34256637913045,26.0494653723637,15.7082835078726));
#1969=CARTESIAN_POINT('Ctrl Pts',(10.4027596917246,26.8530370462377,13.8724922992182));
#1970=CARTESIAN_POINT('Ctrl Pts',(14.8039373965936,28.4074580564628,8.94575980810377));
#1971=CARTESIAN_POINT('Ctrl Pts',(16.2391447907454,29.1583073928139,5.95595143127917));
#1972=CARTESIAN_POINT('Ctrl Pts',(17.253062802463,30.6022768048649,-0.0965805741999565));
#1973=CARTESIAN_POINT('Ctrl Pts',(16.9674798108291,31.2953968805646,-3.12764012350436));
#1974=CARTESIAN_POINT('Ctrl Pts',(14.9920989418683,32.6367101777079,-8.47502266146543));
#1975=CARTESIAN_POINT('Ctrl Pts',(13.398156508797,33.284903399151,-10.8202791997666));
#1976=CARTESIAN_POINT('Ctrl Pts',(9.42838168559983,34.5392750694019,-14.378550906559));
#1977=CARTESIAN_POINT('Ctrl Pts',(7.11385413082301,35.1454535182092,-15.6534400943446));
#1978=CARTESIAN_POINT('Ctrl Pts',(2.31722441201533,36.3185189686741,-17.0127908288607));
#1979=CARTESIAN_POINT('Ctrl Pts',(-0.141221536904356,36.8854059703314,-17.1692934403172));
#1980=CARTESIAN_POINT('Ctrl Pts',(-4.7791462376643,37.9889106937513,-16.47303897518));
#1981=CARTESIAN_POINT('Ctrl Pts',(-6.96448306598584,38.5255284155139,-15.6747321336722));
#1982=CARTESIAN_POINT('Ctrl Pts',(-10.7220966843545,39.5635563703142,-13.3632995905774));
#1983=CARTESIAN_POINT('Ctrl Pts',(-12.3242011314857,40.064966603352,-11.9018989966667));
#1984=CARTESIAN_POINT('Ctrl Pts',(-14.7967296103654,41.0348895440377,-8.60357987570658));
#1985=CARTESIAN_POINT('Ctrl Pts',(-15.7079991390386,41.503402251686,-6.798790840134));
#1986=CARTESIAN_POINT('Ctrl Pts',(-17.3388065937431,42.8368969142212,-1.37114408331592));
#1987=CARTESIAN_POINT('Ctrl Pts',(-17.213196235748,43.7018788691086,2.49401795143395));
#1988=CARTESIAN_POINT('Ctrl Pts',(-14.8112869047346,45.3197094860117,8.93662486552172));
#1989=CARTESIAN_POINT('Ctrl Pts',(-12.8272603715528,46.0725581480275,11.6059844529371));
#1990=CARTESIAN_POINT('Ctrl Pts',(-8.06063841591694,47.4806587545454,15.2243664898147));
#1991=CARTESIAN_POINT('Ctrl Pts',(-5.42278013425806,48.1359106990472,16.3508006624705));
#1992=CARTESIAN_POINT('Ctrl Pts',(-0.278922376152531,49.3614699741409,17.1696545854938));
#1993=CARTESIAN_POINT('Ctrl Pts',(2.19613307908876,49.9317773047324,17.0309082487111));
#1994=CARTESIAN_POINT('Ctrl Pts',(6.56545431051818,50.9984592803066,15.8223003738563));
#1995=CARTESIAN_POINT('Ctrl Pts',(8.49216613562748,51.4948339252895,14.8772811275762));
#1996=CARTESIAN_POINT('Ctrl Pts',(13.0868313621619,52.844834729569,11.4410045191244));
#1997=CARTESIAN_POINT('Ctrl Pts',(15.2657977592618,53.6984608888665,8.31367297177428));
#1998=CARTESIAN_POINT('Ctrl Pts',(17.0653768398731,55.1870615698322,2.24846179206017));
#1999=CARTESIAN_POINT('Ctrl Pts',(17.2049261765459,55.8220360915014,-0.522668515257097));
#2000=CARTESIAN_POINT('Ctrl Pts',(16.3263190434241,56.9293399095225,-5.14596534025042));
#2001=CARTESIAN_POINT('Ctrl Pts',(15.5987267270144,57.4016692058749,-7.05048773395555));
#2002=CARTESIAN_POINT('Ctrl Pts',(13.041049384913,58.5682086507689,-11.2976037534291));
#2003=CARTESIAN_POINT('Ctrl Pts',(10.8483734910925,59.2624187993107,-13.4170642178905));
#2004=CARTESIAN_POINT('Ctrl Pts',(5.75521778276777,60.6340850364126,-16.2532210339859));
#2005=CARTESIAN_POINT('Ctrl Pts',(2.87918837638121,61.3115411249729,-17.));
#2006=CARTESIAN_POINT('Ctrl Pts',(1.35323471305783E-14,61.9889972135332,
-17.));
#2007=CARTESIAN_POINT('Ctrl Pts',(-2.84724400084452E-15,-1.38892970930233,
15.4996744249138));
#2008=CARTESIAN_POINT('Ctrl Pts',(2.66232604127429,-0.701863395962246,15.4996744249138));
#2009=CARTESIAN_POINT('Ctrl Pts',(5.32156282655623,-0.0147970826221584,
14.7989478109556));
#2010=CARTESIAN_POINT('Ctrl Pts',(9.87878611093644,1.3367963336489,12.2180218405274));
#2011=CARTESIAN_POINT('Ctrl Pts',(11.7945205871034,2.00132343657987,10.3807397058991));
#2012=CARTESIAN_POINT('Ctrl Pts',(14.4569047061602,3.3008220441904,6.10669233442384));
#2013=CARTESIAN_POINT('Ctrl Pts',(15.2502478531943,3.93579354886997,3.70455467856109));
#2014=CARTESIAN_POINT('Ctrl Pts',(15.6413405480558,5.18515767641055,-1.1208066516412));
#2015=CARTESIAN_POINT('Ctrl Pts',(15.2773343377019,5.79955029927156,-3.5370605344961));
#2016=CARTESIAN_POINT('Ctrl Pts',(13.5401769473811,7.00842360708318,-7.8873267869961));
#2017=CARTESIAN_POINT('Ctrl Pts',(12.2018020246921,7.60290429203381,-9.83170091904123));
#2018=CARTESIAN_POINT('Ctrl Pts',(8.87007966077087,8.77259905285278,-12.9046357460071));
#2019=CARTESIAN_POINT('Ctrl Pts',(6.90166812222056,9.34781312872118,-14.0561343923666));
#2020=CARTESIAN_POINT('Ctrl Pts',(2.67956116519344,10.4932784881344,-15.4253859935331));
#2021=CARTESIAN_POINT('Ctrl Pts',(0.430865364988547,11.0635297716792,-15.6504612112472));
#2022=CARTESIAN_POINT('Ctrl Pts',(-3.88686371890911,12.1850967497652,-15.1557246645674));
#2023=CARTESIAN_POINT('Ctrl Pts',(-5.9572717118019,12.7364124443065,-14.4677093359424));
#2024=CARTESIAN_POINT('Ctrl Pts',(-9.58764881097559,13.8207370137389,-12.3524343470001));
#2025=CARTESIAN_POINT('Ctrl Pts',(-11.1608840499647,14.3537458886301,-10.9517264046722));
#2026=CARTESIAN_POINT('Ctrl Pts',(-13.5980660687292,15.402064709394,-7.70192529175516));
#2027=CARTESIAN_POINT('Ctrl Pts',(-14.4831592585148,15.9173746552665,-5.87070284563955));
#2028=CARTESIAN_POINT('Ctrl Pts',(-15.4813365757085,16.9308833231951,-2.07240830894214));
#2029=CARTESIAN_POINT('Ctrl Pts',(-15.6190218126315,17.429082045251,-0.113207711244003));
#2030=CARTESIAN_POINT('Ctrl Pts',(-15.1770708817637,18.4089364555895,3.65783929358367));
#2031=CARTESIAN_POINT('Ctrl Pts',(-14.6214786827046,18.8905921438721,5.47134626750844));
#2032=CARTESIAN_POINT('Ctrl Pts',(-12.9332130879948,19.8379098095633,8.73085184941589));
#2033=CARTESIAN_POINT('Ctrl Pts',(-11.8209392848458,20.3035717869718,10.1863226544185));
#2034=CARTESIAN_POINT('Ctrl Pts',(-9.20893543536144,21.2194331131668,12.5888302176033));
#2035=CARTESIAN_POINT('Ctrl Pts',(-7.72400944379246,21.6696324619531,13.5507496550007));
#2036=CARTESIAN_POINT('Ctrl Pts',(-3.05981068781056,22.9798278229763,15.5557851798016));
#2037=CARTESIAN_POINT('Ctrl Pts',(0.431597748595537,23.8398238352131,15.8479846475437));
#2038=CARTESIAN_POINT('Ctrl Pts',(6.69455225410824,25.503391521324,14.3219576556628));
#2039=CARTESIAN_POINT('Ctrl Pts',(9.48466990249108,26.306963195198,12.6481831823533));
#2040=CARTESIAN_POINT('Ctrl Pts',(13.4974241090593,27.8613842054231,8.15625673582869));
#2041=CARTESIAN_POINT('Ctrl Pts',(14.8059680703288,28.6122335417742,5.43031223973097));
#2042=CARTESIAN_POINT('Ctrl Pts',(15.7304033100451,30.0562029538252,-0.088056909168855));
#2043=CARTESIAN_POINT('Ctrl Pts',(15.4700242870087,30.749323029525,-2.8516119783891));
#2044=CARTESIAN_POINT('Ctrl Pts',(13.6689795614737,32.0906363266682,-7.7270642350871));
#2045=CARTESIAN_POINT('Ctrl Pts',(12.2157096341408,32.7388295481113,-9.86534145782646));
#2046=CARTESIAN_POINT('Ctrl Pts',(8.59628508709514,33.9932012183622,-13.1095798678655));
#2047=CARTESIAN_POINT('Ctrl Pts',(6.48602487847558,34.5993796671695,-14.2719544171902));
#2048=CARTESIAN_POINT('Ctrl Pts',(2.11271905621764,35.7724451176343,-15.5113364062647));
#2049=CARTESIAN_POINT('Ctrl Pts',(-0.128758108459026,36.3393321192917,-15.6540269665132));
#2050=CARTESIAN_POINT('Ctrl Pts',(-4.35736533604991,37.4428368427116,-15.0192200531886));
#2051=CARTESIAN_POINT('Ctrl Pts',(-6.34983647415329,37.9794545644742,-14.2913673393914));
#2052=CARTESIAN_POINT('Ctrl Pts',(-9.77582398587901,39.0174825192745,-12.1839289939137));
#2053=CARTESIAN_POINT('Ctrl Pts',(-11.2365355932461,39.5188927523123,-10.8515034992084));
#2054=CARTESIAN_POINT('Ctrl Pts',(-13.4908524420085,40.488815692998,-7.84427570365837));
#2055=CARTESIAN_POINT('Ctrl Pts',(-14.3216983836426,40.9573284006463,-6.19876732383313));
#2056=CARTESIAN_POINT('Ctrl Pts',(-15.8085798305627,42.2908230631815,-1.25013452241433));
#2057=CARTESIAN_POINT('Ctrl Pts',(-15.6940551450733,43.1558050180689,2.27390977983039));
#2058=CARTESIAN_POINT('Ctrl Pts',(-13.5041249904339,44.773635634972,8.14792799253975));
#2059=CARTESIAN_POINT('Ctrl Pts',(-11.6951976189805,45.5264842969878,10.5817047294786));
#2060=CARTESIAN_POINT('Ctrl Pts',(-7.34925124139209,46.9345849035056,13.8807484657468));
#2061=CARTESIAN_POINT('Ctrl Pts',(-4.94419567993472,47.5898368480075,14.9077698149975));
#2062=CARTESIAN_POINT('Ctrl Pts',(-0.254306236481624,48.8153961231012,15.6543562390224));
#2063=CARTESIAN_POINT('Ctrl Pts',(2.00231457174466,49.3857034536927,15.5278548832706));
#2064=CARTESIAN_POINT('Ctrl Pts',(5.98602378027522,50.4523854292669,14.4259120263508));
#2065=CARTESIAN_POINT('Ctrl Pts',(7.74269472144144,50.9487600742498,13.5642949297262));
#2066=CARTESIAN_POINT('Ctrl Pts',(11.9318603157212,52.2987608785293,10.4312850082586));
#2067=CARTESIAN_POINT('Ctrl Pts',(13.9185232414786,53.1523870378267,7.5799543728063));
#2068=CARTESIAN_POINT('Ctrl Pts',(15.5592814680293,54.6409877187925,2.05002504316417));
#2069=CARTESIAN_POINT('Ctrl Pts',(15.6865149553611,55.2759622404616,-0.476540695214008));
#2070=CARTESIAN_POINT('Ctrl Pts',(14.8854488076672,56.3832660584828,-4.69181102210425));
#2071=CARTESIAN_POINT('Ctrl Pts',(14.2220697477602,56.8555953548352,-6.4282508478329));
#2072=CARTESIAN_POINT('Ctrl Pts',(11.8901188014926,58.0221347997292,-10.3005399976373));
#2073=CARTESIAN_POINT('Ctrl Pts',(9.890956303047,58.716344948271,-12.2329486538508));
#2074=CARTESIAN_POINT('Ctrl Pts',(5.24729422808087,60.0880111853729,-14.818802022526));
#2075=CARTESIAN_POINT('Ctrl Pts',(2.62508720246499,60.7654672739332,-15.4996744249138));
#2076=CARTESIAN_POINT('Ctrl Pts',(1.23380573369929E-14,61.4429233624935,
-15.4996744249138));
#2077=CARTESIAN_POINT('Ctrl Pts',(-2.57163866386328E-15,-1.93500356034203,
13.9993488498276));
#2078=CARTESIAN_POINT('Ctrl Pts',(2.40462025085321,-1.24793724700195,13.9993488498276));
#2079=CARTESIAN_POINT('Ctrl Pts',(4.80645027714185,-0.560870933661858,13.3664506322114));
#2080=CARTESIAN_POINT('Ctrl Pts',(8.92254696379533,0.790722482609196,11.0353511506941));
#2081=CARTESIAN_POINT('Ctrl Pts',(10.6528436461821,1.45524958554016,9.37591284037219));
#2082=CARTESIAN_POINT('Ctrl Pts',(13.0575163530492,2.7547481931507,5.5155814221977));
#2083=CARTESIAN_POINT('Ctrl Pts',(13.7740660797389,3.38971969783027,3.34596404135283));
#2084=CARTESIAN_POINT('Ctrl Pts',(14.1273020844374,4.63908382537085,-1.01231567059962));
#2085=CARTESIAN_POINT('Ctrl Pts',(13.7985306675323,5.25347644823186,-3.19468286674311));
#2086=CARTESIAN_POINT('Ctrl Pts',(12.229525303454,6.46234975604347,-7.12385538926328));
#2087=CARTESIAN_POINT('Ctrl Pts',(11.0207013681288,7.0568304409941,-8.8800194881251));
#2088=CARTESIAN_POINT('Ctrl Pts',(8.01148050550632,8.22652520181309,-11.6555027309429));
#2089=CARTESIAN_POINT('Ctrl Pts',(6.23360575454395,8.80173927768147,-12.6955394961397));
#2090=CARTESIAN_POINT('Ctrl Pts',(2.42018706249064,9.94720463709466,-13.9322513329447));
#2091=CARTESIAN_POINT('Ctrl Pts',(0.389158790463852,10.5174559206395,-14.1355398926816));
#2092=CARTESIAN_POINT('Ctrl Pts',(-3.51062607129888,11.6390228987255,-13.6886924740934));
#2093=CARTESIAN_POINT('Ctrl Pts',(-5.38062430219003,12.1903385932668,-13.06727512458));
#2094=CARTESIAN_POINT('Ctrl Pts',(-8.6595909484872,13.2746631626992,-11.1567528986473));
#2095=CARTESIAN_POINT('Ctrl Pts',(-10.0805413716812,13.8076720375904,-9.89162960742168));
#2096=CARTESIAN_POINT('Ctrl Pts',(-12.2818109181157,14.8559908583543,-6.95640024549679));
#2097=CARTESIAN_POINT('Ctrl Pts',(-13.0812295374189,15.3713008042268,-5.30243506261524));
#2098=CARTESIAN_POINT('Ctrl Pts',(-13.982786053659,16.3848094721554,-1.87180492188459));
#2099=CARTESIAN_POINT('Ctrl Pts',(-14.1071437408151,16.8830081942113,-0.102249518199419));
#2100=CARTESIAN_POINT('Ctrl Pts',(-13.7079724365599,17.8628626045498,3.30377057631451));
#2101=CARTESIAN_POINT('Ctrl Pts',(-13.2061600242702,18.3445182928324,4.94173509566985));
#2102=CARTESIAN_POINT('Ctrl Pts',(-11.6813138653396,19.2918359585236,7.88572956085272));
#2103=CARTESIAN_POINT('Ctrl Pts',(-10.6767050871204,19.7574979359321,9.20031482125141));
#2104=CARTESIAN_POINT('Ctrl Pts',(-8.3175359792037,20.6733592621271,11.3702663034137));
#2105=CARTESIAN_POINT('Ctrl Pts',(-6.97634671275457,21.1235586109134,12.2390746022455));
#2106=CARTESIAN_POINT('Ctrl Pts',(-2.7636294839999,22.4337539719365,14.050028238979));
#2107=CARTESIAN_POINT('Ctrl Pts',(0.389820281365216,23.2937499841734,14.3139436071677));
#2108=CARTESIAN_POINT('Ctrl Pts',(6.04653812908604,24.9573176702843,12.9356318034531));
#2109=CARTESIAN_POINT('Ctrl Pts',(8.56658011325754,25.7608893441583,11.4238740654884));
#2110=CARTESIAN_POINT('Ctrl Pts',(12.1909108215249,27.3153103543834,7.36675366355362));
#2111=CARTESIAN_POINT('Ctrl Pts',(13.3727913499121,28.0661596907345,4.90467304818277));
#2112=CARTESIAN_POINT('Ctrl Pts',(14.2077438176273,29.5101291027855,-0.0795332441377574));
#2113=CARTESIAN_POINT('Ctrl Pts',(13.9725687631884,30.2032491784853,-2.57558383327384));
#2114=CARTESIAN_POINT('Ctrl Pts',(12.3458601810792,31.5445624756285,-6.97910580870876));
#2115=CARTESIAN_POINT('Ctrl Pts',(11.0332627594845,32.1927556970716,-8.91040371588628));
#2116=CARTESIAN_POINT('Ctrl Pts',(7.76418848859046,33.4471273673225,-11.840608829172));
#2117=CARTESIAN_POINT('Ctrl Pts',(5.85819562612814,34.0533058161298,-12.8904687400358));
#2118=CARTESIAN_POINT('Ctrl Pts',(1.90821370041996,35.2263712665947,-14.0098819836687));
#2119=CARTESIAN_POINT('Ctrl Pts',(-0.116294680013701,35.793258268252,-14.1387604927092));
#2120=CARTESIAN_POINT('Ctrl Pts',(-3.93558443443551,36.8967629916719,-13.5654011311971));
#2121=CARTESIAN_POINT('Ctrl Pts',(-5.73518988232074,37.4333807134345,-12.9080025451106));
#2122=CARTESIAN_POINT('Ctrl Pts',(-8.82955128740348,38.4714086682348,-11.00455839725));
#2123=CARTESIAN_POINT('Ctrl Pts',(-10.1488700550064,38.9728189012726,-9.80110800175003));
#2124=CARTESIAN_POINT('Ctrl Pts',(-12.1849752736517,39.9427418419583,-7.08497153161016));
#2125=CARTESIAN_POINT('Ctrl Pts',(-12.9353976282466,40.4112545496066,-5.59874380753226));
#2126=CARTESIAN_POINT('Ctrl Pts',(-14.2783530673824,41.7447492121419,-1.12912496151275));
#2127=CARTESIAN_POINT('Ctrl Pts',(-14.1749140543986,42.6097311670292,2.05380160822684));
#2128=CARTESIAN_POINT('Ctrl Pts',(-12.1969630761331,44.2275617839323,7.35923111955778));
#2129=CARTESIAN_POINT('Ctrl Pts',(-10.5631348664081,44.9804104459481,9.55742500602011));
#2130=CARTESIAN_POINT('Ctrl Pts',(-6.63786406686723,46.388511052466,12.5371304416789));
#2131=CARTESIAN_POINT('Ctrl Pts',(-4.46561122561139,47.0437629969678,13.4647389675245));
#2132=CARTESIAN_POINT('Ctrl Pts',(-0.22969009681071,48.2693222720615,14.1390578925511));
#2133=CARTESIAN_POINT('Ctrl Pts',(1.80849606440057,48.839629602653,14.0248015178301));
#2134=CARTESIAN_POINT('Ctrl Pts',(5.40659325003226,49.9063115782272,13.0295236788454));
#2135=CARTESIAN_POINT('Ctrl Pts',(6.99322330725539,50.4026862232101,12.2513087318762));
#2136=CARTESIAN_POINT('Ctrl Pts',(10.7768892692805,51.7526870274896,9.42156549739274));
#2137=CARTESIAN_POINT('Ctrl Pts',(12.5712487236955,52.606313186787,6.8462357738383));
#2138=CARTESIAN_POINT('Ctrl Pts',(14.0531860961854,54.0949138677528,1.85158829426817));
#2139=CARTESIAN_POINT('Ctrl Pts',(14.1681037341763,54.7298883894219,-0.430412875170911));
#2140=CARTESIAN_POINT('Ctrl Pts',(13.4445785719104,55.8371922074431,-4.23765670395809));
#2141=CARTESIAN_POINT('Ctrl Pts',(12.8454127685061,56.3095215037955,-5.80601396171025));
#2142=CARTESIAN_POINT('Ctrl Pts',(10.7391882180722,57.4760609486895,-9.30347624184559));
#2143=CARTESIAN_POINT('Ctrl Pts',(8.93353911500152,58.1702710972312,-11.0488330898111));
#2144=CARTESIAN_POINT('Ctrl Pts',(4.73937067339395,59.5419373343332,-13.3843830110661));
#2145=CARTESIAN_POINT('Ctrl Pts',(2.37098602854879,60.2193934228935,-13.9993488498276));
#2146=CARTESIAN_POINT('Ctrl Pts',(1.11437675434076E-14,60.8968495114538,
-13.9993488498276));
#2147=CARTESIAN_POINT('Ctrl Pts',(-2.29603332688205E-15,-2.48107741138174,
12.4990232747414));
#2148=CARTESIAN_POINT('Ctrl Pts',(2.14691446043213,-1.79401109804165,12.4990232747414));
#2149=CARTESIAN_POINT('Ctrl Pts',(4.29133772772746,-1.10694478470156,11.9339534534672));
#2150=CARTESIAN_POINT('Ctrl Pts',(7.96630781665424,0.244648631569495,9.85268046086074));
#2151=CARTESIAN_POINT('Ctrl Pts',(9.51116670526078,0.909175734500463,8.37108597484532));
#2152=CARTESIAN_POINT('Ctrl Pts',(11.6581279999383,2.208674342111,4.92447050997156));
#2153=CARTESIAN_POINT('Ctrl Pts',(12.2978843062835,2.84364584679057,2.98737340414456));
#2154=CARTESIAN_POINT('Ctrl Pts',(12.6132636208191,4.09300997433115,-0.903824689558038));
#2155=CARTESIAN_POINT('Ctrl Pts',(12.3197269973627,4.70740259719216,-2.85230519899013));
#2156=CARTESIAN_POINT('Ctrl Pts',(10.9188736595269,5.91627590500377,-6.36038399153045));
#2157=CARTESIAN_POINT('Ctrl Pts',(9.83960071156538,6.5107565899544,-7.92833805720898));
#2158=CARTESIAN_POINT('Ctrl Pts',(7.15288135024178,7.68045135077339,-10.4063697158787));
#2159=CARTESIAN_POINT('Ctrl Pts',(5.56554338686733,8.25566542664177,-11.3349445999128));
#2160=CARTESIAN_POINT('Ctrl Pts',(2.16081295978784,9.40113078605496,-12.4391166723563));
#2161=CARTESIAN_POINT('Ctrl Pts',(0.347452215939158,9.9713820695998,-12.6206185741159));
#2162=CARTESIAN_POINT('Ctrl Pts',(-3.13438842368865,11.0929490476858,-12.2216602836194));
#2163=CARTESIAN_POINT('Ctrl Pts',(-4.80397689257815,11.6442647422271,-11.6668409132176));
#2164=CARTESIAN_POINT('Ctrl Pts',(-7.73153308599881,12.7285893116595,-9.96107145029452));
#2165=CARTESIAN_POINT('Ctrl Pts',(-9.00019869339767,13.2615981865507,-8.83153281017119));
#2166=CARTESIAN_POINT('Ctrl Pts',(-10.9655557675021,14.3099170073146,-6.21087519923842));
#2167=CARTESIAN_POINT('Ctrl Pts',(-11.6792998163231,14.8252269531871,-4.73416727959093));
#2168=CARTESIAN_POINT('Ctrl Pts',(-12.4842355316094,15.8387356211157,-1.67120153482704));
#2169=CARTESIAN_POINT('Ctrl Pts',(-12.5952656689987,16.3369343431716,-0.0912913251548403));
#2170=CARTESIAN_POINT('Ctrl Pts',(-12.2388739913561,17.3167887535101,2.94970185904535));
#2171=CARTESIAN_POINT('Ctrl Pts',(-11.7908413658357,17.7984444417927,4.41212392383125));
#2172=CARTESIAN_POINT('Ctrl Pts',(-10.4294146426844,18.7457621074839,7.04060727228954));
#2173=CARTESIAN_POINT('Ctrl Pts',(-9.53247088939509,19.2114240848924,8.21430698808436));
#2174=CARTESIAN_POINT('Ctrl Pts',(-7.42613652304595,20.1272854110874,10.151702389224));
#2175=CARTESIAN_POINT('Ctrl Pts',(-6.22868398171668,20.5774847598737,10.9273995494902));
#2176=CARTESIAN_POINT('Ctrl Pts',(-2.46744828018924,21.8876801208968,12.5442712981565));
#2177=CARTESIAN_POINT('Ctrl Pts',(0.348042814134893,22.7476761331337,12.7799025667918));
#2178=CARTESIAN_POINT('Ctrl Pts',(5.39852400406383,24.4112438192446,11.5493059512433));
#2179=CARTESIAN_POINT('Ctrl Pts',(7.64849032402399,25.2148154931186,10.1995649486235));
#2180=CARTESIAN_POINT('Ctrl Pts',(10.8843975339905,26.7692365033437,6.57725059127854));
#2181=CARTESIAN_POINT('Ctrl Pts',(11.9396146294954,27.5200858396948,4.37903385663457));
#2182=CARTESIAN_POINT('Ctrl Pts',(12.6850843252094,28.9640552517458,-0.0710095791066559));
#2183=CARTESIAN_POINT('Ctrl Pts',(12.4751132393681,29.6571753274456,-2.29955568815859));
#2184=CARTESIAN_POINT('Ctrl Pts',(11.0227408006846,30.9984886245888,-6.23114738233043));
#2185=CARTESIAN_POINT('Ctrl Pts',(9.8508158848283,31.6466818460319,-7.95546597394609));
#2186=CARTESIAN_POINT('Ctrl Pts',(6.93209189008576,32.9010535162828,-10.5716377904786));
#2187=CARTESIAN_POINT('Ctrl Pts',(5.23036637378071,33.5072319650901,-11.5089830628814));
#2188=CARTESIAN_POINT('Ctrl Pts',(1.70370834462227,34.680297415555,-12.5084275610728));
#2189=CARTESIAN_POINT('Ctrl Pts',(-0.103831251568371,35.2471844172123,-12.6234940189053));
#2190=CARTESIAN_POINT('Ctrl Pts',(-3.51380353282111,36.3506891406322,-12.1115822092057));
#2191=CARTESIAN_POINT('Ctrl Pts',(-5.1205432904882,36.8873068623948,-11.5246377508298));
#2192=CARTESIAN_POINT('Ctrl Pts',(-7.88327858892795,37.9253348171951,-9.82518780058639));
#2193=CARTESIAN_POINT('Ctrl Pts',(-9.06120451676675,38.4267450502329,-8.75071250429169));
#2194=CARTESIAN_POINT('Ctrl Pts',(-10.8790981052948,39.3966679909187,-6.32566735956195));
#2195=CARTESIAN_POINT('Ctrl Pts',(-11.5490968728507,39.8651806985669,-4.99872029123139));
#2196=CARTESIAN_POINT('Ctrl Pts',(-12.748126304202,41.1986753611022,-1.00811540061116));
#2197=CARTESIAN_POINT('Ctrl Pts',(-12.6557729637238,42.0636573159895,1.83369343662328));
#2198=CARTESIAN_POINT('Ctrl Pts',(-10.8898011618324,43.6814879328926,6.57053424657581));
#2199=CARTESIAN_POINT('Ctrl Pts',(-9.43107211383571,44.4343365949084,8.53314528256162));
#2200=CARTESIAN_POINT('Ctrl Pts',(-5.92647689234238,45.8424372014263,11.193512417611));
#2201=CARTESIAN_POINT('Ctrl Pts',(-3.98702677128805,46.4976891459281,12.0217081200515));
#2202=CARTESIAN_POINT('Ctrl Pts',(-0.205073957139804,47.7232484210218,12.6237595460798));
#2203=CARTESIAN_POINT('Ctrl Pts',(1.61467755705647,48.2935557516133,12.5217481523897));
#2204=CARTESIAN_POINT('Ctrl Pts',(4.82716271978929,49.3602377271875,11.6331353313399));
#2205=CARTESIAN_POINT('Ctrl Pts',(6.24375189306934,49.8566123721704,10.9383225340262));
#2206=CARTESIAN_POINT('Ctrl Pts',(9.62191822283984,51.2066131764499,8.41184598652689));
#2207=CARTESIAN_POINT('Ctrl Pts',(11.2239742059123,52.0602393357473,6.11251717487032));
#2208=CARTESIAN_POINT('Ctrl Pts',(12.5470907243416,53.5488400167131,1.65315154537217));
#2209=CARTESIAN_POINT('Ctrl Pts',(12.6496925129915,54.1838145383822,-0.384285055127823));
#2210=CARTESIAN_POINT('Ctrl Pts',(12.0037083361536,55.2911183564034,-3.78350238581192));
#2211=CARTESIAN_POINT('Ctrl Pts',(11.468755789252,55.7634476527558,-5.1837770755876));
#2212=CARTESIAN_POINT('Ctrl Pts',(9.58825763465178,56.9299870976498,-8.30641248605386));
#2213=CARTESIAN_POINT('Ctrl Pts',(7.97612192695603,57.6241972461915,-9.86471752577137));
#2214=CARTESIAN_POINT('Ctrl Pts',(4.23144711870705,58.9958634832935,-11.9499639996063));
#2215=CARTESIAN_POINT('Ctrl Pts',(2.11688485463257,59.6733195718539,-12.4990232747414));
#2216=CARTESIAN_POINT('Ctrl Pts',(9.94947774982221E-15,60.3507756604141,
-12.4990232747414));
#2217=CARTESIAN_POINT('',(1.35323471305783E-14,61.9889972135332,-17.));
#2218=CARTESIAN_POINT('Ctrl Pts',(1.35323471305783E-14,61.9889972135332,
-17.));
#2219=CARTESIAN_POINT('Ctrl Pts',(1.23383165014096E-14,61.4430418621339,
-15.5));
#2220=CARTESIAN_POINT('Ctrl Pts',(1.11442858722409E-14,60.8970865107346,
-14.));
#2221=CARTESIAN_POINT('Ctrl Pts',(9.95025524307225E-15,60.3511311593353,
-12.5));
#2222=CARTESIAN_POINT('',(-3.12284933782575E-15,-0.842855858262633,17.));
#2223=CARTESIAN_POINT('Ctrl Pts',(-3.12284933782575E-15,-0.842855858262633,
17.));
#2224=CARTESIAN_POINT('Ctrl Pts',(2.92003183169537,-0.155789544922545,17.));
#2225=CARTESIAN_POINT('Ctrl Pts',(5.83667537597062,0.531276768417542,16.2314449896998));
#2226=CARTESIAN_POINT('Ctrl Pts',(10.8350252580775,1.8828701846886,13.4006925303608));
#2227=CARTESIAN_POINT('Ctrl Pts',(12.9361975280247,2.54739728761957,11.3855665714259));
#2228=CARTESIAN_POINT('Ctrl Pts',(15.8562930592711,3.8468958952301,6.69780324664997));
#2229=CARTESIAN_POINT('Ctrl Pts',(16.7264296266498,4.48186739990967,4.06314531576935));
#2230=CARTESIAN_POINT('Ctrl Pts',(17.1553790116741,5.73123152745025,-1.22929763268279));
#2231=CARTESIAN_POINT('Ctrl Pts',(16.7561380078716,6.34562415031127,-3.87943820224909));
#2232=CARTESIAN_POINT('Ctrl Pts',(14.8508285913082,7.55449745812287,-8.65079818472893));
#2233=CARTESIAN_POINT('Ctrl Pts',(13.3829026812555,8.14897814307351,-10.7833823499574));
#2234=CARTESIAN_POINT('Ctrl Pts',(9.72867881603541,9.31867290389248,-14.1537687610713));
#2235=CARTESIAN_POINT('Ctrl Pts',(7.56973048989719,9.89388697976088,-15.4167292885935));
#2236=CARTESIAN_POINT('Ctrl Pts',(2.93893526789623,11.0393523391741,-16.9185206541215));
#2237=CARTESIAN_POINT('Ctrl Pts',(0.472571939513241,11.6096036227189,-17.1653825298129));
#2238=CARTESIAN_POINT('Ctrl Pts',(-4.26310136651934,12.7311706008049,-16.6227568550414));
#2239=CARTESIAN_POINT('Ctrl Pts',(-6.53391912141377,13.2824862953462,-15.8681435473047));
#2240=CARTESIAN_POINT('Ctrl Pts',(-10.515706673464,14.3668108647786,-13.5481157953528));
#2241=CARTESIAN_POINT('Ctrl Pts',(-12.2412267282482,14.8998197396698,-12.0118232019227));
#2242=CARTESIAN_POINT('Ctrl Pts',(-14.9143212193428,15.9481385604337,-8.44745033801352));
#2243=CARTESIAN_POINT('Ctrl Pts',(-15.8850889796107,16.4634485063062,-6.43897062866385));
#2244=CARTESIAN_POINT('Ctrl Pts',(-16.9798870977581,17.4769571742348,-2.27301169599969));
#2245=CARTESIAN_POINT('Ctrl Pts',(-17.1308998844478,17.9751558962907,-0.124165904288581));
#2246=CARTESIAN_POINT('Ctrl Pts',(-16.6461693269675,18.9550103066292,4.01190801085283));
#2247=CARTESIAN_POINT('Ctrl Pts',(-16.036797341139,19.4366659949118,6.00095743934704));
#2248=CARTESIAN_POINT('Ctrl Pts',(-14.18511231065,20.383983660603,9.57597413797907));
#2249=CARTESIAN_POINT('Ctrl Pts',(-12.9651734825711,20.8496456380115,11.1723304875855));
#2250=CARTESIAN_POINT('Ctrl Pts',(-10.1003348915192,21.7655069642065,13.807394131793));
#2251=CARTESIAN_POINT('Ctrl Pts',(-8.47167217483034,22.2157063129928,14.862424707756));
#2252=CARTESIAN_POINT('Ctrl Pts',(-3.35599189162122,23.5259016740159,17.0615421206241));
#2253=CARTESIAN_POINT('Ctrl Pts',(0.473375215825861,24.3858976862528,17.3820256879196));
#2254=CARTESIAN_POINT('Ctrl Pts',(7.34256637913045,26.0494653723637,15.7082835078726));
#2255=CARTESIAN_POINT('Ctrl Pts',(10.4027596917246,26.8530370462377,13.8724922992182));
#2256=CARTESIAN_POINT('Ctrl Pts',(14.8039373965936,28.4074580564628,8.94575980810377));
#2257=CARTESIAN_POINT('Ctrl Pts',(16.2391447907454,29.1583073928139,5.95595143127917));
#2258=CARTESIAN_POINT('Ctrl Pts',(17.253062802463,30.6022768048649,-0.0965805741999577));
#2259=CARTESIAN_POINT('Ctrl Pts',(16.9674798108291,31.2953968805646,-3.12764012350436));
#2260=CARTESIAN_POINT('Ctrl Pts',(14.9920989418683,32.6367101777079,-8.47502266146543));
#2261=CARTESIAN_POINT('Ctrl Pts',(13.398156508797,33.284903399151,-10.8202791997666));
#2262=CARTESIAN_POINT('Ctrl Pts',(9.42838168559983,34.5392750694019,-14.378550906559));
#2263=CARTESIAN_POINT('Ctrl Pts',(7.11385413082301,35.1454535182092,-15.6534400943446));
#2264=CARTESIAN_POINT('Ctrl Pts',(2.31722441201533,36.318518968674,-17.0127908288607));
#2265=CARTESIAN_POINT('Ctrl Pts',(-0.141221536904357,36.8854059703314,-17.1692934403172));
#2266=CARTESIAN_POINT('Ctrl Pts',(-4.77914623766431,37.9889106937513,-16.47303897518));
#2267=CARTESIAN_POINT('Ctrl Pts',(-6.96448306598584,38.5255284155139,-15.6747321336723));
#2268=CARTESIAN_POINT('Ctrl Pts',(-10.7220966843545,39.5635563703142,-13.3632995905774));
#2269=CARTESIAN_POINT('Ctrl Pts',(-12.3242011314857,40.064966603352,-11.9018989966667));
#2270=CARTESIAN_POINT('Ctrl Pts',(-14.7967296103654,41.0348895440377,-8.60357987570658));
#2271=CARTESIAN_POINT('Ctrl Pts',(-15.7079991390386,41.503402251686,-6.79879084013401));
#2272=CARTESIAN_POINT('Ctrl Pts',(-17.3388065937431,42.8368969142212,-1.37114408331592));
#2273=CARTESIAN_POINT('Ctrl Pts',(-17.213196235748,43.7018788691086,2.49401795143395));
#2274=CARTESIAN_POINT('Ctrl Pts',(-14.8112869047346,45.3197094860116,8.93662486552172));
#2275=CARTESIAN_POINT('Ctrl Pts',(-12.8272603715528,46.0725581480275,11.6059844529371));
#2276=CARTESIAN_POINT('Ctrl Pts',(-8.06063841591694,47.4806587545454,15.2243664898147));
#2277=CARTESIAN_POINT('Ctrl Pts',(-5.42278013425806,48.1359106990472,16.3508006624705));
#2278=CARTESIAN_POINT('Ctrl Pts',(-0.278922376152531,49.3614699741409,17.1696545854938));
#2279=CARTESIAN_POINT('Ctrl Pts',(2.19613307908876,49.9317773047324,17.0309082487111));
#2280=CARTESIAN_POINT('Ctrl Pts',(6.56545431051818,50.9984592803066,15.8223003738563));
#2281=CARTESIAN_POINT('Ctrl Pts',(8.49216613562748,51.4948339252895,14.8772811275762));
#2282=CARTESIAN_POINT('Ctrl Pts',(13.0868313621619,52.844834729569,11.4410045191244));
#2283=CARTESIAN_POINT('Ctrl Pts',(15.2657977592618,53.6984608888665,8.31367297177428));
#2284=CARTESIAN_POINT('Ctrl Pts',(17.0653768398731,55.1870615698322,2.24846179206017));
#2285=CARTESIAN_POINT('Ctrl Pts',(17.2049261765459,55.8220360915014,-0.522668515257097));
#2286=CARTESIAN_POINT('Ctrl Pts',(16.3263190434241,56.9293399095225,-5.14596534025042));
#2287=CARTESIAN_POINT('Ctrl Pts',(15.5987267270144,57.4016692058749,-7.05048773395555));
#2288=CARTESIAN_POINT('Ctrl Pts',(13.041049384913,58.5682086507689,-11.2976037534291));
#2289=CARTESIAN_POINT('Ctrl Pts',(10.8483734910925,59.2624187993106,-13.4170642178905));
#2290=CARTESIAN_POINT('Ctrl Pts',(5.75521778276777,60.6340850364127,-16.2532210339859));
#2291=CARTESIAN_POINT('Ctrl Pts',(2.87918837638121,61.3115411249729,-17.));
#2292=CARTESIAN_POINT('Ctrl Pts',(1.35323471305783E-14,61.9889972135332,
-17.));
#2293=CARTESIAN_POINT('',(-2.20436423846524E-15,-2.66270702959365,12.));
#2294=CARTESIAN_POINT('Origin',(0.,62.8318530717959,0.));
#2295=CARTESIAN_POINT('',(1.35323471305783E-14,63.6747089300584,-17.));
#2296=CARTESIAN_POINT('Ctrl Pts',(9.95025524307225E-15,65.3125749842563,
-12.5));
#2297=CARTESIAN_POINT('Ctrl Pts',(1.11442858722409E-14,64.766619632857,
-14.));
#2298=CARTESIAN_POINT('Ctrl Pts',(1.23383165014096E-14,64.2206642814577,
-15.5));
#2299=CARTESIAN_POINT('Ctrl Pts',(1.35323471305783E-14,63.6747089300584,
-17.));
#2300=CARTESIAN_POINT('Ctrl Pts',(1.35323471305783E-14,63.6747089300584,
-17.));
#2301=CARTESIAN_POINT('Ctrl Pts',(1.35323471305783E-14,63.11280502455,-17.));
#2302=CARTESIAN_POINT('Ctrl Pts',(1.35323471305783E-14,62.5509011190416,
-17.));
#2303=CARTESIAN_POINT('Ctrl Pts',(1.35323471305783E-14,61.9889972135332,
-17.));
#2304=CARTESIAN_POINT('Ctrl Pts',(-3.12284933782575E-15,0.84285585826249,
17.));
#2305=CARTESIAN_POINT('Ctrl Pts',(2.92003183169537,1.52992217160258,17.));
#2306=CARTESIAN_POINT('Ctrl Pts',(5.83667537597062,2.21698848494267,16.2314449896998));
#2307=CARTESIAN_POINT('Ctrl Pts',(10.8350252580775,3.56858190121372,13.4006925303608));
#2308=CARTESIAN_POINT('Ctrl Pts',(12.9361975280247,4.23310900414469,11.3855665714259));
#2309=CARTESIAN_POINT('Ctrl Pts',(15.8562930592711,5.53260761175522,6.69780324664997));
#2310=CARTESIAN_POINT('Ctrl Pts',(16.7264296266498,6.16757911643479,4.06314531576935));
#2311=CARTESIAN_POINT('Ctrl Pts',(17.1553790116741,7.41694324397538,-1.22929763268279));
#2312=CARTESIAN_POINT('Ctrl Pts',(16.7561380078716,8.03133586683639,-3.87943820224909));
#2313=CARTESIAN_POINT('Ctrl Pts',(14.8508285913082,9.240209174648,-8.65079818472893));
#2314=CARTESIAN_POINT('Ctrl Pts',(13.3829026812555,9.83468985959863,-10.7833823499574));
#2315=CARTESIAN_POINT('Ctrl Pts',(9.72867881603541,11.0043846204176,-14.1537687610713));
#2316=CARTESIAN_POINT('Ctrl Pts',(7.56973048989719,11.579598696286,-15.4167292885935));
#2317=CARTESIAN_POINT('Ctrl Pts',(2.93893526789623,12.7250640556992,-16.9185206541215));
#2318=CARTESIAN_POINT('Ctrl Pts',(0.472571939513241,13.295315339244,-17.1653825298129));
#2319=CARTESIAN_POINT('Ctrl Pts',(-4.26310136651934,14.4168823173301,-16.6227568550414));
#2320=CARTESIAN_POINT('Ctrl Pts',(-6.53391912141377,14.9681980118713,-15.8681435473047));
#2321=CARTESIAN_POINT('Ctrl Pts',(-10.515706673464,16.0525225813037,-13.5481157953528));
#2322=CARTESIAN_POINT('Ctrl Pts',(-12.2412267282482,16.5855314561949,-12.0118232019227));
#2323=CARTESIAN_POINT('Ctrl Pts',(-14.9143212193428,17.6338502769588,-8.44745033801352));
#2324=CARTESIAN_POINT('Ctrl Pts',(-15.8850889796107,18.1491602228313,-6.43897062866386));
#2325=CARTESIAN_POINT('Ctrl Pts',(-16.9798870977581,19.16266889076,-2.27301169599969));
#2326=CARTESIAN_POINT('Ctrl Pts',(-17.1308998844478,19.6608676128158,-0.124165904288581));
#2327=CARTESIAN_POINT('Ctrl Pts',(-16.6461693269675,20.6407220231544,4.01190801085283));
#2328=CARTESIAN_POINT('Ctrl Pts',(-16.036797341139,21.1223777114369,6.00095743934704));
#2329=CARTESIAN_POINT('Ctrl Pts',(-14.18511231065,22.0696953771282,9.57597413797907));
#2330=CARTESIAN_POINT('Ctrl Pts',(-12.9651734825711,22.5353573545366,11.1723304875855));
#2331=CARTESIAN_POINT('Ctrl Pts',(-10.1003348915192,23.4512186807316,13.807394131793));
#2332=CARTESIAN_POINT('Ctrl Pts',(-8.47167217483034,23.9014180295179,14.862424707756));
#2333=CARTESIAN_POINT('Ctrl Pts',(-3.35599189162122,25.2116133905411,17.0615421206241));
#2334=CARTESIAN_POINT('Ctrl Pts',(0.47337521582586,26.071609402778,17.3820256879196));
#2335=CARTESIAN_POINT('Ctrl Pts',(7.34256637913045,27.7351770888888,15.7082835078726));
#2336=CARTESIAN_POINT('Ctrl Pts',(10.4027596917246,28.5387487627629,13.8724922992182));
#2337=CARTESIAN_POINT('Ctrl Pts',(14.8039373965936,30.0931697729879,8.94575980810377));
#2338=CARTESIAN_POINT('Ctrl Pts',(16.2391447907454,30.8440191093391,5.95595143127917));
#2339=CARTESIAN_POINT('Ctrl Pts',(17.253062802463,32.2879885213901,-0.0965805741999571));
#2340=CARTESIAN_POINT('Ctrl Pts',(16.9674798108291,32.9811085970898,-3.12764012350436));
#2341=CARTESIAN_POINT('Ctrl Pts',(14.9920989418683,34.322421894233,-8.47502266146542));
#2342=CARTESIAN_POINT('Ctrl Pts',(13.398156508797,34.9706151156761,-10.8202791997667));
#2343=CARTESIAN_POINT('Ctrl Pts',(9.42838168559983,36.224986785927,-14.378550906559));
#2344=CARTESIAN_POINT('Ctrl Pts',(7.11385413082301,36.8311652347343,-15.6534400943446));
#2345=CARTESIAN_POINT('Ctrl Pts',(2.31722441201533,38.0042306851992,-17.0127908288607));
#2346=CARTESIAN_POINT('Ctrl Pts',(-0.141221536904356,38.5711176868565,-17.1692934403172));
#2347=CARTESIAN_POINT('Ctrl Pts',(-4.77914623766431,39.6746224102764,-16.47303897518));
#2348=CARTESIAN_POINT('Ctrl Pts',(-6.96448306598584,40.2112401320391,-15.6747321336723));
#2349=CARTESIAN_POINT('Ctrl Pts',(-10.7220966843545,41.2492680868393,-13.3632995905774));
#2350=CARTESIAN_POINT('Ctrl Pts',(-12.3242011314857,41.7506783198771,-11.9018989966667));
#2351=CARTESIAN_POINT('Ctrl Pts',(-14.7967296103654,42.7206012605629,-8.60357987570658));
#2352=CARTESIAN_POINT('Ctrl Pts',(-15.7079991390386,43.1891139682112,-6.798790840134));
#2353=CARTESIAN_POINT('Ctrl Pts',(-17.3388065937431,44.5226086307464,-1.37114408331593));
#2354=CARTESIAN_POINT('Ctrl Pts',(-17.213196235748,45.3875905856337,2.49401795143395));
#2355=CARTESIAN_POINT('Ctrl Pts',(-14.8112869047346,47.0054212025368,8.93662486552172));
#2356=CARTESIAN_POINT('Ctrl Pts',(-12.8272603715528,47.7582698645526,11.6059844529371));
#2357=CARTESIAN_POINT('Ctrl Pts',(-8.06063841591693,49.1663704710705,15.2243664898147));
#2358=CARTESIAN_POINT('Ctrl Pts',(-5.42278013425806,49.8216224155723,16.3508006624705));
#2359=CARTESIAN_POINT('Ctrl Pts',(-0.278922376152528,51.047181690666,17.1696545854938));
#2360=CARTESIAN_POINT('Ctrl Pts',(2.19613307908876,51.6174890212575,17.030908248711));
#2361=CARTESIAN_POINT('Ctrl Pts',(6.56545431051818,52.6841709968317,15.8223003738563));
#2362=CARTESIAN_POINT('Ctrl Pts',(8.49216613562747,53.1805456418146,14.8772811275761));
#2363=CARTESIAN_POINT('Ctrl Pts',(13.0868313621619,54.5305464460941,11.4410045191244));
#2364=CARTESIAN_POINT('Ctrl Pts',(15.2657977592618,55.3841726053916,8.31367297177427));
#2365=CARTESIAN_POINT('Ctrl Pts',(17.0653768398731,56.8727732863573,2.24846179206018));
#2366=CARTESIAN_POINT('Ctrl Pts',(17.2049261765459,57.5077478080265,-0.522668515257097));
#2367=CARTESIAN_POINT('Ctrl Pts',(16.3263190434241,58.6150516260477,-5.14596534025042));
#2368=CARTESIAN_POINT('Ctrl Pts',(15.5987267270144,59.0873809224,-7.05048773395555));
#2369=CARTESIAN_POINT('Ctrl Pts',(13.041049384913,60.2539203672941,-11.2976037534291));
#2370=CARTESIAN_POINT('Ctrl Pts',(10.8483734910925,60.9481305158358,-13.4170642178905));
#2371=CARTESIAN_POINT('Ctrl Pts',(5.75521778276777,62.3197967529378,-16.2532210339859));
#2372=CARTESIAN_POINT('Ctrl Pts',(2.87918837638121,62.9972528414981,-17.));
#2373=CARTESIAN_POINT('Ctrl Pts',(1.35323471305783E-14,63.6747089300584,
-17.));
#2374=CARTESIAN_POINT('Ctrl Pts',(-3.12284933782575E-15,0.280951952754115,
17.));
#2375=CARTESIAN_POINT('Ctrl Pts',(2.92003183169537,0.968018266094203,17.));
#2376=CARTESIAN_POINT('Ctrl Pts',(5.83667537597062,1.65508457943429,16.2314449896998));
#2377=CARTESIAN_POINT('Ctrl Pts',(10.8350252580775,3.00667799570535,13.4006925303608));
#2378=CARTESIAN_POINT('Ctrl Pts',(12.9361975280247,3.67120509863631,11.3855665714259));
#2379=CARTESIAN_POINT('Ctrl Pts',(15.8562930592711,4.97070370624685,6.69780324664997));
#2380=CARTESIAN_POINT('Ctrl Pts',(16.7264296266498,5.60567521092642,4.06314531576935));
#2381=CARTESIAN_POINT('Ctrl Pts',(17.1553790116741,6.855039338467,-1.22929763268279));
#2382=CARTESIAN_POINT('Ctrl Pts',(16.7561380078716,7.46943196132801,-3.87943820224909));
#2383=CARTESIAN_POINT('Ctrl Pts',(14.8508285913082,8.67830526913962,-8.65079818472893));
#2384=CARTESIAN_POINT('Ctrl Pts',(13.3829026812555,9.27278595409026,-10.7833823499574));
#2385=CARTESIAN_POINT('Ctrl Pts',(9.72867881603541,10.4424807149092,-14.1537687610713));
#2386=CARTESIAN_POINT('Ctrl Pts',(7.56973048989719,11.0176947907776,-15.4167292885935));
#2387=CARTESIAN_POINT('Ctrl Pts',(2.93893526789623,12.1631601501908,-16.9185206541215));
#2388=CARTESIAN_POINT('Ctrl Pts',(0.472571939513241,12.7334114337357,-17.1653825298129));
#2389=CARTESIAN_POINT('Ctrl Pts',(-4.26310136651934,13.8549784118217,-16.6227568550414));
#2390=CARTESIAN_POINT('Ctrl Pts',(-6.53391912141377,14.4062941063629,-15.8681435473047));
#2391=CARTESIAN_POINT('Ctrl Pts',(-10.515706673464,15.4906186757954,-13.5481157953528));
#2392=CARTESIAN_POINT('Ctrl Pts',(-12.2412267282482,16.0236275506865,-12.0118232019227));
#2393=CARTESIAN_POINT('Ctrl Pts',(-14.9143212193428,17.0719463714504,-8.44745033801352));
#2394=CARTESIAN_POINT('Ctrl Pts',(-15.8850889796107,17.587256317323,-6.43897062866386));
#2395=CARTESIAN_POINT('Ctrl Pts',(-16.9798870977581,18.6007649852516,-2.27301169599969));
#2396=CARTESIAN_POINT('Ctrl Pts',(-17.1308998844478,19.0989637073075,-0.124165904288581));
#2397=CARTESIAN_POINT('Ctrl Pts',(-16.6461693269675,20.078818117646,4.01190801085283));
#2398=CARTESIAN_POINT('Ctrl Pts',(-16.036797341139,20.5604738059285,6.00095743934704));
#2399=CARTESIAN_POINT('Ctrl Pts',(-14.18511231065,21.5077914716198,9.57597413797907));
#2400=CARTESIAN_POINT('Ctrl Pts',(-12.9651734825711,21.9734534490282,11.1723304875855));
#2401=CARTESIAN_POINT('Ctrl Pts',(-10.1003348915192,22.8893147752232,13.807394131793));
#2402=CARTESIAN_POINT('Ctrl Pts',(-8.47167217483034,23.3395141240095,14.862424707756));
#2403=CARTESIAN_POINT('Ctrl Pts',(-3.35599189162122,24.6497094850327,17.0615421206241));
#2404=CARTESIAN_POINT('Ctrl Pts',(0.473375215825861,25.5097054972696,17.3820256879196));
#2405=CARTESIAN_POINT('Ctrl Pts',(7.34256637913045,27.1732731833804,15.7082835078726));
#2406=CARTESIAN_POINT('Ctrl Pts',(10.4027596917246,27.9768448572545,13.8724922992182));
#2407=CARTESIAN_POINT('Ctrl Pts',(14.8039373965936,29.5312658674795,8.94575980810377));
#2408=CARTESIAN_POINT('Ctrl Pts',(16.2391447907454,30.2821152038307,5.95595143127917));
#2409=CARTESIAN_POINT('Ctrl Pts',(17.253062802463,31.7260846158817,-0.0965805741999574));
#2410=CARTESIAN_POINT('Ctrl Pts',(16.9674798108291,32.4192046915814,-3.12764012350436));
#2411=CARTESIAN_POINT('Ctrl Pts',(14.9920989418683,33.7605179887247,-8.47502266146543));
#2412=CARTESIAN_POINT('Ctrl Pts',(13.398156508797,34.4087112101677,-10.8202791997666));
#2413=CARTESIAN_POINT('Ctrl Pts',(9.42838168559983,35.6630828804186,-14.378550906559));
#2414=CARTESIAN_POINT('Ctrl Pts',(7.11385413082301,36.269261329226,-15.6534400943446));
#2415=CARTESIAN_POINT('Ctrl Pts',(2.31722441201533,37.4423267796908,-17.0127908288607));
#2416=CARTESIAN_POINT('Ctrl Pts',(-0.141221536904357,38.0092137813482,-17.1692934403172));
#2417=CARTESIAN_POINT('Ctrl Pts',(-4.77914623766431,39.112718504768,-16.47303897518));
#2418=CARTESIAN_POINT('Ctrl Pts',(-6.96448306598584,39.6493362265307,-15.6747321336723));
#2419=CARTESIAN_POINT('Ctrl Pts',(-10.7220966843545,40.6873641813309,-13.3632995905774));
#2420=CARTESIAN_POINT('Ctrl Pts',(-12.3242011314857,41.1887744143688,-11.9018989966667));
#2421=CARTESIAN_POINT('Ctrl Pts',(-14.7967296103654,42.1586973550545,-8.60357987570658));
#2422=CARTESIAN_POINT('Ctrl Pts',(-15.7079991390386,42.6272100627028,-6.798790840134));
#2423=CARTESIAN_POINT('Ctrl Pts',(-17.3388065937431,43.960704725238,-1.37114408331593));
#2424=CARTESIAN_POINT('Ctrl Pts',(-17.213196235748,44.8256866801254,2.49401795143395));
#2425=CARTESIAN_POINT('Ctrl Pts',(-14.8112869047346,46.4435172970284,8.93662486552172));
#2426=CARTESIAN_POINT('Ctrl Pts',(-12.8272603715528,47.1963659590442,11.6059844529371));
#2427=CARTESIAN_POINT('Ctrl Pts',(-8.06063841591694,48.6044665655621,15.2243664898147));
#2428=CARTESIAN_POINT('Ctrl Pts',(-5.42278013425806,49.2597185100639,16.3508006624705));
#2429=CARTESIAN_POINT('Ctrl Pts',(-0.278922376152529,50.4852777851576,17.1696545854938));
#2430=CARTESIAN_POINT('Ctrl Pts',(2.19613307908876,51.0555851157491,17.030908248711));
#2431=CARTESIAN_POINT('Ctrl Pts',(6.56545431051818,52.1222670913233,15.8223003738563));
#2432=CARTESIAN_POINT('Ctrl Pts',(8.49216613562747,52.6186417363063,14.8772811275761));
#2433=CARTESIAN_POINT('Ctrl Pts',(13.0868313621619,53.9686425405857,11.4410045191244));
#2434=CARTESIAN_POINT('Ctrl Pts',(15.2657977592618,54.8222686998832,8.31367297177427));
#2435=CARTESIAN_POINT('Ctrl Pts',(17.0653768398731,56.310869380849,2.24846179206018));
#2436=CARTESIAN_POINT('Ctrl Pts',(17.2049261765459,56.9458439025181,-0.522668515257096));
#2437=CARTESIAN_POINT('Ctrl Pts',(16.3263190434241,58.0531477205393,-5.14596534025042));
#2438=CARTESIAN_POINT('Ctrl Pts',(15.5987267270144,58.5254770168917,-7.05048773395555));
#2439=CARTESIAN_POINT('Ctrl Pts',(13.041049384913,59.6920164617857,-11.2976037534291));
#2440=CARTESIAN_POINT('Ctrl Pts',(10.8483734910925,60.3862266103274,-13.4170642178905));
#2441=CARTESIAN_POINT('Ctrl Pts',(5.75521778276777,61.7578928474294,-16.2532210339859));
#2442=CARTESIAN_POINT('Ctrl Pts',(2.87918837638121,62.4353489359897,-17.));
#2443=CARTESIAN_POINT('Ctrl Pts',(1.35323471305783E-14,63.11280502455,-17.));
#2444=CARTESIAN_POINT('Ctrl Pts',(-3.12284933782575E-15,-0.280951952754259,
17.));
#2445=CARTESIAN_POINT('Ctrl Pts',(2.92003183169537,0.406114360585829,17.));
#2446=CARTESIAN_POINT('Ctrl Pts',(5.83667537597062,1.09318067392592,16.2314449896998));
#2447=CARTESIAN_POINT('Ctrl Pts',(10.8350252580775,2.44477409019697,13.4006925303608));
#2448=CARTESIAN_POINT('Ctrl Pts',(12.9361975280247,3.10930119312794,11.3855665714259));
#2449=CARTESIAN_POINT('Ctrl Pts',(15.8562930592711,4.40879980073847,6.69780324664997));
#2450=CARTESIAN_POINT('Ctrl Pts',(16.7264296266498,5.04377130541804,4.06314531576935));
#2451=CARTESIAN_POINT('Ctrl Pts',(17.1553790116741,6.29313543295863,-1.22929763268279));
#2452=CARTESIAN_POINT('Ctrl Pts',(16.7561380078716,6.90752805581964,-3.87943820224909));
#2453=CARTESIAN_POINT('Ctrl Pts',(14.8508285913082,8.11640136363125,-8.65079818472893));
#2454=CARTESIAN_POINT('Ctrl Pts',(13.3829026812555,8.71088204858188,-10.7833823499574));
#2455=CARTESIAN_POINT('Ctrl Pts',(9.72867881603541,9.88057680940086,-14.1537687610713));
#2456=CARTESIAN_POINT('Ctrl Pts',(7.56973048989719,10.4557908852693,-15.4167292885935));
#2457=CARTESIAN_POINT('Ctrl Pts',(2.93893526789623,11.6012562446824,-16.9185206541215));
#2458=CARTESIAN_POINT('Ctrl Pts',(0.472571939513241,12.1715075282273,-17.1653825298129));
#2459=CARTESIAN_POINT('Ctrl Pts',(-4.26310136651934,13.2930745063133,-16.6227568550414));
#2460=CARTESIAN_POINT('Ctrl Pts',(-6.53391912141377,13.8443902008546,-15.8681435473047));
#2461=CARTESIAN_POINT('Ctrl Pts',(-10.515706673464,14.928714770287,-13.5481157953528));
#2462=CARTESIAN_POINT('Ctrl Pts',(-12.2412267282482,15.4617236451782,-12.0118232019227));
#2463=CARTESIAN_POINT('Ctrl Pts',(-14.9143212193428,16.510042465942,-8.44745033801352));
#2464=CARTESIAN_POINT('Ctrl Pts',(-15.8850889796107,17.0253524118146,-6.43897062866385));
#2465=CARTESIAN_POINT('Ctrl Pts',(-16.9798870977581,18.0388610797432,-2.27301169599969));
#2466=CARTESIAN_POINT('Ctrl Pts',(-17.1308998844478,18.5370598017991,-0.124165904288581));
#2467=CARTESIAN_POINT('Ctrl Pts',(-16.6461693269675,19.5169142121376,4.01190801085283));
#2468=CARTESIAN_POINT('Ctrl Pts',(-16.036797341139,19.9985699004202,6.00095743934704));
#2469=CARTESIAN_POINT('Ctrl Pts',(-14.18511231065,20.9458875661114,9.57597413797907));
#2470=CARTESIAN_POINT('Ctrl Pts',(-12.9651734825711,21.4115495435199,11.1723304875855));
#2471=CARTESIAN_POINT('Ctrl Pts',(-10.1003348915192,22.3274108697149,13.807394131793));
#2472=CARTESIAN_POINT('Ctrl Pts',(-8.47167217483034,22.7776102185011,14.862424707756));
#2473=CARTESIAN_POINT('Ctrl Pts',(-3.35599189162121,24.0878055795243,17.0615421206241));
#2474=CARTESIAN_POINT('Ctrl Pts',(0.473375215825861,24.9478015917612,17.3820256879196));
#2475=CARTESIAN_POINT('Ctrl Pts',(7.34256637913045,26.611369277872,15.7082835078726));
#2476=CARTESIAN_POINT('Ctrl Pts',(10.4027596917246,27.4149409517461,13.8724922992182));
#2477=CARTESIAN_POINT('Ctrl Pts',(14.8039373965936,28.9693619619712,8.94575980810377));
#2478=CARTESIAN_POINT('Ctrl Pts',(16.2391447907454,29.7202112983223,5.95595143127917));
#2479=CARTESIAN_POINT('Ctrl Pts',(17.253062802463,31.1641807103733,-0.0965805741999574));
#2480=CARTESIAN_POINT('Ctrl Pts',(16.9674798108291,31.857300786073,-3.12764012350436));
#2481=CARTESIAN_POINT('Ctrl Pts',(14.9920989418683,33.1986140832163,-8.47502266146543));
#2482=CARTESIAN_POINT('Ctrl Pts',(13.398156508797,33.8468073046594,-10.8202791997666));
#2483=CARTESIAN_POINT('Ctrl Pts',(9.42838168559983,35.1011789749103,-14.378550906559));
#2484=CARTESIAN_POINT('Ctrl Pts',(7.11385413082301,35.7073574237176,-15.6534400943446));
#2485=CARTESIAN_POINT('Ctrl Pts',(2.31722441201533,36.8804228741824,-17.0127908288607));
#2486=CARTESIAN_POINT('Ctrl Pts',(-0.141221536904356,37.4473098758398,-17.1692934403172));
#2487=CARTESIAN_POINT('Ctrl Pts',(-4.77914623766431,38.5508145992597,-16.47303897518));
#2488=CARTESIAN_POINT('Ctrl Pts',(-6.96448306598584,39.0874323210223,-15.6747321336723));
#2489=CARTESIAN_POINT('Ctrl Pts',(-10.7220966843545,40.1254602758226,-13.3632995905774));
#2490=CARTESIAN_POINT('Ctrl Pts',(-12.3242011314857,40.6268705088604,-11.9018989966667));
#2491=CARTESIAN_POINT('Ctrl Pts',(-14.7967296103654,41.5967934495461,-8.60357987570658));
#2492=CARTESIAN_POINT('Ctrl Pts',(-15.7079991390386,42.0653061571944,-6.79879084013401));
#2493=CARTESIAN_POINT('Ctrl Pts',(-17.3388065937431,43.3988008197296,-1.37114408331592));
#2494=CARTESIAN_POINT('Ctrl Pts',(-17.213196235748,44.263782774617,2.49401795143395));
#2495=CARTESIAN_POINT('Ctrl Pts',(-14.8112869047346,45.88161339152,8.93662486552172));
#2496=CARTESIAN_POINT('Ctrl Pts',(-12.8272603715528,46.6344620535358,11.6059844529371));
#2497=CARTESIAN_POINT('Ctrl Pts',(-8.06063841591694,48.0425626600537,15.2243664898147));
#2498=CARTESIAN_POINT('Ctrl Pts',(-5.42278013425806,48.6978146045556,16.3508006624705));
#2499=CARTESIAN_POINT('Ctrl Pts',(-0.27892237615253,49.9233738796493,17.1696545854938));
#2500=CARTESIAN_POINT('Ctrl Pts',(2.19613307908876,50.4936812102407,17.0309082487111));
#2501=CARTESIAN_POINT('Ctrl Pts',(6.56545431051818,51.5603631858149,15.8223003738563));
#2502=CARTESIAN_POINT('Ctrl Pts',(8.49216613562747,52.0567378307979,14.8772811275761));
#2503=CARTESIAN_POINT('Ctrl Pts',(13.0868313621619,53.4067386350774,11.4410045191244));
#2504=CARTESIAN_POINT('Ctrl Pts',(15.2657977592618,54.2603647943749,8.31367297177427));
#2505=CARTESIAN_POINT('Ctrl Pts',(17.0653768398731,55.7489654753406,2.24846179206018));
#2506=CARTESIAN_POINT('Ctrl Pts',(17.2049261765459,56.3839399970097,-0.522668515257097));
#2507=CARTESIAN_POINT('Ctrl Pts',(16.3263190434241,57.4912438150309,-5.14596534025042));
#2508=CARTESIAN_POINT('Ctrl Pts',(15.5987267270144,57.9635731113833,-7.05048773395555));
#2509=CARTESIAN_POINT('Ctrl Pts',(13.041049384913,59.1301125562773,-11.2976037534291));
#2510=CARTESIAN_POINT('Ctrl Pts',(10.8483734910925,59.824322704819,-13.4170642178905));
#2511=CARTESIAN_POINT('Ctrl Pts',(5.75521778276777,61.195988941921,-16.2532210339859));
#2512=CARTESIAN_POINT('Ctrl Pts',(2.87918837638121,61.8734450304813,-17.));
#2513=CARTESIAN_POINT('Ctrl Pts',(1.35323471305783E-14,62.5509011190416,
-17.));
#2514=CARTESIAN_POINT('Ctrl Pts',(-3.12284933782575E-15,-0.842855858262633,
17.));
#2515=CARTESIAN_POINT('Ctrl Pts',(2.92003183169537,-0.155789544922545,17.));
#2516=CARTESIAN_POINT('Ctrl Pts',(5.83667537597062,0.531276768417542,16.2314449896998));
#2517=CARTESIAN_POINT('Ctrl Pts',(10.8350252580775,1.8828701846886,13.4006925303608));
#2518=CARTESIAN_POINT('Ctrl Pts',(12.9361975280247,2.54739728761957,11.3855665714259));
#2519=CARTESIAN_POINT('Ctrl Pts',(15.8562930592711,3.8468958952301,6.69780324664997));
#2520=CARTESIAN_POINT('Ctrl Pts',(16.7264296266498,4.48186739990967,4.06314531576935));
#2521=CARTESIAN_POINT('Ctrl Pts',(17.1553790116741,5.73123152745025,-1.22929763268279));
#2522=CARTESIAN_POINT('Ctrl Pts',(16.7561380078716,6.34562415031127,-3.87943820224909));
#2523=CARTESIAN_POINT('Ctrl Pts',(14.8508285913082,7.55449745812287,-8.65079818472893));
#2524=CARTESIAN_POINT('Ctrl Pts',(13.3829026812555,8.14897814307351,-10.7833823499574));
#2525=CARTESIAN_POINT('Ctrl Pts',(9.72867881603541,9.31867290389248,-14.1537687610713));
#2526=CARTESIAN_POINT('Ctrl Pts',(7.56973048989719,9.89388697976088,-15.4167292885935));
#2527=CARTESIAN_POINT('Ctrl Pts',(2.93893526789623,11.0393523391741,-16.9185206541215));
#2528=CARTESIAN_POINT('Ctrl Pts',(0.472571939513241,11.6096036227189,-17.1653825298129));
#2529=CARTESIAN_POINT('Ctrl Pts',(-4.26310136651934,12.7311706008049,-16.6227568550414));
#2530=CARTESIAN_POINT('Ctrl Pts',(-6.53391912141377,13.2824862953462,-15.8681435473047));
#2531=CARTESIAN_POINT('Ctrl Pts',(-10.515706673464,14.3668108647786,-13.5481157953528));
#2532=CARTESIAN_POINT('Ctrl Pts',(-12.2412267282482,14.8998197396698,-12.0118232019227));
#2533=CARTESIAN_POINT('Ctrl Pts',(-14.9143212193428,15.9481385604337,-8.44745033801352));
#2534=CARTESIAN_POINT('Ctrl Pts',(-15.8850889796107,16.4634485063062,-6.43897062866385));
#2535=CARTESIAN_POINT('Ctrl Pts',(-16.9798870977581,17.4769571742348,-2.27301169599969));
#2536=CARTESIAN_POINT('Ctrl Pts',(-17.1308998844478,17.9751558962907,-0.124165904288581));
#2537=CARTESIAN_POINT('Ctrl Pts',(-16.6461693269675,18.9550103066292,4.01190801085283));
#2538=CARTESIAN_POINT('Ctrl Pts',(-16.036797341139,19.4366659949118,6.00095743934704));
#2539=CARTESIAN_POINT('Ctrl Pts',(-14.18511231065,20.383983660603,9.57597413797907));
#2540=CARTESIAN_POINT('Ctrl Pts',(-12.9651734825711,20.8496456380115,11.1723304875855));
#2541=CARTESIAN_POINT('Ctrl Pts',(-10.1003348915192,21.7655069642065,13.807394131793));
#2542=CARTESIAN_POINT('Ctrl Pts',(-8.47167217483034,22.2157063129928,14.862424707756));
#2543=CARTESIAN_POINT('Ctrl Pts',(-3.35599189162122,23.5259016740159,17.0615421206241));
#2544=CARTESIAN_POINT('Ctrl Pts',(0.473375215825861,24.3858976862528,17.3820256879196));
#2545=CARTESIAN_POINT('Ctrl Pts',(7.34256637913045,26.0494653723637,15.7082835078726));
#2546=CARTESIAN_POINT('Ctrl Pts',(10.4027596917246,26.8530370462377,13.8724922992182));
#2547=CARTESIAN_POINT('Ctrl Pts',(14.8039373965936,28.4074580564628,8.94575980810377));
#2548=CARTESIAN_POINT('Ctrl Pts',(16.2391447907454,29.1583073928139,5.95595143127917));
#2549=CARTESIAN_POINT('Ctrl Pts',(17.253062802463,30.6022768048649,-0.0965805741999577));
#2550=CARTESIAN_POINT('Ctrl Pts',(16.9674798108291,31.2953968805646,-3.12764012350436));
#2551=CARTESIAN_POINT('Ctrl Pts',(14.9920989418683,32.6367101777079,-8.47502266146543));
#2552=CARTESIAN_POINT('Ctrl Pts',(13.398156508797,33.284903399151,-10.8202791997666));
#2553=CARTESIAN_POINT('Ctrl Pts',(9.42838168559983,34.5392750694019,-14.378550906559));
#2554=CARTESIAN_POINT('Ctrl Pts',(7.11385413082301,35.1454535182092,-15.6534400943446));
#2555=CARTESIAN_POINT('Ctrl Pts',(2.31722441201533,36.318518968674,-17.0127908288607));
#2556=CARTESIAN_POINT('Ctrl Pts',(-0.141221536904357,36.8854059703314,-17.1692934403172));
#2557=CARTESIAN_POINT('Ctrl Pts',(-4.77914623766431,37.9889106937513,-16.47303897518));
#2558=CARTESIAN_POINT('Ctrl Pts',(-6.96448306598584,38.5255284155139,-15.6747321336723));
#2559=CARTESIAN_POINT('Ctrl Pts',(-10.7220966843545,39.5635563703142,-13.3632995905774));
#2560=CARTESIAN_POINT('Ctrl Pts',(-12.3242011314857,40.064966603352,-11.9018989966667));
#2561=CARTESIAN_POINT('Ctrl Pts',(-14.7967296103654,41.0348895440377,-8.60357987570658));
#2562=CARTESIAN_POINT('Ctrl Pts',(-15.7079991390386,41.503402251686,-6.79879084013401));
#2563=CARTESIAN_POINT('Ctrl Pts',(-17.3388065937431,42.8368969142212,-1.37114408331592));
#2564=CARTESIAN_POINT('Ctrl Pts',(-17.213196235748,43.7018788691086,2.49401795143395));
#2565=CARTESIAN_POINT('Ctrl Pts',(-14.8112869047346,45.3197094860116,8.93662486552172));
#2566=CARTESIAN_POINT('Ctrl Pts',(-12.8272603715528,46.0725581480275,11.6059844529371));
#2567=CARTESIAN_POINT('Ctrl Pts',(-8.06063841591694,47.4806587545454,15.2243664898147));
#2568=CARTESIAN_POINT('Ctrl Pts',(-5.42278013425806,48.1359106990472,16.3508006624705));
#2569=CARTESIAN_POINT('Ctrl Pts',(-0.278922376152531,49.3614699741409,17.1696545854938));
#2570=CARTESIAN_POINT('Ctrl Pts',(2.19613307908876,49.9317773047324,17.0309082487111));
#2571=CARTESIAN_POINT('Ctrl Pts',(6.56545431051818,50.9984592803066,15.8223003738563));
#2572=CARTESIAN_POINT('Ctrl Pts',(8.49216613562748,51.4948339252895,14.8772811275762));
#2573=CARTESIAN_POINT('Ctrl Pts',(13.0868313621619,52.844834729569,11.4410045191244));
#2574=CARTESIAN_POINT('Ctrl Pts',(15.2657977592618,53.6984608888665,8.31367297177428));
#2575=CARTESIAN_POINT('Ctrl Pts',(17.0653768398731,55.1870615698322,2.24846179206017));
#2576=CARTESIAN_POINT('Ctrl Pts',(17.2049261765459,55.8220360915014,-0.522668515257097));
#2577=CARTESIAN_POINT('Ctrl Pts',(16.3263190434241,56.9293399095225,-5.14596534025042));
#2578=CARTESIAN_POINT('Ctrl Pts',(15.5987267270144,57.4016692058749,-7.05048773395555));
#2579=CARTESIAN_POINT('Ctrl Pts',(13.041049384913,58.5682086507689,-11.2976037534291));
#2580=CARTESIAN_POINT('Ctrl Pts',(10.8483734910925,59.2624187993106,-13.4170642178905));
#2581=CARTESIAN_POINT('Ctrl Pts',(5.75521778276777,60.6340850364127,-16.2532210339859));
#2582=CARTESIAN_POINT('Ctrl Pts',(2.87918837638121,61.3115411249729,-17.));
#2583=CARTESIAN_POINT('Ctrl Pts',(1.35323471305783E-14,61.9889972135332,
-17.));
#2584=CARTESIAN_POINT('',(-3.12284933782575E-15,0.84285585826249,17.));
#2585=CARTESIAN_POINT('',(-3.12284933782575E-15,-0.842855858262633,17.));
#2586=CARTESIAN_POINT('Ctrl Pts',(-3.12284933782575E-15,0.84285585826249,
17.));
#2587=CARTESIAN_POINT('Ctrl Pts',(2.92003183169537,1.52992217160258,17.));
#2588=CARTESIAN_POINT('Ctrl Pts',(5.83667537597062,2.21698848494267,16.2314449896998));
#2589=CARTESIAN_POINT('Ctrl Pts',(10.8350252580775,3.56858190121372,13.4006925303608));
#2590=CARTESIAN_POINT('Ctrl Pts',(12.9361975280247,4.23310900414469,11.3855665714259));
#2591=CARTESIAN_POINT('Ctrl Pts',(15.8562930592711,5.53260761175522,6.69780324664998));
#2592=CARTESIAN_POINT('Ctrl Pts',(16.7264296266498,6.16757911643479,4.06314531576935));
#2593=CARTESIAN_POINT('Ctrl Pts',(17.1553790116741,7.41694324397538,-1.22929763268279));
#2594=CARTESIAN_POINT('Ctrl Pts',(16.7561380078716,8.03133586683639,-3.87943820224909));
#2595=CARTESIAN_POINT('Ctrl Pts',(14.8508285913082,9.240209174648,-8.65079818472893));
#2596=CARTESIAN_POINT('Ctrl Pts',(13.3829026812555,9.83468985959863,-10.7833823499574));
#2597=CARTESIAN_POINT('Ctrl Pts',(9.72867881603541,11.0043846204176,-14.1537687610713));
#2598=CARTESIAN_POINT('Ctrl Pts',(7.56973048989718,11.579598696286,-15.4167292885935));
#2599=CARTESIAN_POINT('Ctrl Pts',(2.93893526789623,12.7250640556992,-16.9185206541215));
#2600=CARTESIAN_POINT('Ctrl Pts',(0.472571939513242,13.295315339244,-17.1653825298129));
#2601=CARTESIAN_POINT('Ctrl Pts',(-4.26310136651934,14.4168823173301,-16.6227568550414));
#2602=CARTESIAN_POINT('Ctrl Pts',(-6.53391912141377,14.9681980118713,-15.8681435473047));
#2603=CARTESIAN_POINT('Ctrl Pts',(-10.515706673464,16.0525225813037,-13.5481157953528));
#2604=CARTESIAN_POINT('Ctrl Pts',(-12.2412267282482,16.5855314561949,-12.0118232019227));
#2605=CARTESIAN_POINT('Ctrl Pts',(-14.9143212193428,17.6338502769588,-8.44745033801352));
#2606=CARTESIAN_POINT('Ctrl Pts',(-15.8850889796107,18.1491602228313,-6.43897062866385));
#2607=CARTESIAN_POINT('Ctrl Pts',(-16.9798870977581,19.16266889076,-2.27301169599969));
#2608=CARTESIAN_POINT('Ctrl Pts',(-17.1308998844478,19.6608676128158,-0.124165904288581));
#2609=CARTESIAN_POINT('Ctrl Pts',(-16.6461693269675,20.6407220231544,4.01190801085283));
#2610=CARTESIAN_POINT('Ctrl Pts',(-16.036797341139,21.1223777114369,6.00095743934704));
#2611=CARTESIAN_POINT('Ctrl Pts',(-14.18511231065,22.0696953771282,9.57597413797907));
#2612=CARTESIAN_POINT('Ctrl Pts',(-12.9651734825711,22.5353573545366,11.1723304875855));
#2613=CARTESIAN_POINT('Ctrl Pts',(-10.1003348915192,23.4512186807316,13.807394131793));
#2614=CARTESIAN_POINT('Ctrl Pts',(-8.47167217483035,23.9014180295179,14.862424707756));
#2615=CARTESIAN_POINT('Ctrl Pts',(-3.35599189162122,25.2116133905411,17.0615421206241));
#2616=CARTESIAN_POINT('Ctrl Pts',(0.47337521582586,26.071609402778,17.3820256879196));
#2617=CARTESIAN_POINT('Ctrl Pts',(7.34256637913045,27.7351770888888,15.7082835078726));
#2618=CARTESIAN_POINT('Ctrl Pts',(10.4027596917246,28.5387487627629,13.8724922992182));
#2619=CARTESIAN_POINT('Ctrl Pts',(14.8039373965936,30.0931697729879,8.94575980810377));
#2620=CARTESIAN_POINT('Ctrl Pts',(16.2391447907454,30.844019109339,5.95595143127917));
#2621=CARTESIAN_POINT('Ctrl Pts',(17.253062802463,32.2879885213901,-0.0965805741999572));
#2622=CARTESIAN_POINT('Ctrl Pts',(16.9674798108291,32.9811085970898,-3.12764012350436));
#2623=CARTESIAN_POINT('Ctrl Pts',(14.9920989418683,34.322421894233,-8.47502266146543));
#2624=CARTESIAN_POINT('Ctrl Pts',(13.398156508797,34.9706151156761,-10.8202791997667));
#2625=CARTESIAN_POINT('Ctrl Pts',(9.42838168559983,36.224986785927,-14.378550906559));
#2626=CARTESIAN_POINT('Ctrl Pts',(7.11385413082301,36.8311652347343,-15.6534400943446));
#2627=CARTESIAN_POINT('Ctrl Pts',(2.31722441201532,38.0042306851992,-17.0127908288607));
#2628=CARTESIAN_POINT('Ctrl Pts',(-0.141221536904357,38.5711176868565,-17.1692934403172));
#2629=CARTESIAN_POINT('Ctrl Pts',(-4.7791462376643,39.6746224102764,-16.47303897518));
#2630=CARTESIAN_POINT('Ctrl Pts',(-6.96448306598584,40.211240132039,-15.6747321336722));
#2631=CARTESIAN_POINT('Ctrl Pts',(-10.7220966843545,41.2492680868393,-13.3632995905774));
#2632=CARTESIAN_POINT('Ctrl Pts',(-12.3242011314857,41.7506783198771,-11.9018989966667));
#2633=CARTESIAN_POINT('Ctrl Pts',(-14.7967296103654,42.7206012605629,-8.60357987570658));
#2634=CARTESIAN_POINT('Ctrl Pts',(-15.7079991390386,43.1891139682112,-6.798790840134));
#2635=CARTESIAN_POINT('Ctrl Pts',(-17.3388065937431,44.5226086307464,-1.37114408331593));
#2636=CARTESIAN_POINT('Ctrl Pts',(-17.213196235748,45.3875905856337,2.49401795143395));
#2637=CARTESIAN_POINT('Ctrl Pts',(-14.8112869047346,47.0054212025368,8.93662486552172));
#2638=CARTESIAN_POINT('Ctrl Pts',(-12.8272603715528,47.7582698645526,11.6059844529371));
#2639=CARTESIAN_POINT('Ctrl Pts',(-8.06063841591694,49.1663704710705,15.2243664898147));
#2640=CARTESIAN_POINT('Ctrl Pts',(-5.42278013425806,49.8216224155723,16.3508006624705));
#2641=CARTESIAN_POINT('Ctrl Pts',(-0.278922376152529,51.047181690666,17.1696545854937));
#2642=CARTESIAN_POINT('Ctrl Pts',(2.19613307908876,51.6174890212575,17.030908248711));
#2643=CARTESIAN_POINT('Ctrl Pts',(6.56545431051818,52.6841709968317,15.8223003738563));
#2644=CARTESIAN_POINT('Ctrl Pts',(8.49216613562747,53.1805456418147,14.8772811275761));
#2645=CARTESIAN_POINT('Ctrl Pts',(13.0868313621619,54.5305464460941,11.4410045191244));
#2646=CARTESIAN_POINT('Ctrl Pts',(15.2657977592618,55.3841726053916,8.31367297177427));
#2647=CARTESIAN_POINT('Ctrl Pts',(17.0653768398731,56.8727732863573,2.24846179206018));
#2648=CARTESIAN_POINT('Ctrl Pts',(17.2049261765459,57.5077478080265,-0.522668515257096));
#2649=CARTESIAN_POINT('Ctrl Pts',(16.3263190434241,58.6150516260477,-5.14596534025043));
#2650=CARTESIAN_POINT('Ctrl Pts',(15.5987267270144,59.0873809224,-7.05048773395555));
#2651=CARTESIAN_POINT('Ctrl Pts',(13.0410493849131,60.2539203672941,-11.2976037534291));
#2652=CARTESIAN_POINT('Ctrl Pts',(10.8483734910925,60.9481305158358,-13.4170642178905));
#2653=CARTESIAN_POINT('Ctrl Pts',(5.75521778276777,62.3197967529378,-16.2532210339859));
#2654=CARTESIAN_POINT('Ctrl Pts',(2.87918837638121,62.9972528414981,-17.));
#2655=CARTESIAN_POINT('Ctrl Pts',(1.35323471305783E-14,63.6747089300584,
-17.));
#2656=CARTESIAN_POINT('Ctrl Pts',(-2.29588515368018E-15,2.48137099608445,
12.4982166573996));
#2657=CARTESIAN_POINT('Ctrl Pts',(2.1467759105313,3.16843730942454,12.4982166573996));
#2658=CARTESIAN_POINT('Ctrl Pts',(4.29106078869353,3.85550362276463,11.9331833025842));
#2659=CARTESIAN_POINT('Ctrl Pts',(7.96579371552058,5.20709703903568,9.85204462374383));
#2660=CARTESIAN_POINT('Ctrl Pts',(9.51055290753941,5.87162414196665,8.37054575158397));
#2661=CARTESIAN_POINT('Ctrl Pts',(11.6573756492937,7.17112274957718,4.92415271207446));
#2662=CARTESIAN_POINT('Ctrl Pts',(12.2970906693304,7.80609425425675,2.98718061570492));
#2663=CARTESIAN_POINT('Ctrl Pts',(12.6124496310417,9.05545838179734,-0.903766361746934));
#2664=CARTESIAN_POINT('Ctrl Pts',(12.3189319508039,9.66985100465835,-2.85212112710011));
#2665=CARTESIAN_POINT('Ctrl Pts',(10.9181690162397,10.87872431247,-6.35997352777537));
#2666=CARTESIAN_POINT('Ctrl Pts',(9.83896571854265,11.4732049974206,-7.9278264064321));
#2667=CARTESIAN_POINT('Ctrl Pts',(7.15241974312143,12.6428997582396,-10.4056981467414));
#2668=CARTESIAN_POINT('Ctrl Pts',(5.56518421769756,13.218113834108,-11.3342131057247));
#2669=CARTESIAN_POINT('Ctrl Pts',(2.16067351295528,14.3635791935211,-12.438313921053));
#2670=CARTESIAN_POINT('Ctrl Pts',(0.347429793308472,14.933830477066,-12.6198041096908));
#2671=CARTESIAN_POINT('Ctrl Pts',(-3.13418614771853,16.055397455152,-12.2208715657401));
#2672=CARTESIAN_POINT('Ctrl Pts',(-4.80366687066796,16.6067131496933,-11.6660880002901));
#2673=CARTESIAN_POINT('Ctrl Pts',(-7.73103413591856,17.6910377191257,-9.96042861822691));
#2674=CARTESIAN_POINT('Ctrl Pts',(-8.99961787070567,18.2240465940169,-8.83096287223581));
#2675=CARTESIAN_POINT('Ctrl Pts',(-10.9648481116117,19.2723654147807,-6.21047438394802));
#2676=CARTESIAN_POINT('Ctrl Pts',(-11.6785460993673,19.7876753606533,-4.73386176280431));
#2677=CARTESIAN_POINT('Ctrl Pts',(-12.4834298685862,20.8011840285819,-1.67109368478867));
#2678=CARTESIAN_POINT('Ctrl Pts',(-12.5944528407089,21.2993827506378,-0.0912854337212138));
#2679=CARTESIAN_POINT('Ctrl Pts',(-12.2380841626,22.2792371609763,2.94951150171739));
#2680=CARTESIAN_POINT('Ctrl Pts',(-11.7900804506097,22.7608928492589,4.41183918992901));
#2681=CARTESIAN_POINT('Ctrl Pts',(-10.4287415863559,23.7082105149501,7.0401529107128));
#2682=CARTESIAN_POINT('Ctrl Pts',(-9.53185571682037,24.1738724923586,8.21377688246556));
#2683=CARTESIAN_POINT('Ctrl Pts',(-7.42565728155879,25.0897338185536,10.1510472548974));
#2684=CARTESIAN_POINT('Ctrl Pts',(-6.22828201714666,25.5399331673398,10.9266943559896));
#2685=CARTESIAN_POINT('Ctrl Pts',(-2.46728904482107,26.850128528363,12.5434617607593));
#2686=CARTESIAN_POINT('Ctrl Pts',(0.348020353390288,27.7101245405999,12.779077823065));
#2687=CARTESIAN_POINT('Ctrl Pts',(5.39817561339473,29.3736922267107,11.5485606233676));
#2688=CARTESIAN_POINT('Ctrl Pts',(7.64799673306105,30.1772639005848,10.1989067255139));
#2689=CARTESIAN_POINT('Ctrl Pts',(10.8836951156004,31.7316849108099,6.57682613216108));
#2690=CARTESIAN_POINT('Ctrl Pts',(11.9388441132717,32.482534247161,4.37875125818096));
#2691=CARTESIAN_POINT('Ctrl Pts',(12.6842657005238,33.926503659212,-0.0710049965439474));
#2692=CARTESIAN_POINT('Ctrl Pts',(12.4743081650468,34.6196237349118,-2.29940728764315));
#2693=CARTESIAN_POINT('Ctrl Pts',(11.0220294543906,35.960937032055,-6.23074525878624));
#2694=CARTESIAN_POINT('Ctrl Pts',(9.85018016804077,36.6091302534981,-7.95495257248459));
#2695=CARTESIAN_POINT('Ctrl Pts',(6.93164453148735,37.863501923749,-10.5709555558602));
#2696=CARTESIAN_POINT('Ctrl Pts',(5.23002883506842,38.4696803725563,-11.5082403372202));
#2697=CARTESIAN_POINT('Ctrl Pts',(1.70359839677546,39.6427458230211,-12.5076203368307));
#2698=CARTESIAN_POINT('Ctrl Pts',(-0.103824550877741,40.2096328246785,-12.6226793689149));
#2699=CARTESIAN_POINT('Ctrl Pts',(-3.51357677151321,41.3131375480984,-12.1108005951522));
#2700=CARTESIAN_POINT('Ctrl Pts',(-5.12021283914598,41.849755269861,-11.5238940149023));
#2701=CARTESIAN_POINT('Ctrl Pts',(-7.88276984603817,42.8877832246613,-9.82455373769265));
#2702=CARTESIAN_POINT('Ctrl Pts',(-9.0606197570987,43.3891934576991,-8.75014778204866));
#2703=CARTESIAN_POINT('Ctrl Pts',(-10.8783960289004,44.3591163983848,-6.32525913622494));
#2704=CARTESIAN_POINT('Ctrl Pts',(-11.5483515584677,44.8276291060331,-4.99839770166697));
#2705=CARTESIAN_POINT('Ctrl Pts',(-12.7473036111382,46.1611237685683,-1.00805034245847));
#2706=CARTESIAN_POINT('Ctrl Pts',(-12.6549562306302,47.0261057234557,1.83357510026267));
#2707=CARTESIAN_POINT('Ctrl Pts',(-10.8890983947223,48.6439363403588,6.57011022089382));
#2708=CARTESIAN_POINT('Ctrl Pts',(-9.43046348497314,49.3967850023745,8.53259460089524));
#2709=CARTESIAN_POINT('Ctrl Pts',(-5.92609443053459,50.8048856088924,11.1927900506681));
#2710=CARTESIAN_POINT('Ctrl Pts',(-3.98676947078822,51.4601375533943,12.0209323059711));
#2711=CARTESIAN_POINT('Ctrl Pts',(-0.205060722808881,52.685696828488,12.6229448789538));
#2712=CARTESIAN_POINT('Ctrl Pts',(1.61457335476078,53.2560041590795,12.5209400685108));
#2713=CARTESIAN_POINT('Ctrl Pts',(4.82685120159496,54.3226861346537,11.632384593583));
#2714=CARTESIAN_POINT('Ctrl Pts',(6.24334895610022,54.8190607796366,10.937616635617));
#2715=CARTESIAN_POINT('Ctrl Pts',(9.62129727783247,56.1690615839161,8.41130313284147));
#2716=CARTESIAN_POINT('Ctrl Pts',(11.2232498731352,57.0226877432135,6.11212270705893));
#2717=CARTESIAN_POINT('Ctrl Pts',(12.5462810049943,58.5112884241793,1.65304486017959));
#2718=CARTESIAN_POINT('Ctrl Pts',(12.6488761722962,59.1462629458484,-0.384260255510857));
#2719=CARTESIAN_POINT('Ctrl Pts',(12.002933683679,60.2535667638696,-3.78325821964228));
#2720=CARTESIAN_POINT('Ctrl Pts',(11.468015659635,60.725896060222,-5.1834425434891));
#2721=CARTESIAN_POINT('Ctrl Pts',(9.58763886191123,61.892435505116,-8.30587643645924));
#2722=CARTESIAN_POINT('Ctrl Pts',(7.97560719247437,62.5866456536577,-9.86408091184935));
#2723=CARTESIAN_POINT('Ctrl Pts',(4.23117404467944,63.9583118907597,-11.9491928154918));
#2724=CARTESIAN_POINT('Ctrl Pts',(2.11674824267523,64.63576797932,-12.4982166573996));
#2725=CARTESIAN_POINT('Ctrl Pts',(9.94883566594745E-15,65.3132240678803,
-12.4982166573996));
#2726=CARTESIAN_POINT('Ctrl Pts',(-2.5715398817287E-15,1.93519928347713,
13.9988111049331));
#2727=CARTESIAN_POINT('Ctrl Pts',(2.40452788425266,2.62226559681722,13.9988111049331));
#2728=CARTESIAN_POINT('Ctrl Pts',(4.80626565111923,3.30933191015731,13.3659371982894));
#2729=CARTESIAN_POINT('Ctrl Pts',(8.92220422970623,4.66092532642836,11.0349272592828));
#2730=CARTESIAN_POINT('Ctrl Pts',(10.6524344477012,5.32545242935933,9.37555269153129));
#2731=CARTESIAN_POINT('Ctrl Pts',(13.0570147859528,6.62495103696986,5.51536955693296));
#2732=CARTESIAN_POINT('Ctrl Pts',(13.7735369884368,7.25992254164943,3.34583551572639));
#2733=CARTESIAN_POINT('Ctrl Pts',(14.1267594245858,8.50928666919002,-1.01227678539222));
#2734=CARTESIAN_POINT('Ctrl Pts',(13.7980006364931,9.12367929205103,-3.19456015214977));
#2735=CARTESIAN_POINT('Ctrl Pts',(12.2290555412625,10.3325525998626,-7.12358174675989));
#2736=CARTESIAN_POINT('Ctrl Pts',(11.0202780394469,10.9270332848133,-8.87967838760719));
#2737=CARTESIAN_POINT('Ctrl Pts',(8.01117276742609,12.0967280456323,-11.6550550181847));
#2738=CARTESIAN_POINT('Ctrl Pts',(6.23336630843077,12.6719421215006,-12.6950518333476));
#2739=CARTESIAN_POINT('Ctrl Pts',(2.4200940979356,13.8174074809138,-13.9317161654092));
#2740=CARTESIAN_POINT('Ctrl Pts',(0.389143842043396,14.3876587644587,-14.1349969163981));
#2741=CARTESIAN_POINT('Ctrl Pts',(-3.51049122065213,15.5092257425447,-13.6881666621739));
#2742=CARTESIAN_POINT('Ctrl Pts',(-5.38041762091656,16.060541437086,-13.0667731826283));
#2743=CARTESIAN_POINT('Ctrl Pts',(-8.65925831510037,17.1448660065184,-11.1563243439356));
#2744=CARTESIAN_POINT('Ctrl Pts',(-10.0801541565532,17.6778748814096,-9.8912496487981));
#2745=CARTESIAN_POINT('Ctrl Pts',(-12.2813391475221,18.7261937021734,-6.95613303530319));
#2746=CARTESIAN_POINT('Ctrl Pts',(-13.0807270594485,19.241503648046,-5.30223138475749));
#2747=CARTESIAN_POINT('Ctrl Pts',(-13.9822489449768,20.2550123159746,-1.87173302185901));
#2748=CARTESIAN_POINT('Ctrl Pts',(-14.1066018552885,20.7532110380305,-0.102245590577001));
#2749=CARTESIAN_POINT('Ctrl Pts',(-13.7074458840558,21.733065448369,3.3036436714292));
#2750=CARTESIAN_POINT('Ctrl Pts',(-13.2056527474528,22.2147211366516,4.94154527306836));
#2751=CARTESIAN_POINT('Ctrl Pts',(-11.6808651611206,23.1620388023428,7.88542665313489));
#2752=CARTESIAN_POINT('Ctrl Pts',(-10.6762949720706,23.6277007797513,9.19996141750555));
#2753=CARTESIAN_POINT('Ctrl Pts',(-8.31721648487892,24.5435621059462,11.3698295471959));
#2754=CARTESIAN_POINT('Ctrl Pts',(-6.97607873637456,24.9937614547325,12.2386044732451));
#2755=CARTESIAN_POINT('Ctrl Pts',(-2.76352332708779,26.3039568157557,14.0494885473809));
#2756=CARTESIAN_POINT('Ctrl Pts',(0.38980530753548,27.1639528279926,14.3133937780165));
#2757=CARTESIAN_POINT('Ctrl Pts',(6.04630586863997,28.8275205141034,12.9351349182026));
#2758=CARTESIAN_POINT('Ctrl Pts',(8.56625105261558,29.6310921879775,11.423435250082));
#2759=CARTESIAN_POINT('Ctrl Pts',(12.1904425425982,31.1855131982026,7.36647069080864));
#2760=CARTESIAN_POINT('Ctrl Pts',(13.3722776724296,31.9363625345537,4.9044846492137));
#2761=CARTESIAN_POINT('Ctrl Pts',(14.2071980678368,33.3803319466047,-0.0795301890959522));
#2762=CARTESIAN_POINT('Ctrl Pts',(13.9720320469742,34.0734520223044,-2.57548489959688));
#2763=CARTESIAN_POINT('Ctrl Pts',(12.3453859502165,35.4147653194477,-6.97883772634597));
#2764=CARTESIAN_POINT('Ctrl Pts',(11.0328389482928,36.0629585408908,-8.91006144824528));
#2765=CARTESIAN_POINT('Ctrl Pts',(7.76389024952485,37.3173302111416,-11.8401540060931));
#2766=CARTESIAN_POINT('Ctrl Pts',(5.85797060031994,37.923508659949,-12.889973589595));
#2767=CARTESIAN_POINT('Ctrl Pts',(1.90814040185542,39.0965741104138,-14.009343834174));
#2768=CARTESIAN_POINT('Ctrl Pts',(-0.116290212886616,39.6634611120712,-14.1382173927157));
#2769=CARTESIAN_POINT('Ctrl Pts',(-3.93543326023024,40.766965835491,-13.5648800551615));
#2770=CARTESIAN_POINT('Ctrl Pts',(-5.73496958142593,41.3035835572537,-12.9075067211589));
#2771=CARTESIAN_POINT('Ctrl Pts',(-8.82921212547697,42.3416115120539,-11.0041356886542));
#2772=CARTESIAN_POINT('Ctrl Pts',(-10.1484802152277,42.8430217450917,-9.80073152025468));
#2773=CARTESIAN_POINT('Ctrl Pts',(-12.184507222722,43.8129446857775,-7.08469938271882));
#2774=CARTESIAN_POINT('Ctrl Pts',(-12.9349007519913,44.2814573934258,-5.59852874782264));
#2775=CARTESIAN_POINT('Ctrl Pts',(-14.2778046053399,45.614952055961,-1.12908158941096));
#2776=CARTESIAN_POINT('Ctrl Pts',(-14.1743695656695,46.4799340108484,2.05372271731977));
#2777=CARTESIAN_POINT('Ctrl Pts',(-12.1964945647264,48.0977646277514,7.35894843576979));
#2778=CARTESIAN_POINT('Ctrl Pts',(-10.562729113833,48.8506132897672,9.55705788490919));
#2779=CARTESIAN_POINT('Ctrl Pts',(-6.63760909232871,50.2587138962851,12.536648863717));
#2780=CARTESIAN_POINT('Ctrl Pts',(-4.46543969194484,50.913965840787,13.4642217581376));
#2781=CARTESIAN_POINT('Ctrl Pts',(-0.22968127392343,52.1395251158806,14.1385147811338));
#2782=CARTESIAN_POINT('Ctrl Pts',(1.80842659620345,52.7098324464722,14.0242627952442));
#2783=CARTESIAN_POINT('Ctrl Pts',(5.40638557123603,53.7765144220463,13.0290231870074));
#2784=CARTESIAN_POINT('Ctrl Pts',(6.99295468260931,54.2728890670293,12.2508381329367));
#2785=CARTESIAN_POINT('Ctrl Pts',(10.7764753059423,55.6228898713088,9.4212035949358));
#2786=CARTESIAN_POINT('Ctrl Pts',(12.5707658351774,56.4765160306062,6.84597279529738));
#2787=CARTESIAN_POINT('Ctrl Pts',(14.0526462832873,57.965116711572,1.85151717080645));
#2788=CARTESIAN_POINT('Ctrl Pts',(14.1675595070461,58.6000912332411,-0.430396342092931));
#2789=CARTESIAN_POINT('Ctrl Pts',(13.4440621369273,59.7073950512623,-4.23749392651167));
#2790=CARTESIAN_POINT('Ctrl Pts',(12.8449193487615,60.1797243476147,-5.80579094031125));
#2791=CARTESIAN_POINT('Ctrl Pts',(10.7387757029118,61.3462637925087,-9.30311887544918));
#2792=CARTESIAN_POINT('Ctrl Pts',(8.93319595868041,62.0404739410504,-11.0484086805297));
#2793=CARTESIAN_POINT('Ctrl Pts',(4.73918862404221,63.4121401781524,-13.3838688883232));
#2794=CARTESIAN_POINT('Ctrl Pts',(2.37089495391057,64.0895962667127,-13.9988111049331));
#2795=CARTESIAN_POINT('Ctrl Pts',(1.11433394874911E-14,64.767052355273,
-13.9988111049331));
#2796=CARTESIAN_POINT('Ctrl Pts',(-2.84719460977723E-15,1.38902757086981,
15.4994055524665));
#2797=CARTESIAN_POINT('Ctrl Pts',(2.66227985797401,2.0760938842099,15.4994055524665));
#2798=CARTESIAN_POINT('Ctrl Pts',(5.32147051354492,2.76316019754999,14.7986910939946));
#2799=CARTESIAN_POINT('Ctrl Pts',(9.87861474389188,4.11475361382104,12.2178098948218));
#2800=CARTESIAN_POINT('Ctrl Pts',(11.794315987863,4.77928071675201,10.3805596314786));
#2801=CARTESIAN_POINT('Ctrl Pts',(14.456653922612,6.07877932436254,6.10658640179147));
#2802=CARTESIAN_POINT('Ctrl Pts',(15.2499833075433,6.71375082904211,3.70449041574787));
#2803=CARTESIAN_POINT('Ctrl Pts',(15.64106921813,7.9631149565827,-1.1207872090375));
#2804=CARTESIAN_POINT('Ctrl Pts',(15.2770693221823,8.57750757944371,-3.53699917719943));
#2805=CARTESIAN_POINT('Ctrl Pts',(13.5399420662854,9.78638088725532,-7.88718996574441));
#2806=CARTESIAN_POINT('Ctrl Pts',(12.2015903603512,10.380861572206,-9.83153036878228));
#2807=CARTESIAN_POINT('Ctrl Pts',(8.86992579173075,11.5505563330249,-12.904411889628));
#2808=CARTESIAN_POINT('Ctrl Pts',(6.90154839916398,12.1257704088933,-14.0558905609706));
#2809=CARTESIAN_POINT('Ctrl Pts',(2.67951468291591,13.2712357683065,-15.4251184097653));
#2810=CARTESIAN_POINT('Ctrl Pts',(0.430857890778318,13.8414870518513,-15.6501897231055));
#2811=CARTESIAN_POINT('Ctrl Pts',(-3.88679629358573,14.9630540299374,-15.1554617586076));
#2812=CARTESIAN_POINT('Ctrl Pts',(-5.95716837116516,15.5143697244786,-14.4674583649665));
#2813=CARTESIAN_POINT('Ctrl Pts',(-9.58748249428218,16.5986942939111,-12.3522200696442));
#2814=CARTESIAN_POINT('Ctrl Pts',(-11.1606904424007,17.1317031688022,-10.9515364253604));
#2815=CARTESIAN_POINT('Ctrl Pts',(-13.5978301834324,18.1800219895661,-7.70179168665836));
#2816=CARTESIAN_POINT('Ctrl Pts',(-14.4829080195296,18.6953319354387,-5.87060100671067));
#2817=CARTESIAN_POINT('Ctrl Pts',(-15.4810680213674,19.7088406033673,-2.07237235892935));
#2818=CARTESIAN_POINT('Ctrl Pts',(-15.6187508698682,20.2070393254231,-0.113205747432794));
#2819=CARTESIAN_POINT('Ctrl Pts',(-15.1768076055116,21.1868937357617,3.65777584114102));
#2820=CARTESIAN_POINT('Ctrl Pts',(-14.6212250442959,21.6685494240442,5.4712513562077));
#2821=CARTESIAN_POINT('Ctrl Pts',(-12.9329887358853,22.6158670897355,8.73070039555698));
#2822=CARTESIAN_POINT('Ctrl Pts',(-11.8207342273209,23.0815290671439,10.1861459525455));
#2823=CARTESIAN_POINT('Ctrl Pts',(-9.20877568819905,23.9973903933389,12.5886118394945));
#2824=CARTESIAN_POINT('Ctrl Pts',(-7.72387545560245,24.4475897421252,13.5505145905005));
#2825=CARTESIAN_POINT('Ctrl Pts',(-3.0597576093545,25.7577851031484,15.5555153340025));
#2826=CARTESIAN_POINT('Ctrl Pts',(0.431590261680668,26.6177811153853,15.8477097329681));
#2827=CARTESIAN_POINT('Ctrl Pts',(6.69443612388521,28.2813488014961,14.3217092130376));
#2828=CARTESIAN_POINT('Ctrl Pts',(9.4845053721701,29.0849204753702,12.6479637746501));
#2829=CARTESIAN_POINT('Ctrl Pts',(13.4971899695959,30.6393414855952,8.15611524945621));
#2830=CARTESIAN_POINT('Ctrl Pts',(14.8057112315875,31.3901908219464,5.43021804024644));
#2831=CARTESIAN_POINT('Ctrl Pts',(15.7301304351499,32.8341602339974,-0.0880553816479525));
#2832=CARTESIAN_POINT('Ctrl Pts',(15.4697559289016,33.5272803096971,-2.85156251155062));
#2833=CARTESIAN_POINT('Ctrl Pts',(13.6687424460424,34.8685936068404,-7.7269301939057));
#2834=CARTESIAN_POINT('Ctrl Pts',(12.2154977285449,35.5167868282834,-9.86517032400596));
#2835=CARTESIAN_POINT('Ctrl Pts',(8.59613596756233,36.7711584985343,-13.1093524563261));
#2836=CARTESIAN_POINT('Ctrl Pts',(6.48591236557148,37.3773369473417,-14.2717068419698));
#2837=CARTESIAN_POINT('Ctrl Pts',(2.11268240693537,38.5504023978065,-15.5110673315174));
#2838=CARTESIAN_POINT('Ctrl Pts',(-0.128755874895482,39.1172893994638,-15.6537554165165));
#2839=CARTESIAN_POINT('Ctrl Pts',(-4.35728974894727,40.2207941228837,-15.0189595151707));
#2840=CARTESIAN_POINT('Ctrl Pts',(-6.34972632370589,40.7574118446464,-14.2911194274156));
#2841=CARTESIAN_POINT('Ctrl Pts',(-9.77565440491575,41.7954397994466,-12.1837176396158));
#2842=CARTESIAN_POINT('Ctrl Pts',(-11.2363406733567,42.2968500324844,-10.8513152584607));
#2843=CARTESIAN_POINT('Ctrl Pts',(-13.4906184165437,43.2667729731702,-7.8441396292127));
#2844=CARTESIAN_POINT('Ctrl Pts',(-14.3214499455149,43.7352856808185,-6.19865979397833));
#2845=CARTESIAN_POINT('Ctrl Pts',(-15.8083055995415,45.0687803433537,-1.25011283636344));
#2846=CARTESIAN_POINT('Ctrl Pts',(-15.6937829007087,45.933762298241,2.27387033437685));
#2847=CARTESIAN_POINT('Ctrl Pts',(-13.5038907347305,47.5515929151441,8.14778665064576));
#2848=CARTESIAN_POINT('Ctrl Pts',(-11.6949947426929,48.3044415771599,10.5815211689231));
#2849=CARTESIAN_POINT('Ctrl Pts',(-7.34912375412283,49.7125421836778,13.8805076767658));
#2850=CARTESIAN_POINT('Ctrl Pts',(-4.94410991310145,50.3677941281797,14.9075112103041));
#2851=CARTESIAN_POINT('Ctrl Pts',(-0.25430182503798,51.5933534032733,15.6540846833138));
#2852=CARTESIAN_POINT('Ctrl Pts',(2.0022798376461,52.1636607338648,15.5275855219777));
#2853=CARTESIAN_POINT('Ctrl Pts',(5.98591994087711,53.230342709439,14.4256617804318));
#2854=CARTESIAN_POINT('Ctrl Pts',(7.74256040911839,53.726717354422,13.5640596302564));
#2855=CARTESIAN_POINT('Ctrl Pts',(11.9316533340521,55.0767181587014,10.4311040570301));
#2856=CARTESIAN_POINT('Ctrl Pts',(13.9182817972196,55.9303443179989,7.57982288353583));
#2857=CARTESIAN_POINT('Ctrl Pts',(15.5590115615802,57.4189449989646,2.04998948143332));
#2858=CARTESIAN_POINT('Ctrl Pts',(15.686242841796,58.0539195206338,-0.476532428675022));
#2859=CARTESIAN_POINT('Ctrl Pts',(14.8851905901757,59.161223338655,-4.69172963338104));
#2860=CARTESIAN_POINT('Ctrl Pts',(14.2218230378879,59.6335526350073,-6.4281393371334));
#2861=CARTESIAN_POINT('Ctrl Pts',(11.8899125439125,60.8000920799014,-10.3003613144391));
#2862=CARTESIAN_POINT('Ctrl Pts',(9.89078472488644,61.4943022284431,-12.2327364492101));
#2863=CARTESIAN_POINT('Ctrl Pts',(5.24720320340499,62.8659684655451,-14.8185449611545));
#2864=CARTESIAN_POINT('Ctrl Pts',(2.62504166514588,63.5434245541054,-15.4994055524665));
#2865=CARTESIAN_POINT('Ctrl Pts',(1.23378433090347E-14,64.2208806426657,
-15.4994055524665));
#2866=CARTESIAN_POINT('Ctrl Pts',(-3.12284933782575E-15,0.84285585826249,
17.));
#2867=CARTESIAN_POINT('Ctrl Pts',(2.92003183169537,1.52992217160258,17.));
#2868=CARTESIAN_POINT('Ctrl Pts',(5.83667537597062,2.21698848494267,16.2314449896998));
#2869=CARTESIAN_POINT('Ctrl Pts',(10.8350252580775,3.56858190121372,13.4006925303608));
#2870=CARTESIAN_POINT('Ctrl Pts',(12.9361975280247,4.23310900414469,11.3855665714259));
#2871=CARTESIAN_POINT('Ctrl Pts',(15.8562930592711,5.53260761175522,6.69780324664998));
#2872=CARTESIAN_POINT('Ctrl Pts',(16.7264296266498,6.16757911643479,4.06314531576935));
#2873=CARTESIAN_POINT('Ctrl Pts',(17.1553790116741,7.41694324397538,-1.22929763268279));
#2874=CARTESIAN_POINT('Ctrl Pts',(16.7561380078716,8.03133586683639,-3.87943820224909));
#2875=CARTESIAN_POINT('Ctrl Pts',(14.8508285913082,9.240209174648,-8.65079818472893));
#2876=CARTESIAN_POINT('Ctrl Pts',(13.3829026812555,9.83468985959863,-10.7833823499574));
#2877=CARTESIAN_POINT('Ctrl Pts',(9.72867881603541,11.0043846204176,-14.1537687610713));
#2878=CARTESIAN_POINT('Ctrl Pts',(7.56973048989718,11.579598696286,-15.4167292885935));
#2879=CARTESIAN_POINT('Ctrl Pts',(2.93893526789623,12.7250640556992,-16.9185206541215));
#2880=CARTESIAN_POINT('Ctrl Pts',(0.472571939513242,13.295315339244,-17.1653825298129));
#2881=CARTESIAN_POINT('Ctrl Pts',(-4.26310136651934,14.4168823173301,-16.6227568550414));
#2882=CARTESIAN_POINT('Ctrl Pts',(-6.53391912141377,14.9681980118713,-15.8681435473047));
#2883=CARTESIAN_POINT('Ctrl Pts',(-10.515706673464,16.0525225813037,-13.5481157953528));
#2884=CARTESIAN_POINT('Ctrl Pts',(-12.2412267282482,16.5855314561949,-12.0118232019227));
#2885=CARTESIAN_POINT('Ctrl Pts',(-14.9143212193428,17.6338502769588,-8.44745033801352));
#2886=CARTESIAN_POINT('Ctrl Pts',(-15.8850889796107,18.1491602228313,-6.43897062866385));
#2887=CARTESIAN_POINT('Ctrl Pts',(-16.9798870977581,19.16266889076,-2.27301169599969));
#2888=CARTESIAN_POINT('Ctrl Pts',(-17.1308998844478,19.6608676128158,-0.124165904288581));
#2889=CARTESIAN_POINT('Ctrl Pts',(-16.6461693269675,20.6407220231544,4.01190801085283));
#2890=CARTESIAN_POINT('Ctrl Pts',(-16.036797341139,21.1223777114369,6.00095743934704));
#2891=CARTESIAN_POINT('Ctrl Pts',(-14.18511231065,22.0696953771282,9.57597413797907));
#2892=CARTESIAN_POINT('Ctrl Pts',(-12.9651734825711,22.5353573545366,11.1723304875855));
#2893=CARTESIAN_POINT('Ctrl Pts',(-10.1003348915192,23.4512186807316,13.807394131793));
#2894=CARTESIAN_POINT('Ctrl Pts',(-8.47167217483035,23.9014180295179,14.862424707756));
#2895=CARTESIAN_POINT('Ctrl Pts',(-3.35599189162122,25.2116133905411,17.0615421206241));
#2896=CARTESIAN_POINT('Ctrl Pts',(0.47337521582586,26.071609402778,17.3820256879196));
#2897=CARTESIAN_POINT('Ctrl Pts',(7.34256637913045,27.7351770888888,15.7082835078726));
#2898=CARTESIAN_POINT('Ctrl Pts',(10.4027596917246,28.5387487627629,13.8724922992182));
#2899=CARTESIAN_POINT('Ctrl Pts',(14.8039373965936,30.0931697729879,8.94575980810377));
#2900=CARTESIAN_POINT('Ctrl Pts',(16.2391447907454,30.844019109339,5.95595143127917));
#2901=CARTESIAN_POINT('Ctrl Pts',(17.253062802463,32.2879885213901,-0.0965805741999572));
#2902=CARTESIAN_POINT('Ctrl Pts',(16.9674798108291,32.9811085970898,-3.12764012350436));
#2903=CARTESIAN_POINT('Ctrl Pts',(14.9920989418683,34.322421894233,-8.47502266146543));
#2904=CARTESIAN_POINT('Ctrl Pts',(13.398156508797,34.9706151156761,-10.8202791997667));
#2905=CARTESIAN_POINT('Ctrl Pts',(9.42838168559983,36.224986785927,-14.378550906559));
#2906=CARTESIAN_POINT('Ctrl Pts',(7.11385413082301,36.8311652347343,-15.6534400943446));
#2907=CARTESIAN_POINT('Ctrl Pts',(2.31722441201532,38.0042306851992,-17.0127908288607));
#2908=CARTESIAN_POINT('Ctrl Pts',(-0.141221536904357,38.5711176868565,-17.1692934403172));
#2909=CARTESIAN_POINT('Ctrl Pts',(-4.7791462376643,39.6746224102764,-16.47303897518));
#2910=CARTESIAN_POINT('Ctrl Pts',(-6.96448306598584,40.211240132039,-15.6747321336722));
#2911=CARTESIAN_POINT('Ctrl Pts',(-10.7220966843545,41.2492680868393,-13.3632995905774));
#2912=CARTESIAN_POINT('Ctrl Pts',(-12.3242011314857,41.7506783198771,-11.9018989966667));
#2913=CARTESIAN_POINT('Ctrl Pts',(-14.7967296103654,42.7206012605629,-8.60357987570658));
#2914=CARTESIAN_POINT('Ctrl Pts',(-15.7079991390386,43.1891139682112,-6.798790840134));
#2915=CARTESIAN_POINT('Ctrl Pts',(-17.3388065937431,44.5226086307464,-1.37114408331593));
#2916=CARTESIAN_POINT('Ctrl Pts',(-17.213196235748,45.3875905856337,2.49401795143395));
#2917=CARTESIAN_POINT('Ctrl Pts',(-14.8112869047346,47.0054212025368,8.93662486552172));
#2918=CARTESIAN_POINT('Ctrl Pts',(-12.8272603715528,47.7582698645526,11.6059844529371));
#2919=CARTESIAN_POINT('Ctrl Pts',(-8.06063841591694,49.1663704710705,15.2243664898147));
#2920=CARTESIAN_POINT('Ctrl Pts',(-5.42278013425806,49.8216224155723,16.3508006624705));
#2921=CARTESIAN_POINT('Ctrl Pts',(-0.278922376152529,51.047181690666,17.1696545854937));
#2922=CARTESIAN_POINT('Ctrl Pts',(2.19613307908876,51.6174890212575,17.030908248711));
#2923=CARTESIAN_POINT('Ctrl Pts',(6.56545431051818,52.6841709968317,15.8223003738563));
#2924=CARTESIAN_POINT('Ctrl Pts',(8.49216613562747,53.1805456418147,14.8772811275761));
#2925=CARTESIAN_POINT('Ctrl Pts',(13.0868313621619,54.5305464460941,11.4410045191244));
#2926=CARTESIAN_POINT('Ctrl Pts',(15.2657977592618,55.3841726053916,8.31367297177427));
#2927=CARTESIAN_POINT('Ctrl Pts',(17.0653768398731,56.8727732863573,2.24846179206018));
#2928=CARTESIAN_POINT('Ctrl Pts',(17.2049261765459,57.5077478080265,-0.522668515257096));
#2929=CARTESIAN_POINT('Ctrl Pts',(16.3263190434241,58.6150516260477,-5.14596534025043));
#2930=CARTESIAN_POINT('Ctrl Pts',(15.5987267270144,59.0873809224,-7.05048773395555));
#2931=CARTESIAN_POINT('Ctrl Pts',(13.0410493849131,60.2539203672941,-11.2976037534291));
#2932=CARTESIAN_POINT('Ctrl Pts',(10.8483734910925,60.9481305158358,-13.4170642178905));
#2933=CARTESIAN_POINT('Ctrl Pts',(5.75521778276777,62.3197967529378,-16.2532210339859));
#2934=CARTESIAN_POINT('Ctrl Pts',(2.87918837638121,62.9972528414981,-17.));
#2935=CARTESIAN_POINT('Ctrl Pts',(1.35323471305783E-14,63.6747089300584,
-17.));
#2936=CARTESIAN_POINT('',(-3.12284933782575E-15,0.84285585826249,17.));
#2937=CARTESIAN_POINT('Origin',(-2.66360678814549E-15,-7.38298311375729E-14,
14.5));
#2938=CARTESIAN_POINT('Ctrl Pts',(1.04094977927525E-15,-0.842855858262633,
-17.));
#2939=CARTESIAN_POINT('Ctrl Pts',(-2.92003183169537,-0.155789544922545,
-17.));
#2940=CARTESIAN_POINT('Ctrl Pts',(-5.83667537597062,0.531276768417542,-16.2314449896999));
#2941=CARTESIAN_POINT('Ctrl Pts',(-10.8350252580775,1.8828701846886,-13.4006925303608));
#2942=CARTESIAN_POINT('Ctrl Pts',(-12.9361975280247,2.54739728761956,-11.3855665714259));
#2943=CARTESIAN_POINT('Ctrl Pts',(-15.8562930592712,3.8468958952301,-6.69780324664997));
#2944=CARTESIAN_POINT('Ctrl Pts',(-16.7264296266498,4.48186739990967,-4.06314531576935));
#2945=CARTESIAN_POINT('Ctrl Pts',(-17.1553790116741,5.73123152745025,1.22929763268279));
#2946=CARTESIAN_POINT('Ctrl Pts',(-16.7561380078716,6.34562415031127,3.87943820224909));
#2947=CARTESIAN_POINT('Ctrl Pts',(-14.8508285913082,7.55449745812287,8.65079818472893));
#2948=CARTESIAN_POINT('Ctrl Pts',(-13.3829026812555,8.14897814307351,10.7833823499574));
#2949=CARTESIAN_POINT('Ctrl Pts',(-9.72867881603541,9.31867290389248,14.1537687610714));
#2950=CARTESIAN_POINT('Ctrl Pts',(-7.56973048989718,9.89388697976088,15.4167292885935));
#2951=CARTESIAN_POINT('Ctrl Pts',(-2.93893526789623,11.0393523391741,16.9185206541215));
#2952=CARTESIAN_POINT('Ctrl Pts',(-0.472571939513239,11.6096036227189,17.1653825298129));
#2953=CARTESIAN_POINT('Ctrl Pts',(4.26310136651934,12.7311706008049,16.6227568550414));
#2954=CARTESIAN_POINT('Ctrl Pts',(6.53391912141377,13.2824862953462,15.8681435473047));
#2955=CARTESIAN_POINT('Ctrl Pts',(10.515706673464,14.3668108647786,13.5481157953528));
#2956=CARTESIAN_POINT('Ctrl Pts',(12.2412267282482,14.8998197396698,12.0118232019227));
#2957=CARTESIAN_POINT('Ctrl Pts',(14.9143212193428,15.9481385604337,8.44745033801352));
#2958=CARTESIAN_POINT('Ctrl Pts',(15.8850889796107,16.4634485063062,6.43897062866386));
#2959=CARTESIAN_POINT('Ctrl Pts',(16.9798870977581,17.4769571742349,2.27301169599969));
#2960=CARTESIAN_POINT('Ctrl Pts',(17.1308998844478,17.9751558962907,0.12416590428858));
#2961=CARTESIAN_POINT('Ctrl Pts',(16.6461693269675,18.9550103066292,-4.01190801085283));
#2962=CARTESIAN_POINT('Ctrl Pts',(16.036797341139,19.4366659949118,-6.00095743934705));
#2963=CARTESIAN_POINT('Ctrl Pts',(14.18511231065,20.383983660603,-9.57597413797907));
#2964=CARTESIAN_POINT('Ctrl Pts',(12.9651734825711,20.8496456380115,-11.1723304875855));
#2965=CARTESIAN_POINT('Ctrl Pts',(10.1003348915192,21.7655069642065,-13.807394131793));
#2966=CARTESIAN_POINT('Ctrl Pts',(8.47167217483034,22.2157063129928,-14.862424707756));
#2967=CARTESIAN_POINT('Ctrl Pts',(3.35599189162121,23.5259016740159,-17.0615421206241));
#2968=CARTESIAN_POINT('Ctrl Pts',(-0.473375215825863,24.3858976862528,-17.3820256879196));
#2969=CARTESIAN_POINT('Ctrl Pts',(-7.34256637913045,26.0494653723637,-15.7082835078726));
#2970=CARTESIAN_POINT('Ctrl Pts',(-10.4027596917246,26.8530370462377,-13.8724922992182));
#2971=CARTESIAN_POINT('Ctrl Pts',(-14.8039373965936,28.4074580564628,-8.94575980810377));
#2972=CARTESIAN_POINT('Ctrl Pts',(-16.2391447907454,29.1583073928139,-5.95595143127917));
#2973=CARTESIAN_POINT('Ctrl Pts',(-17.253062802463,30.6022768048649,0.0965805741999587));
#2974=CARTESIAN_POINT('Ctrl Pts',(-16.9674798108291,31.2953968805647,3.12764012350436));
#2975=CARTESIAN_POINT('Ctrl Pts',(-14.9920989418683,32.6367101777079,8.47502266146543));
#2976=CARTESIAN_POINT('Ctrl Pts',(-13.398156508797,33.284903399151,10.8202791997667));
#2977=CARTESIAN_POINT('Ctrl Pts',(-9.42838168559983,34.5392750694019,14.378550906559));
#2978=CARTESIAN_POINT('Ctrl Pts',(-7.11385413082301,35.1454535182092,15.6534400943446));
#2979=CARTESIAN_POINT('Ctrl Pts',(-2.31722441201532,36.318518968674,17.0127908288607));
#2980=CARTESIAN_POINT('Ctrl Pts',(0.141221536904359,36.8854059703314,17.1692934403172));
#2981=CARTESIAN_POINT('Ctrl Pts',(4.77914623766431,37.9889106937513,16.47303897518));
#2982=CARTESIAN_POINT('Ctrl Pts',(6.96448306598584,38.5255284155139,15.6747321336722));
#2983=CARTESIAN_POINT('Ctrl Pts',(10.7220966843546,39.5635563703142,13.3632995905774));
#2984=CARTESIAN_POINT('Ctrl Pts',(12.3242011314857,40.064966603352,11.9018989966667));
#2985=CARTESIAN_POINT('Ctrl Pts',(14.7967296103654,41.0348895440378,8.60357987570658));
#2986=CARTESIAN_POINT('Ctrl Pts',(15.7079991390386,41.5034022516861,6.79879084013401));
#2987=CARTESIAN_POINT('Ctrl Pts',(17.3388065937431,42.8368969142212,1.37114408331592));
#2988=CARTESIAN_POINT('Ctrl Pts',(17.213196235748,43.7018788691086,-2.49401795143395));
#2989=CARTESIAN_POINT('Ctrl Pts',(14.8112869047346,45.3197094860117,-8.93662486552173));
#2990=CARTESIAN_POINT('Ctrl Pts',(12.8272603715528,46.0725581480275,-11.6059844529371));
#2991=CARTESIAN_POINT('Ctrl Pts',(8.06063841591694,47.4806587545454,-15.2243664898147));
#2992=CARTESIAN_POINT('Ctrl Pts',(5.42278013425806,48.1359106990472,-16.3508006624705));
#2993=CARTESIAN_POINT('Ctrl Pts',(0.278922376152528,49.3614699741409,-17.1696545854938));
#2994=CARTESIAN_POINT('Ctrl Pts',(-2.19613307908876,49.9317773047324,-17.0309082487111));
#2995=CARTESIAN_POINT('Ctrl Pts',(-6.56545431051819,50.9984592803066,-15.8223003738563));
#2996=CARTESIAN_POINT('Ctrl Pts',(-8.49216613562749,51.4948339252895,-14.8772811275762));
#2997=CARTESIAN_POINT('Ctrl Pts',(-13.0868313621619,52.844834729569,-11.4410045191244));
#2998=CARTESIAN_POINT('Ctrl Pts',(-15.2657977592618,53.6984608888665,-8.31367297177428));
#2999=CARTESIAN_POINT('Ctrl Pts',(-17.0653768398731,55.1870615698322,-2.24846179206017));
#3000=CARTESIAN_POINT('Ctrl Pts',(-17.2049261765459,55.8220360915013,0.522668515257099));
#3001=CARTESIAN_POINT('Ctrl Pts',(-16.326319043424,56.9293399095226,5.14596534025042));
#3002=CARTESIAN_POINT('Ctrl Pts',(-15.5987267270144,57.4016692058749,7.05048773395555));
#3003=CARTESIAN_POINT('Ctrl Pts',(-13.041049384913,58.568208650769,11.297603753429));
#3004=CARTESIAN_POINT('Ctrl Pts',(-10.8483734910925,59.2624187993106,13.4170642178905));
#3005=CARTESIAN_POINT('Ctrl Pts',(-5.75521778276777,60.6340850364126,16.2532210339859));
#3006=CARTESIAN_POINT('Ctrl Pts',(-2.87918837638121,61.3115411249729,17.));
#3007=CARTESIAN_POINT('Ctrl Pts',(-1.14504475720278E-14,61.9889972135332,
17.));
#3008=CARTESIAN_POINT('Ctrl Pts',(9.49081333614839E-16,-1.38892970930233,
-15.4996744249138));
#3009=CARTESIAN_POINT('Ctrl Pts',(-2.66232604127429,-0.701863395962246,
-15.4996744249138));
#3010=CARTESIAN_POINT('Ctrl Pts',(-5.32156282655624,-0.0147970826221599,
-14.7989478109556));
#3011=CARTESIAN_POINT('Ctrl Pts',(-9.87878611093643,1.3367963336489,-12.2180218405274));
#3012=CARTESIAN_POINT('Ctrl Pts',(-11.7945205871034,2.00132343657986,-10.3807397058991));
#3013=CARTESIAN_POINT('Ctrl Pts',(-14.4569047061602,3.3008220441904,-6.10669233442384));
#3014=CARTESIAN_POINT('Ctrl Pts',(-15.2502478531943,3.93579354886997,-3.70455467856108));
#3015=CARTESIAN_POINT('Ctrl Pts',(-15.6413405480558,5.18515767641055,1.1208066516412));
#3016=CARTESIAN_POINT('Ctrl Pts',(-15.2773343377019,5.79955029927157,3.5370605344961));
#3017=CARTESIAN_POINT('Ctrl Pts',(-13.5401769473811,7.00842360708317,7.8873267869961));
#3018=CARTESIAN_POINT('Ctrl Pts',(-12.2018020246921,7.60290429203381,9.83170091904123));
#3019=CARTESIAN_POINT('Ctrl Pts',(-8.87007966077087,8.77259905285278,12.9046357460071));
#3020=CARTESIAN_POINT('Ctrl Pts',(-6.90166812222056,9.34781312872118,14.0561343923666));
#3021=CARTESIAN_POINT('Ctrl Pts',(-2.67956116519343,10.4932784881344,15.4253859935331));
#3022=CARTESIAN_POINT('Ctrl Pts',(-0.430865364988544,11.0635297716792,15.6504612112472));
#3023=CARTESIAN_POINT('Ctrl Pts',(3.88686371890911,12.1850967497652,15.1557246645674));
#3024=CARTESIAN_POINT('Ctrl Pts',(5.9572717118019,12.7364124443065,14.4677093359424));
#3025=CARTESIAN_POINT('Ctrl Pts',(9.5876488109756,13.8207370137389,12.3524343470001));
#3026=CARTESIAN_POINT('Ctrl Pts',(11.1608840499647,14.3537458886301,10.9517264046722));
#3027=CARTESIAN_POINT('Ctrl Pts',(13.5980660687292,15.402064709394,7.70192529175516));
#3028=CARTESIAN_POINT('Ctrl Pts',(14.4831592585148,15.9173746552665,5.87070284563955));
#3029=CARTESIAN_POINT('Ctrl Pts',(15.4813365757085,16.9308833231951,2.07240830894214));
#3030=CARTESIAN_POINT('Ctrl Pts',(15.6190218126315,17.429082045251,0.113207711244001));
#3031=CARTESIAN_POINT('Ctrl Pts',(15.1770708817637,18.4089364555895,-3.65783929358368));
#3032=CARTESIAN_POINT('Ctrl Pts',(14.6214786827046,18.8905921438721,-5.47134626750844));
#3033=CARTESIAN_POINT('Ctrl Pts',(12.9332130879948,19.8379098095633,-8.73085184941589));
#3034=CARTESIAN_POINT('Ctrl Pts',(11.8209392848458,20.3035717869718,-10.1863226544185));
#3035=CARTESIAN_POINT('Ctrl Pts',(9.20893543536144,21.2194331131668,-12.5888302176033));
#3036=CARTESIAN_POINT('Ctrl Pts',(7.72400944379245,21.6696324619531,-13.5507496550007));
#3037=CARTESIAN_POINT('Ctrl Pts',(3.05981068781055,22.9798278229762,-15.5557851798016));
#3038=CARTESIAN_POINT('Ctrl Pts',(-0.431597748595539,23.8398238352131,-15.8479846475437));
#3039=CARTESIAN_POINT('Ctrl Pts',(-6.69455225410824,25.503391521324,-14.3219576556628));
#3040=CARTESIAN_POINT('Ctrl Pts',(-9.48466990249109,26.306963195198,-12.6481831823533));
#3041=CARTESIAN_POINT('Ctrl Pts',(-13.4974241090593,27.8613842054231,-8.15625673582869));
#3042=CARTESIAN_POINT('Ctrl Pts',(-14.8059680703288,28.6122335417742,-5.43031223973097));
#3043=CARTESIAN_POINT('Ctrl Pts',(-15.7304033100451,30.0562029538252,0.088056909168857));
#3044=CARTESIAN_POINT('Ctrl Pts',(-15.4700242870087,30.749323029525,2.8516119783891));
#3045=CARTESIAN_POINT('Ctrl Pts',(-13.6689795614737,32.0906363266682,7.7270642350871));
#3046=CARTESIAN_POINT('Ctrl Pts',(-12.2157096341407,32.7388295481113,9.86534145782646));
#3047=CARTESIAN_POINT('Ctrl Pts',(-8.59628508709514,33.9932012183622,13.1095798678655));
#3048=CARTESIAN_POINT('Ctrl Pts',(-6.48602487847558,34.5993796671695,14.2719544171902));
#3049=CARTESIAN_POINT('Ctrl Pts',(-2.11271905621764,35.7724451176343,15.5113364062647));
#3050=CARTESIAN_POINT('Ctrl Pts',(0.128758108459029,36.3393321192917,15.6540269665132));
#3051=CARTESIAN_POINT('Ctrl Pts',(4.35736533604991,37.4428368427116,15.0192200531886));
#3052=CARTESIAN_POINT('Ctrl Pts',(6.3498364741533,37.9794545644742,14.2913673393914));
#3053=CARTESIAN_POINT('Ctrl Pts',(9.77582398587901,39.0174825192745,12.1839289939137));
#3054=CARTESIAN_POINT('Ctrl Pts',(11.2365355932461,39.5188927523123,10.8515034992084));
#3055=CARTESIAN_POINT('Ctrl Pts',(13.4908524420085,40.4888156929981,7.84427570365837));
#3056=CARTESIAN_POINT('Ctrl Pts',(14.3216983836426,40.9573284006463,6.19876732383314));
#3057=CARTESIAN_POINT('Ctrl Pts',(15.8085798305627,42.2908230631815,1.25013452241433));
#3058=CARTESIAN_POINT('Ctrl Pts',(15.6940551450733,43.1558050180689,-2.27390977983039));
#3059=CARTESIAN_POINT('Ctrl Pts',(13.5041249904339,44.773635634972,-8.14792799253976));
#3060=CARTESIAN_POINT('Ctrl Pts',(11.6951976189805,45.5264842969878,-10.5817047294786));
#3061=CARTESIAN_POINT('Ctrl Pts',(7.34925124139209,46.9345849035056,-13.8807484657468));
#3062=CARTESIAN_POINT('Ctrl Pts',(4.94419567993472,47.5898368480075,-14.9077698149975));
#3063=CARTESIAN_POINT('Ctrl Pts',(0.254306236481621,48.8153961231012,-15.6543562390224));
#3064=CARTESIAN_POINT('Ctrl Pts',(-2.00231457174466,49.3857034536927,-15.5278548832706));
#3065=CARTESIAN_POINT('Ctrl Pts',(-5.98602378027522,50.4523854292669,-14.4259120263508));
#3066=CARTESIAN_POINT('Ctrl Pts',(-7.74269472144144,50.9487600742498,-13.5642949297262));
#3067=CARTESIAN_POINT('Ctrl Pts',(-11.9318603157212,52.2987608785293,-10.4312850082586));
#3068=CARTESIAN_POINT('Ctrl Pts',(-13.9185232414786,53.1523870378267,-7.57995437280629));
#3069=CARTESIAN_POINT('Ctrl Pts',(-15.5592814680293,54.6409877187925,-2.05002504316417));
#3070=CARTESIAN_POINT('Ctrl Pts',(-15.6865149553611,55.2759622404616,0.47654069521401));
#3071=CARTESIAN_POINT('Ctrl Pts',(-14.8854488076672,56.3832660584829,4.69181102210425));
#3072=CARTESIAN_POINT('Ctrl Pts',(-14.2220697477602,56.8555953548352,6.4282508478329));
#3073=CARTESIAN_POINT('Ctrl Pts',(-11.8901188014926,58.0221347997293,10.3005399976373));
#3074=CARTESIAN_POINT('Ctrl Pts',(-9.89095630304699,58.7163449482709,12.2329486538508));
#3075=CARTESIAN_POINT('Ctrl Pts',(-5.24729422808086,60.0880111853729,14.818802022526));
#3076=CARTESIAN_POINT('Ctrl Pts',(-2.62508720246499,60.7654672739332,15.4996744249138));
#3077=CARTESIAN_POINT('Ctrl Pts',(-1.04398946697632E-14,61.4429233624935,
15.4996744249138));
#3078=CARTESIAN_POINT('Ctrl Pts',(8.57212887954427E-16,-1.93500356034204,
-13.9993488498276));
#3079=CARTESIAN_POINT('Ctrl Pts',(-2.40462025085321,-1.24793724700195,-13.9993488498276));
#3080=CARTESIAN_POINT('Ctrl Pts',(-4.80645027714185,-0.56087093366186,-13.3664506322114));
#3081=CARTESIAN_POINT('Ctrl Pts',(-8.92254696379533,0.790722482609194,-11.0353511506941));
#3082=CARTESIAN_POINT('Ctrl Pts',(-10.6528436461821,1.45524958554016,-9.37591284037218));
#3083=CARTESIAN_POINT('Ctrl Pts',(-13.0575163530492,2.7547481931507,-5.5155814221977));
#3084=CARTESIAN_POINT('Ctrl Pts',(-13.7740660797389,3.38971969783027,-3.34596404135282));
#3085=CARTESIAN_POINT('Ctrl Pts',(-14.1273020844374,4.63908382537085,1.01231567059962));
#3086=CARTESIAN_POINT('Ctrl Pts',(-13.7985306675323,5.25347644823187,3.19468286674312));
#3087=CARTESIAN_POINT('Ctrl Pts',(-12.229525303454,6.46234975604347,7.12385538926327));
#3088=CARTESIAN_POINT('Ctrl Pts',(-11.0207013681287,7.0568304409941,8.8800194881251));
#3089=CARTESIAN_POINT('Ctrl Pts',(-8.01148050550632,8.22652520181308,11.6555027309429));
#3090=CARTESIAN_POINT('Ctrl Pts',(-6.23360575454394,8.80173927768147,12.6955394961397));
#3091=CARTESIAN_POINT('Ctrl Pts',(-2.42018706249064,9.94720463709466,13.9322513329447));
#3092=CARTESIAN_POINT('Ctrl Pts',(-0.38915879046385,10.5174559206395,14.1355398926816));
#3093=CARTESIAN_POINT('Ctrl Pts',(3.51062607129888,11.6390228987255,13.6886924740934));
#3094=CARTESIAN_POINT('Ctrl Pts',(5.38062430219003,12.1903385932668,13.06727512458));
#3095=CARTESIAN_POINT('Ctrl Pts',(8.6595909484872,13.2746631626992,11.1567528986473));
#3096=CARTESIAN_POINT('Ctrl Pts',(10.0805413716812,13.8076720375904,9.89162960742167));
#3097=CARTESIAN_POINT('Ctrl Pts',(12.2818109181157,14.8559908583543,6.95640024549679));
#3098=CARTESIAN_POINT('Ctrl Pts',(13.0812295374189,15.3713008042268,5.30243506261523));
#3099=CARTESIAN_POINT('Ctrl Pts',(13.982786053659,16.3848094721554,1.87180492188459));
#3100=CARTESIAN_POINT('Ctrl Pts',(14.1071437408151,16.8830081942113,0.102249518199417));
#3101=CARTESIAN_POINT('Ctrl Pts',(13.7079724365599,17.8628626045498,-3.30377057631451));
#3102=CARTESIAN_POINT('Ctrl Pts',(13.2061600242702,18.3445182928324,-4.94173509566985));
#3103=CARTESIAN_POINT('Ctrl Pts',(11.6813138653396,19.2918359585236,-7.88572956085271));
#3104=CARTESIAN_POINT('Ctrl Pts',(10.6767050871204,19.7574979359321,-9.20031482125141));
#3105=CARTESIAN_POINT('Ctrl Pts',(8.31753597920369,20.6733592621271,-11.3702663034137));
#3106=CARTESIAN_POINT('Ctrl Pts',(6.97634671275457,21.1235586109133,-12.2390746022455));
#3107=CARTESIAN_POINT('Ctrl Pts',(2.76362948399989,22.4337539719366,-14.050028238979));
#3108=CARTESIAN_POINT('Ctrl Pts',(-0.389820281365217,23.2937499841734,-14.3139436071677));
#3109=CARTESIAN_POINT('Ctrl Pts',(-6.04653812908603,24.9573176702843,-12.9356318034531));
#3110=CARTESIAN_POINT('Ctrl Pts',(-8.56658011325754,25.7608893441583,-11.4238740654884));
#3111=CARTESIAN_POINT('Ctrl Pts',(-12.1909108215249,27.3153103543834,-7.36675366355361));
#3112=CARTESIAN_POINT('Ctrl Pts',(-13.3727913499121,28.0661596907345,-4.90467304818277));
#3113=CARTESIAN_POINT('Ctrl Pts',(-14.2077438176273,29.5101291027855,0.0795332441377593));
#3114=CARTESIAN_POINT('Ctrl Pts',(-13.9725687631884,30.2032491784853,2.57558383327384));
#3115=CARTESIAN_POINT('Ctrl Pts',(-12.3458601810792,31.5445624756285,6.97910580870876));
#3116=CARTESIAN_POINT('Ctrl Pts',(-11.0332627594845,32.1927556970716,8.91040371588627));
#3117=CARTESIAN_POINT('Ctrl Pts',(-7.76418848859045,33.4471273673225,11.840608829172));
#3118=CARTESIAN_POINT('Ctrl Pts',(-5.85819562612814,34.0533058161298,12.8904687400357));
#3119=CARTESIAN_POINT('Ctrl Pts',(-1.90821370041995,35.2263712665947,14.0098819836687));
#3120=CARTESIAN_POINT('Ctrl Pts',(0.116294680013703,35.793258268252,14.1387604927092));
#3121=CARTESIAN_POINT('Ctrl Pts',(3.93558443443551,36.8967629916719,13.5654011311971));
#3122=CARTESIAN_POINT('Ctrl Pts',(5.73518988232074,37.4333807134345,12.9080025451106));
#3123=CARTESIAN_POINT('Ctrl Pts',(8.82955128740348,38.4714086682348,11.00455839725));
#3124=CARTESIAN_POINT('Ctrl Pts',(10.1488700550064,38.9728189012726,9.80110800175003));
#3125=CARTESIAN_POINT('Ctrl Pts',(12.1849752736517,39.9427418419584,7.08497153161015));
#3126=CARTESIAN_POINT('Ctrl Pts',(12.9353976282466,40.4112545496066,5.59874380753226));
#3127=CARTESIAN_POINT('Ctrl Pts',(14.2783530673824,41.7447492121419,1.12912496151275));
#3128=CARTESIAN_POINT('Ctrl Pts',(14.1749140543986,42.6097311670292,-2.05380160822684));
#3129=CARTESIAN_POINT('Ctrl Pts',(12.1969630761331,44.2275617839323,-7.35923111955778));
#3130=CARTESIAN_POINT('Ctrl Pts',(10.5631348664081,44.9804104459481,-9.55742500602011));
#3131=CARTESIAN_POINT('Ctrl Pts',(6.63786406686723,46.3885110524659,-12.5371304416789));
#3132=CARTESIAN_POINT('Ctrl Pts',(4.46561122561138,47.0437629969678,-13.4647389675245));
#3133=CARTESIAN_POINT('Ctrl Pts',(0.22969009681071,48.2693222720615,-14.1390578925511));
#3134=CARTESIAN_POINT('Ctrl Pts',(-1.80849606440057,48.839629602653,-14.0248015178301));
#3135=CARTESIAN_POINT('Ctrl Pts',(-5.40659325003225,49.9063115782272,-13.0295236788454));
#3136=CARTESIAN_POINT('Ctrl Pts',(-6.99322330725539,50.4026862232101,-12.2513087318762));
#3137=CARTESIAN_POINT('Ctrl Pts',(-10.7768892692805,51.7526870274896,-9.42156549739273));
#3138=CARTESIAN_POINT('Ctrl Pts',(-12.5712487236954,52.606313186787,-6.8462357738383));
#3139=CARTESIAN_POINT('Ctrl Pts',(-14.0531860961854,54.0949138677528,-1.85158829426817));
#3140=CARTESIAN_POINT('Ctrl Pts',(-14.1681037341763,54.7298883894219,0.430412875170911));
#3141=CARTESIAN_POINT('Ctrl Pts',(-13.4445785719104,55.8371922074431,4.23765670395809));
#3142=CARTESIAN_POINT('Ctrl Pts',(-12.8454127685061,56.3095215037955,5.80601396171025));
#3143=CARTESIAN_POINT('Ctrl Pts',(-10.7391882180722,57.4760609486895,9.30347624184559));
#3144=CARTESIAN_POINT('Ctrl Pts',(-8.93353911500151,58.1702710972312,11.0488330898111));
#3145=CARTESIAN_POINT('Ctrl Pts',(-4.73937067339395,59.5419373343333,13.3843830110661));
#3146=CARTESIAN_POINT('Ctrl Pts',(-2.37098602854879,60.2193934228935,13.9993488498276));
#3147=CARTESIAN_POINT('Ctrl Pts',(-9.4293417674987E-15,60.8968495114538,
13.9993488498276));
#3148=CARTESIAN_POINT('Ctrl Pts',(7.65344442294016E-16,-2.48107741138174,
-12.4990232747414));
#3149=CARTESIAN_POINT('Ctrl Pts',(-2.14691446043213,-1.79401109804165,-12.4990232747414));
#3150=CARTESIAN_POINT('Ctrl Pts',(-4.29133772772746,-1.10694478470156,-11.9339534534672));
#3151=CARTESIAN_POINT('Ctrl Pts',(-7.96630781665423,0.244648631569493,-9.85268046086073));
#3152=CARTESIAN_POINT('Ctrl Pts',(-9.51116670526078,0.90917573450046,-8.37108597484531));
#3153=CARTESIAN_POINT('Ctrl Pts',(-11.6581279999383,2.208674342111,-4.92447050997156));
#3154=CARTESIAN_POINT('Ctrl Pts',(-12.2978843062835,2.84364584679057,-2.98737340414456));
#3155=CARTESIAN_POINT('Ctrl Pts',(-12.6132636208191,4.09300997433115,0.903824689558038));
#3156=CARTESIAN_POINT('Ctrl Pts',(-12.3197269973627,4.70740259719216,2.85230519899013));
#3157=CARTESIAN_POINT('Ctrl Pts',(-10.9188736595268,5.91627590500377,6.36038399153044));
#3158=CARTESIAN_POINT('Ctrl Pts',(-9.83960071156537,6.5107565899544,7.92833805720897));
#3159=CARTESIAN_POINT('Ctrl Pts',(-7.15288135024177,7.68045135077338,10.4063697158787));
#3160=CARTESIAN_POINT('Ctrl Pts',(-5.56554338686732,8.25566542664177,11.3349445999128));
#3161=CARTESIAN_POINT('Ctrl Pts',(-2.16081295978784,9.40113078605496,12.4391166723563));
#3162=CARTESIAN_POINT('Ctrl Pts',(-0.347452215939156,9.97138206959979,12.6206185741159));
#3163=CARTESIAN_POINT('Ctrl Pts',(3.13438842368865,11.0929490476858,12.2216602836194));
#3164=CARTESIAN_POINT('Ctrl Pts',(4.80397689257815,11.6442647422271,11.6668409132176));
#3165=CARTESIAN_POINT('Ctrl Pts',(7.73153308599881,12.7285893116595,9.96107145029451));
#3166=CARTESIAN_POINT('Ctrl Pts',(9.00019869339766,13.2615981865507,8.83153281017118));
#3167=CARTESIAN_POINT('Ctrl Pts',(10.9655557675021,14.3099170073146,6.21087519923842));
#3168=CARTESIAN_POINT('Ctrl Pts',(11.6792998163231,14.8252269531871,4.73416727959093));
#3169=CARTESIAN_POINT('Ctrl Pts',(12.4842355316094,15.8387356211157,1.67120153482703));
#3170=CARTESIAN_POINT('Ctrl Pts',(12.5952656689987,16.3369343431716,0.0912913251548383));
#3171=CARTESIAN_POINT('Ctrl Pts',(12.238873991356,17.3167887535101,-2.94970185904535));
#3172=CARTESIAN_POINT('Ctrl Pts',(11.7908413658357,17.7984444417927,-4.41212392383125));
#3173=CARTESIAN_POINT('Ctrl Pts',(10.4294146426844,18.7457621074839,-7.04060727228954));
#3174=CARTESIAN_POINT('Ctrl Pts',(9.53247088939509,19.2114240848924,-8.21430698808436));
#3175=CARTESIAN_POINT('Ctrl Pts',(7.42613652304594,20.1272854110874,-10.151702389224));
#3176=CARTESIAN_POINT('Ctrl Pts',(6.22868398171668,20.5774847598736,-10.9273995494902));
#3177=CARTESIAN_POINT('Ctrl Pts',(2.46744828018923,21.8876801208969,-12.5442712981565));
#3178=CARTESIAN_POINT('Ctrl Pts',(-0.348042814134894,22.7476761331337,-12.7799025667918));
#3179=CARTESIAN_POINT('Ctrl Pts',(-5.39852400406383,24.4112438192446,-11.5493059512433));
#3180=CARTESIAN_POINT('Ctrl Pts',(-7.64849032402399,25.2148154931186,-10.1995649486235));
#3181=CARTESIAN_POINT('Ctrl Pts',(-10.8843975339905,26.7692365033437,-6.57725059127853));
#3182=CARTESIAN_POINT('Ctrl Pts',(-11.9396146294954,27.5200858396948,-4.37903385663457));
#3183=CARTESIAN_POINT('Ctrl Pts',(-12.6850843252094,28.9640552517458,0.0710095791066576));
#3184=CARTESIAN_POINT('Ctrl Pts',(-12.4751132393681,29.6571753274456,2.29955568815859));
#3185=CARTESIAN_POINT('Ctrl Pts',(-11.0227408006846,30.9984886245888,6.23114738233043));
#3186=CARTESIAN_POINT('Ctrl Pts',(-9.85081588482829,31.6466818460319,7.95546597394608));
#3187=CARTESIAN_POINT('Ctrl Pts',(-6.93209189008576,32.9010535162828,10.5716377904785));
#3188=CARTESIAN_POINT('Ctrl Pts',(-5.23036637378071,33.5072319650901,11.5089830628813));
#3189=CARTESIAN_POINT('Ctrl Pts',(-1.70370834462226,34.680297415555,12.5084275610727));
#3190=CARTESIAN_POINT('Ctrl Pts',(0.103831251568373,35.2471844172123,12.6234940189053));
#3191=CARTESIAN_POINT('Ctrl Pts',(3.51380353282111,36.3506891406322,12.1115822092057));
#3192=CARTESIAN_POINT('Ctrl Pts',(5.1205432904882,36.8873068623948,11.5246377508298));
#3193=CARTESIAN_POINT('Ctrl Pts',(7.88327858892794,37.9253348171951,9.82518780058638));
#3194=CARTESIAN_POINT('Ctrl Pts',(9.06120451676674,38.4267450502329,8.75071250429168));
#3195=CARTESIAN_POINT('Ctrl Pts',(10.8790981052948,39.3966679909187,6.32566735956195));
#3196=CARTESIAN_POINT('Ctrl Pts',(11.5490968728507,39.8651806985669,4.99872029123139));
#3197=CARTESIAN_POINT('Ctrl Pts',(12.748126304202,41.1986753611022,1.00811540061115));
#3198=CARTESIAN_POINT('Ctrl Pts',(12.6557729637238,42.0636573159895,-1.83369343662328));
#3199=CARTESIAN_POINT('Ctrl Pts',(10.8898011618324,43.6814879328926,-6.57053424657581));
#3200=CARTESIAN_POINT('Ctrl Pts',(9.4310721138357,44.4343365949084,-8.53314528256162));
#3201=CARTESIAN_POINT('Ctrl Pts',(5.92647689234238,45.8424372014262,-11.193512417611));
#3202=CARTESIAN_POINT('Ctrl Pts',(3.98702677128804,46.4976891459281,-12.0217081200515));
#3203=CARTESIAN_POINT('Ctrl Pts',(0.205073957139803,47.7232484210218,-12.6237595460798));
#3204=CARTESIAN_POINT('Ctrl Pts',(-1.61467755705647,48.2935557516133,-12.5217481523897));
#3205=CARTESIAN_POINT('Ctrl Pts',(-4.82716271978929,49.3602377271875,-11.6331353313399));
#3206=CARTESIAN_POINT('Ctrl Pts',(-6.24375189306934,49.8566123721704,-10.9383225340262));
#3207=CARTESIAN_POINT('Ctrl Pts',(-9.62191822283984,51.2066131764499,-8.41184598652688));
#3208=CARTESIAN_POINT('Ctrl Pts',(-11.2239742059123,52.0602393357473,-6.11251717487031));
#3209=CARTESIAN_POINT('Ctrl Pts',(-12.5470907243416,53.5488400167131,-1.65315154537216));
#3210=CARTESIAN_POINT('Ctrl Pts',(-12.6496925129915,54.1838145383822,0.384285055127823));
#3211=CARTESIAN_POINT('Ctrl Pts',(-12.0037083361536,55.2911183564034,3.78350238581192));
#3212=CARTESIAN_POINT('Ctrl Pts',(-11.468755789252,55.7634476527558,5.18377707558759));
#3213=CARTESIAN_POINT('Ctrl Pts',(-9.58825763465177,56.9299870976498,8.30641248605385));
#3214=CARTESIAN_POINT('Ctrl Pts',(-7.97612192695603,57.6241972461915,9.86471752577136));
#3215=CARTESIAN_POINT('Ctrl Pts',(-4.23144711870705,58.9958634832936,11.9499639996063));
#3216=CARTESIAN_POINT('Ctrl Pts',(-2.11688485463257,59.6733195718538,12.4990232747414));
#3217=CARTESIAN_POINT('Ctrl Pts',(-8.41878886523417E-15,60.3507756604141,
12.4990232747414));
#3218=CARTESIAN_POINT('',(-1.14504475720278E-14,61.9889972135332,17.));
#3219=CARTESIAN_POINT('Ctrl Pts',(-1.14504475720278E-14,61.9889972135332,
17.));
#3220=CARTESIAN_POINT('Ctrl Pts',(-1.04401139627312E-14,61.4430418621339,
15.5));
#3221=CARTESIAN_POINT('Ctrl Pts',(-9.42978035343462E-15,60.8970865107346,
14.));
#3222=CARTESIAN_POINT('Ctrl Pts',(-8.41944674413805E-15,60.3511311593353,
12.5));
#3223=CARTESIAN_POINT('',(1.04094977927525E-15,-0.842855858262633,-17.));
#3224=CARTESIAN_POINT('Ctrl Pts',(1.04094977927525E-15,-0.842855858262633,
-17.));
#3225=CARTESIAN_POINT('Ctrl Pts',(-2.92003183169537,-0.155789544922545,
-17.));
#3226=CARTESIAN_POINT('Ctrl Pts',(-5.83667537597062,0.531276768417542,-16.2314449896999));
#3227=CARTESIAN_POINT('Ctrl Pts',(-10.8350252580775,1.8828701846886,-13.4006925303608));
#3228=CARTESIAN_POINT('Ctrl Pts',(-12.9361975280247,2.54739728761957,-11.3855665714259));
#3229=CARTESIAN_POINT('Ctrl Pts',(-15.8562930592711,3.8468958952301,-6.69780324664997));
#3230=CARTESIAN_POINT('Ctrl Pts',(-16.7264296266498,4.48186739990967,-4.06314531576935));
#3231=CARTESIAN_POINT('Ctrl Pts',(-17.1553790116741,5.73123152745025,1.22929763268279));
#3232=CARTESIAN_POINT('Ctrl Pts',(-16.7561380078715,6.34562415031126,3.87943820224909));
#3233=CARTESIAN_POINT('Ctrl Pts',(-14.8508285913082,7.55449745812287,8.65079818472894));
#3234=CARTESIAN_POINT('Ctrl Pts',(-13.3829026812555,8.14897814307351,10.7833823499574));
#3235=CARTESIAN_POINT('Ctrl Pts',(-9.72867881603541,9.31867290389248,14.1537687610714));
#3236=CARTESIAN_POINT('Ctrl Pts',(-7.56973048989718,9.89388697976088,15.4167292885935));
#3237=CARTESIAN_POINT('Ctrl Pts',(-2.93893526789623,11.0393523391741,16.9185206541215));
#3238=CARTESIAN_POINT('Ctrl Pts',(-0.472571939513239,11.6096036227189,17.1653825298129));
#3239=CARTESIAN_POINT('Ctrl Pts',(4.26310136651934,12.7311706008049,16.6227568550414));
#3240=CARTESIAN_POINT('Ctrl Pts',(6.53391912141377,13.2824862953462,15.8681435473047));
#3241=CARTESIAN_POINT('Ctrl Pts',(10.515706673464,14.3668108647786,13.5481157953528));
#3242=CARTESIAN_POINT('Ctrl Pts',(12.2412267282482,14.8998197396698,12.0118232019227));
#3243=CARTESIAN_POINT('Ctrl Pts',(14.9143212193428,15.9481385604337,8.44745033801352));
#3244=CARTESIAN_POINT('Ctrl Pts',(15.8850889796107,16.4634485063062,6.43897062866385));
#3245=CARTESIAN_POINT('Ctrl Pts',(16.9798870977581,17.4769571742348,2.27301169599969));
#3246=CARTESIAN_POINT('Ctrl Pts',(17.1308998844478,17.9751558962907,0.12416590428858));
#3247=CARTESIAN_POINT('Ctrl Pts',(16.6461693269675,18.9550103066292,-4.01190801085283));
#3248=CARTESIAN_POINT('Ctrl Pts',(16.036797341139,19.4366659949118,-6.00095743934704));
#3249=CARTESIAN_POINT('Ctrl Pts',(14.18511231065,20.383983660603,-9.57597413797906));
#3250=CARTESIAN_POINT('Ctrl Pts',(12.9651734825711,20.8496456380115,-11.1723304875855));
#3251=CARTESIAN_POINT('Ctrl Pts',(10.1003348915192,21.7655069642065,-13.807394131793));
#3252=CARTESIAN_POINT('Ctrl Pts',(8.47167217483034,22.2157063129928,-14.862424707756));
#3253=CARTESIAN_POINT('Ctrl Pts',(3.35599189162121,23.5259016740159,-17.0615421206241));
#3254=CARTESIAN_POINT('Ctrl Pts',(-0.473375215825862,24.3858976862528,-17.3820256879196));
#3255=CARTESIAN_POINT('Ctrl Pts',(-7.34256637913045,26.0494653723637,-15.7082835078726));
#3256=CARTESIAN_POINT('Ctrl Pts',(-10.4027596917246,26.8530370462377,-13.8724922992182));
#3257=CARTESIAN_POINT('Ctrl Pts',(-14.8039373965936,28.4074580564628,-8.94575980810377));
#3258=CARTESIAN_POINT('Ctrl Pts',(-16.2391447907454,29.1583073928139,-5.95595143127917));
#3259=CARTESIAN_POINT('Ctrl Pts',(-17.253062802463,30.6022768048649,0.0965805741999591));
#3260=CARTESIAN_POINT('Ctrl Pts',(-16.9674798108291,31.2953968805646,3.12764012350436));
#3261=CARTESIAN_POINT('Ctrl Pts',(-14.9920989418683,32.6367101777079,8.47502266146543));
#3262=CARTESIAN_POINT('Ctrl Pts',(-13.398156508797,33.284903399151,10.8202791997667));
#3263=CARTESIAN_POINT('Ctrl Pts',(-9.42838168559983,34.5392750694019,14.378550906559));
#3264=CARTESIAN_POINT('Ctrl Pts',(-7.11385413082301,35.1454535182092,15.6534400943446));
#3265=CARTESIAN_POINT('Ctrl Pts',(-2.31722441201532,36.3185189686741,17.0127908288607));
#3266=CARTESIAN_POINT('Ctrl Pts',(0.141221536904358,36.8854059703314,17.1692934403172));
#3267=CARTESIAN_POINT('Ctrl Pts',(4.77914623766431,37.9889106937513,16.47303897518));
#3268=CARTESIAN_POINT('Ctrl Pts',(6.96448306598584,38.5255284155139,15.6747321336722));
#3269=CARTESIAN_POINT('Ctrl Pts',(10.7220966843545,39.5635563703142,13.3632995905774));
#3270=CARTESIAN_POINT('Ctrl Pts',(12.3242011314857,40.064966603352,11.9018989966667));
#3271=CARTESIAN_POINT('Ctrl Pts',(14.7967296103654,41.0348895440377,8.60357987570657));
#3272=CARTESIAN_POINT('Ctrl Pts',(15.7079991390386,41.503402251686,6.798790840134));
#3273=CARTESIAN_POINT('Ctrl Pts',(17.3388065937431,42.8368969142212,1.37114408331592));
#3274=CARTESIAN_POINT('Ctrl Pts',(17.213196235748,43.7018788691086,-2.49401795143395));
#3275=CARTESIAN_POINT('Ctrl Pts',(14.8112869047346,45.3197094860116,-8.93662486552172));
#3276=CARTESIAN_POINT('Ctrl Pts',(12.8272603715528,46.0725581480275,-11.6059844529371));
#3277=CARTESIAN_POINT('Ctrl Pts',(8.06063841591694,47.4806587545454,-15.2243664898147));
#3278=CARTESIAN_POINT('Ctrl Pts',(5.42278013425806,48.1359106990472,-16.3508006624705));
#3279=CARTESIAN_POINT('Ctrl Pts',(0.278922376152529,49.3614699741409,-17.1696545854938));
#3280=CARTESIAN_POINT('Ctrl Pts',(-2.19613307908876,49.9317773047324,-17.030908248711));
#3281=CARTESIAN_POINT('Ctrl Pts',(-6.56545431051818,50.9984592803066,-15.8223003738563));
#3282=CARTESIAN_POINT('Ctrl Pts',(-8.49216613562748,51.4948339252895,-14.8772811275761));
#3283=CARTESIAN_POINT('Ctrl Pts',(-13.0868313621619,52.844834729569,-11.4410045191244));
#3284=CARTESIAN_POINT('Ctrl Pts',(-15.2657977592618,53.6984608888665,-8.31367297177428));
#3285=CARTESIAN_POINT('Ctrl Pts',(-17.0653768398731,55.1870615698322,-2.24846179206017));
#3286=CARTESIAN_POINT('Ctrl Pts',(-17.2049261765459,55.8220360915013,0.522668515257098));
#3287=CARTESIAN_POINT('Ctrl Pts',(-16.3263190434241,56.9293399095226,5.14596534025043));
#3288=CARTESIAN_POINT('Ctrl Pts',(-15.5987267270144,57.4016692058749,7.05048773395555));
#3289=CARTESIAN_POINT('Ctrl Pts',(-13.0410493849131,58.568208650769,11.2976037534291));
#3290=CARTESIAN_POINT('Ctrl Pts',(-10.8483734910925,59.2624187993106,13.4170642178905));
#3291=CARTESIAN_POINT('Ctrl Pts',(-5.75521778276776,60.6340850364126,16.2532210339859));
#3292=CARTESIAN_POINT('Ctrl Pts',(-2.87918837638121,61.3115411249729,17.));
#3293=CARTESIAN_POINT('Ctrl Pts',(-1.14504475720278E-14,61.9889972135332,
17.));
#3294=CARTESIAN_POINT('',(7.34788079488412E-16,-2.66270702959365,-12.));
#3295=CARTESIAN_POINT('Origin',(0.,62.8318530717959,0.));
#3296=CARTESIAN_POINT('',(-1.14504475720278E-14,63.6747089300584,17.));
#3297=CARTESIAN_POINT('Ctrl Pts',(-8.41944674413805E-15,65.3125749842563,
12.5));
#3298=CARTESIAN_POINT('Ctrl Pts',(-9.42978035343462E-15,64.7666196328569,
14.));
#3299=CARTESIAN_POINT('Ctrl Pts',(-1.04401139627312E-14,64.2206642814577,
15.5));
#3300=CARTESIAN_POINT('Ctrl Pts',(-1.14504475720278E-14,63.6747089300584,
17.));
#3301=CARTESIAN_POINT('Ctrl Pts',(-1.14504475720278E-14,63.6747089300584,
17.));
#3302=CARTESIAN_POINT('Ctrl Pts',(-1.14504475720278E-14,63.11280502455,
17.));
#3303=CARTESIAN_POINT('Ctrl Pts',(-1.14504475720278E-14,62.5509011190416,
17.));
#3304=CARTESIAN_POINT('Ctrl Pts',(-1.14504475720278E-14,61.9889972135332,
17.));
#3305=CARTESIAN_POINT('Ctrl Pts',(1.04094977927525E-15,0.84285585826249,
-17.));
#3306=CARTESIAN_POINT('Ctrl Pts',(-2.92003183169537,1.52992217160258,-17.));
#3307=CARTESIAN_POINT('Ctrl Pts',(-5.83667537597062,2.21698848494267,-16.2314449896999));
#3308=CARTESIAN_POINT('Ctrl Pts',(-10.8350252580775,3.56858190121372,-13.4006925303608));
#3309=CARTESIAN_POINT('Ctrl Pts',(-12.9361975280247,4.23310900414469,-11.3855665714259));
#3310=CARTESIAN_POINT('Ctrl Pts',(-15.8562930592711,5.53260761175522,-6.69780324664997));
#3311=CARTESIAN_POINT('Ctrl Pts',(-16.7264296266498,6.16757911643479,-4.06314531576935));
#3312=CARTESIAN_POINT('Ctrl Pts',(-17.1553790116741,7.41694324397537,1.22929763268279));
#3313=CARTESIAN_POINT('Ctrl Pts',(-16.7561380078715,8.03133586683639,3.87943820224909));
#3314=CARTESIAN_POINT('Ctrl Pts',(-14.8508285913082,9.240209174648,8.65079818472894));
#3315=CARTESIAN_POINT('Ctrl Pts',(-13.3829026812555,9.83468985959863,10.7833823499574));
#3316=CARTESIAN_POINT('Ctrl Pts',(-9.72867881603541,11.0043846204176,14.1537687610714));
#3317=CARTESIAN_POINT('Ctrl Pts',(-7.56973048989718,11.579598696286,15.4167292885935));
#3318=CARTESIAN_POINT('Ctrl Pts',(-2.93893526789623,12.7250640556992,16.9185206541215));
#3319=CARTESIAN_POINT('Ctrl Pts',(-0.472571939513239,13.295315339244,17.1653825298129));
#3320=CARTESIAN_POINT('Ctrl Pts',(4.26310136651934,14.4168823173301,16.6227568550414));
#3321=CARTESIAN_POINT('Ctrl Pts',(6.53391912141377,14.9681980118713,15.8681435473047));
#3322=CARTESIAN_POINT('Ctrl Pts',(10.515706673464,16.0525225813037,13.5481157953528));
#3323=CARTESIAN_POINT('Ctrl Pts',(12.2412267282482,16.5855314561949,12.0118232019227));
#3324=CARTESIAN_POINT('Ctrl Pts',(14.9143212193428,17.6338502769588,8.44745033801352));
#3325=CARTESIAN_POINT('Ctrl Pts',(15.8850889796107,18.1491602228314,6.43897062866386));
#3326=CARTESIAN_POINT('Ctrl Pts',(16.9798870977581,19.16266889076,2.27301169599969));
#3327=CARTESIAN_POINT('Ctrl Pts',(17.1308998844478,19.6608676128158,0.124165904288579));
#3328=CARTESIAN_POINT('Ctrl Pts',(16.6461693269675,20.6407220231543,-4.01190801085283));
#3329=CARTESIAN_POINT('Ctrl Pts',(16.036797341139,21.1223777114369,-6.00095743934705));
#3330=CARTESIAN_POINT('Ctrl Pts',(14.18511231065,22.0696953771281,-9.57597413797906));
#3331=CARTESIAN_POINT('Ctrl Pts',(12.9651734825711,22.5353573545366,-11.1723304875855));
#3332=CARTESIAN_POINT('Ctrl Pts',(10.1003348915192,23.4512186807316,-13.807394131793));
#3333=CARTESIAN_POINT('Ctrl Pts',(8.47167217483034,23.9014180295179,-14.862424707756));
#3334=CARTESIAN_POINT('Ctrl Pts',(3.35599189162121,25.2116133905411,-17.0615421206241));
#3335=CARTESIAN_POINT('Ctrl Pts',(-0.473375215825862,26.071609402778,-17.3820256879196));
#3336=CARTESIAN_POINT('Ctrl Pts',(-7.34256637913045,27.7351770888888,-15.7082835078726));
#3337=CARTESIAN_POINT('Ctrl Pts',(-10.4027596917246,28.5387487627628,-13.8724922992182));
#3338=CARTESIAN_POINT('Ctrl Pts',(-14.8039373965936,30.0931697729879,-8.94575980810377));
#3339=CARTESIAN_POINT('Ctrl Pts',(-16.2391447907454,30.8440191093391,-5.95595143127917));
#3340=CARTESIAN_POINT('Ctrl Pts',(-17.253062802463,32.2879885213901,0.0965805741999577));
#3341=CARTESIAN_POINT('Ctrl Pts',(-16.9674798108291,32.9811085970898,3.12764012350436));
#3342=CARTESIAN_POINT('Ctrl Pts',(-14.9920989418683,34.322421894233,8.47502266146542));
#3343=CARTESIAN_POINT('Ctrl Pts',(-13.398156508797,34.9706151156761,10.8202791997667));
#3344=CARTESIAN_POINT('Ctrl Pts',(-9.42838168559983,36.224986785927,14.378550906559));
#3345=CARTESIAN_POINT('Ctrl Pts',(-7.11385413082301,36.8311652347344,15.6534400943446));
#3346=CARTESIAN_POINT('Ctrl Pts',(-2.31722441201532,38.0042306851992,17.0127908288607));
#3347=CARTESIAN_POINT('Ctrl Pts',(0.141221536904358,38.5711176868565,17.1692934403172));
#3348=CARTESIAN_POINT('Ctrl Pts',(4.77914623766431,39.6746224102764,16.47303897518));
#3349=CARTESIAN_POINT('Ctrl Pts',(6.96448306598584,40.211240132039,15.6747321336722));
#3350=CARTESIAN_POINT('Ctrl Pts',(10.7220966843545,41.2492680868393,13.3632995905774));
#3351=CARTESIAN_POINT('Ctrl Pts',(12.3242011314857,41.7506783198771,11.9018989966667));
#3352=CARTESIAN_POINT('Ctrl Pts',(14.7967296103654,42.7206012605629,8.60357987570658));
#3353=CARTESIAN_POINT('Ctrl Pts',(15.7079991390386,43.1891139682112,6.798790840134));
#3354=CARTESIAN_POINT('Ctrl Pts',(17.3388065937431,44.5226086307464,1.37114408331592));
#3355=CARTESIAN_POINT('Ctrl Pts',(17.213196235748,45.3875905856337,-2.49401795143395));
#3356=CARTESIAN_POINT('Ctrl Pts',(14.8112869047346,47.0054212025368,-8.93662486552172));
#3357=CARTESIAN_POINT('Ctrl Pts',(12.8272603715528,47.7582698645526,-11.6059844529371));
#3358=CARTESIAN_POINT('Ctrl Pts',(8.06063841591693,49.1663704710705,-15.2243664898147));
#3359=CARTESIAN_POINT('Ctrl Pts',(5.42278013425806,49.8216224155723,-16.3508006624705));
#3360=CARTESIAN_POINT('Ctrl Pts',(0.278922376152527,51.047181690666,-17.1696545854937));
#3361=CARTESIAN_POINT('Ctrl Pts',(-2.19613307908876,51.6174890212575,-17.030908248711));
#3362=CARTESIAN_POINT('Ctrl Pts',(-6.56545431051819,52.6841709968317,-15.8223003738563));
#3363=CARTESIAN_POINT('Ctrl Pts',(-8.49216613562747,53.1805456418147,-14.8772811275761));
#3364=CARTESIAN_POINT('Ctrl Pts',(-13.0868313621619,54.5305464460941,-11.4410045191244));
#3365=CARTESIAN_POINT('Ctrl Pts',(-15.2657977592618,55.3841726053916,-8.31367297177427));
#3366=CARTESIAN_POINT('Ctrl Pts',(-17.0653768398731,56.8727732863573,-2.24846179206018));
#3367=CARTESIAN_POINT('Ctrl Pts',(-17.2049261765459,57.5077478080265,0.522668515257099));
#3368=CARTESIAN_POINT('Ctrl Pts',(-16.3263190434241,58.6150516260477,5.14596534025043));
#3369=CARTESIAN_POINT('Ctrl Pts',(-15.5987267270144,59.0873809224,7.05048773395555));
#3370=CARTESIAN_POINT('Ctrl Pts',(-13.041049384913,60.2539203672941,11.2976037534291));
#3371=CARTESIAN_POINT('Ctrl Pts',(-10.8483734910925,60.9481305158358,13.4170642178905));
#3372=CARTESIAN_POINT('Ctrl Pts',(-5.75521778276776,62.3197967529378,16.2532210339859));
#3373=CARTESIAN_POINT('Ctrl Pts',(-2.87918837638121,62.9972528414981,17.));
#3374=CARTESIAN_POINT('Ctrl Pts',(-1.14504475720278E-14,63.6747089300584,
17.));
#3375=CARTESIAN_POINT('Ctrl Pts',(1.04094977927525E-15,0.280951952754115,
-17.));
#3376=CARTESIAN_POINT('Ctrl Pts',(-2.92003183169537,0.968018266094203,-17.));
#3377=CARTESIAN_POINT('Ctrl Pts',(-5.83667537597062,1.65508457943429,-16.2314449896999));
#3378=CARTESIAN_POINT('Ctrl Pts',(-10.8350252580775,3.00667799570535,-13.4006925303608));
#3379=CARTESIAN_POINT('Ctrl Pts',(-12.9361975280247,3.67120509863631,-11.3855665714259));
#3380=CARTESIAN_POINT('Ctrl Pts',(-15.8562930592711,4.97070370624685,-6.69780324664997));
#3381=CARTESIAN_POINT('Ctrl Pts',(-16.7264296266498,5.60567521092642,-4.06314531576935));
#3382=CARTESIAN_POINT('Ctrl Pts',(-17.1553790116741,6.855039338467,1.22929763268279));
#3383=CARTESIAN_POINT('Ctrl Pts',(-16.7561380078715,7.46943196132801,3.87943820224909));
#3384=CARTESIAN_POINT('Ctrl Pts',(-14.8508285913082,8.67830526913962,8.65079818472894));
#3385=CARTESIAN_POINT('Ctrl Pts',(-13.3829026812555,9.27278595409026,10.7833823499574));
#3386=CARTESIAN_POINT('Ctrl Pts',(-9.72867881603541,10.4424807149092,14.1537687610714));
#3387=CARTESIAN_POINT('Ctrl Pts',(-7.56973048989718,11.0176947907776,15.4167292885935));
#3388=CARTESIAN_POINT('Ctrl Pts',(-2.93893526789623,12.1631601501908,16.9185206541215));
#3389=CARTESIAN_POINT('Ctrl Pts',(-0.472571939513239,12.7334114337357,17.1653825298129));
#3390=CARTESIAN_POINT('Ctrl Pts',(4.26310136651934,13.8549784118217,16.6227568550414));
#3391=CARTESIAN_POINT('Ctrl Pts',(6.53391912141377,14.4062941063629,15.8681435473047));
#3392=CARTESIAN_POINT('Ctrl Pts',(10.515706673464,15.4906186757954,13.5481157953528));
#3393=CARTESIAN_POINT('Ctrl Pts',(12.2412267282482,16.0236275506865,12.0118232019227));
#3394=CARTESIAN_POINT('Ctrl Pts',(14.9143212193428,17.0719463714504,8.44745033801352));
#3395=CARTESIAN_POINT('Ctrl Pts',(15.8850889796107,17.587256317323,6.43897062866386));
#3396=CARTESIAN_POINT('Ctrl Pts',(16.9798870977581,18.6007649852516,2.27301169599969));
#3397=CARTESIAN_POINT('Ctrl Pts',(17.1308998844478,19.0989637073075,0.124165904288579));
#3398=CARTESIAN_POINT('Ctrl Pts',(16.6461693269675,20.078818117646,-4.01190801085283));
#3399=CARTESIAN_POINT('Ctrl Pts',(16.036797341139,20.5604738059285,-6.00095743934705));
#3400=CARTESIAN_POINT('Ctrl Pts',(14.18511231065,21.5077914716198,-9.57597413797907));
#3401=CARTESIAN_POINT('Ctrl Pts',(12.9651734825711,21.9734534490282,-11.1723304875855));
#3402=CARTESIAN_POINT('Ctrl Pts',(10.1003348915192,22.8893147752232,-13.807394131793));
#3403=CARTESIAN_POINT('Ctrl Pts',(8.47167217483034,23.3395141240095,-14.862424707756));
#3404=CARTESIAN_POINT('Ctrl Pts',(3.35599189162121,24.6497094850327,-17.0615421206241));
#3405=CARTESIAN_POINT('Ctrl Pts',(-0.473375215825862,25.5097054972696,-17.3820256879196));
#3406=CARTESIAN_POINT('Ctrl Pts',(-7.34256637913045,27.1732731833804,-15.7082835078726));
#3407=CARTESIAN_POINT('Ctrl Pts',(-10.4027596917246,27.9768448572545,-13.8724922992182));
#3408=CARTESIAN_POINT('Ctrl Pts',(-14.8039373965936,29.5312658674795,-8.94575980810377));
#3409=CARTESIAN_POINT('Ctrl Pts',(-16.2391447907454,30.2821152038307,-5.95595143127917));
#3410=CARTESIAN_POINT('Ctrl Pts',(-17.253062802463,31.7260846158817,0.096580574199958));
#3411=CARTESIAN_POINT('Ctrl Pts',(-16.9674798108291,32.4192046915814,3.12764012350436));
#3412=CARTESIAN_POINT('Ctrl Pts',(-14.9920989418683,33.7605179887247,8.47502266146543));
#3413=CARTESIAN_POINT('Ctrl Pts',(-13.398156508797,34.4087112101677,10.8202791997667));
#3414=CARTESIAN_POINT('Ctrl Pts',(-9.42838168559983,35.6630828804186,14.378550906559));
#3415=CARTESIAN_POINT('Ctrl Pts',(-7.11385413082301,36.269261329226,15.6534400943446));
#3416=CARTESIAN_POINT('Ctrl Pts',(-2.31722441201532,37.4423267796908,17.0127908288607));
#3417=CARTESIAN_POINT('Ctrl Pts',(0.141221536904358,38.0092137813482,17.1692934403172));
#3418=CARTESIAN_POINT('Ctrl Pts',(4.77914623766431,39.112718504768,16.47303897518));
#3419=CARTESIAN_POINT('Ctrl Pts',(6.96448306598584,39.6493362265307,15.6747321336722));
#3420=CARTESIAN_POINT('Ctrl Pts',(10.7220966843545,40.6873641813309,13.3632995905774));
#3421=CARTESIAN_POINT('Ctrl Pts',(12.3242011314857,41.1887744143687,11.9018989966667));
#3422=CARTESIAN_POINT('Ctrl Pts',(14.7967296103654,42.1586973550545,8.60357987570658));
#3423=CARTESIAN_POINT('Ctrl Pts',(15.7079991390386,42.6272100627028,6.798790840134));
#3424=CARTESIAN_POINT('Ctrl Pts',(17.3388065937431,43.960704725238,1.37114408331592));
#3425=CARTESIAN_POINT('Ctrl Pts',(17.213196235748,44.8256866801254,-2.49401795143395));
#3426=CARTESIAN_POINT('Ctrl Pts',(14.8112869047346,46.4435172970284,-8.93662486552172));
#3427=CARTESIAN_POINT('Ctrl Pts',(12.8272603715528,47.1963659590442,-11.6059844529371));
#3428=CARTESIAN_POINT('Ctrl Pts',(8.06063841591694,48.6044665655621,-15.2243664898147));
#3429=CARTESIAN_POINT('Ctrl Pts',(5.42278013425806,49.2597185100639,-16.3508006624705));
#3430=CARTESIAN_POINT('Ctrl Pts',(0.278922376152527,50.4852777851577,-17.1696545854937));
#3431=CARTESIAN_POINT('Ctrl Pts',(-2.19613307908876,51.0555851157491,-17.030908248711));
#3432=CARTESIAN_POINT('Ctrl Pts',(-6.56545431051818,52.1222670913233,-15.8223003738563));
#3433=CARTESIAN_POINT('Ctrl Pts',(-8.49216613562748,52.6186417363063,-14.8772811275761));
#3434=CARTESIAN_POINT('Ctrl Pts',(-13.0868313621619,53.9686425405857,-11.4410045191244));
#3435=CARTESIAN_POINT('Ctrl Pts',(-15.2657977592618,54.8222686998832,-8.31367297177427));
#3436=CARTESIAN_POINT('Ctrl Pts',(-17.0653768398731,56.3108693808489,-2.24846179206017));
#3437=CARTESIAN_POINT('Ctrl Pts',(-17.2049261765459,56.9458439025181,0.522668515257098));
#3438=CARTESIAN_POINT('Ctrl Pts',(-16.3263190434241,58.0531477205393,5.14596534025043));
#3439=CARTESIAN_POINT('Ctrl Pts',(-15.5987267270144,58.5254770168916,7.05048773395555));
#3440=CARTESIAN_POINT('Ctrl Pts',(-13.041049384913,59.6920164617857,11.2976037534291));
#3441=CARTESIAN_POINT('Ctrl Pts',(-10.8483734910925,60.3862266103274,13.4170642178905));
#3442=CARTESIAN_POINT('Ctrl Pts',(-5.75521778276776,61.7578928474294,16.2532210339859));
#3443=CARTESIAN_POINT('Ctrl Pts',(-2.87918837638121,62.4353489359897,17.));
#3444=CARTESIAN_POINT('Ctrl Pts',(-1.14504475720278E-14,63.11280502455,
17.));
#3445=CARTESIAN_POINT('Ctrl Pts',(1.04094977927525E-15,-0.280951952754259,
-17.));
#3446=CARTESIAN_POINT('Ctrl Pts',(-2.92003183169537,0.406114360585829,-17.));
#3447=CARTESIAN_POINT('Ctrl Pts',(-5.83667537597062,1.09318067392592,-16.2314449896999));
#3448=CARTESIAN_POINT('Ctrl Pts',(-10.8350252580775,2.44477409019697,-13.4006925303608));
#3449=CARTESIAN_POINT('Ctrl Pts',(-12.9361975280247,3.10930119312794,-11.3855665714259));
#3450=CARTESIAN_POINT('Ctrl Pts',(-15.8562930592711,4.40879980073847,-6.69780324664997));
#3451=CARTESIAN_POINT('Ctrl Pts',(-16.7264296266498,5.04377130541804,-4.06314531576935));
#3452=CARTESIAN_POINT('Ctrl Pts',(-17.1553790116741,6.29313543295863,1.22929763268279));
#3453=CARTESIAN_POINT('Ctrl Pts',(-16.7561380078715,6.90752805581964,3.87943820224909));
#3454=CARTESIAN_POINT('Ctrl Pts',(-14.8508285913082,8.11640136363125,8.65079818472894));
#3455=CARTESIAN_POINT('Ctrl Pts',(-13.3829026812555,8.71088204858188,10.7833823499574));
#3456=CARTESIAN_POINT('Ctrl Pts',(-9.72867881603541,9.88057680940086,14.1537687610714));
#3457=CARTESIAN_POINT('Ctrl Pts',(-7.56973048989718,10.4557908852693,15.4167292885935));
#3458=CARTESIAN_POINT('Ctrl Pts',(-2.93893526789623,11.6012562446824,16.9185206541215));
#3459=CARTESIAN_POINT('Ctrl Pts',(-0.472571939513239,12.1715075282273,17.1653825298129));
#3460=CARTESIAN_POINT('Ctrl Pts',(4.26310136651934,13.2930745063133,16.6227568550414));
#3461=CARTESIAN_POINT('Ctrl Pts',(6.53391912141377,13.8443902008546,15.8681435473047));
#3462=CARTESIAN_POINT('Ctrl Pts',(10.515706673464,14.928714770287,13.5481157953528));
#3463=CARTESIAN_POINT('Ctrl Pts',(12.2412267282482,15.4617236451782,12.0118232019227));
#3464=CARTESIAN_POINT('Ctrl Pts',(14.9143212193428,16.510042465942,8.44745033801352));
#3465=CARTESIAN_POINT('Ctrl Pts',(15.8850889796107,17.0253524118146,6.43897062866385));
#3466=CARTESIAN_POINT('Ctrl Pts',(16.9798870977581,18.0388610797432,2.27301169599969));
#3467=CARTESIAN_POINT('Ctrl Pts',(17.1308998844478,18.5370598017991,0.12416590428858));
#3468=CARTESIAN_POINT('Ctrl Pts',(16.6461693269675,19.5169142121376,-4.01190801085283));
#3469=CARTESIAN_POINT('Ctrl Pts',(16.036797341139,19.9985699004202,-6.00095743934704));
#3470=CARTESIAN_POINT('Ctrl Pts',(14.18511231065,20.9458875661114,-9.57597413797906));
#3471=CARTESIAN_POINT('Ctrl Pts',(12.9651734825711,21.4115495435199,-11.1723304875855));
#3472=CARTESIAN_POINT('Ctrl Pts',(10.1003348915192,22.3274108697149,-13.807394131793));
#3473=CARTESIAN_POINT('Ctrl Pts',(8.47167217483034,22.7776102185011,-14.862424707756));
#3474=CARTESIAN_POINT('Ctrl Pts',(3.35599189162121,24.0878055795243,-17.0615421206241));
#3475=CARTESIAN_POINT('Ctrl Pts',(-0.473375215825862,24.9478015917612,-17.3820256879196));
#3476=CARTESIAN_POINT('Ctrl Pts',(-7.34256637913045,26.611369277872,-15.7082835078726));
#3477=CARTESIAN_POINT('Ctrl Pts',(-10.4027596917246,27.4149409517461,-13.8724922992182));
#3478=CARTESIAN_POINT('Ctrl Pts',(-14.8039373965936,28.9693619619712,-8.94575980810377));
#3479=CARTESIAN_POINT('Ctrl Pts',(-16.2391447907454,29.7202112983223,-5.95595143127917));
#3480=CARTESIAN_POINT('Ctrl Pts',(-17.253062802463,31.1641807103733,0.0965805741999588));
#3481=CARTESIAN_POINT('Ctrl Pts',(-16.9674798108291,31.857300786073,3.12764012350436));
#3482=CARTESIAN_POINT('Ctrl Pts',(-14.9920989418683,33.1986140832163,8.47502266146543));
#3483=CARTESIAN_POINT('Ctrl Pts',(-13.398156508797,33.8468073046594,10.8202791997667));
#3484=CARTESIAN_POINT('Ctrl Pts',(-9.42838168559983,35.1011789749103,14.378550906559));
#3485=CARTESIAN_POINT('Ctrl Pts',(-7.11385413082301,35.7073574237176,15.6534400943446));
#3486=CARTESIAN_POINT('Ctrl Pts',(-2.31722441201532,36.8804228741824,17.0127908288607));
#3487=CARTESIAN_POINT('Ctrl Pts',(0.141221536904358,37.4473098758398,17.1692934403172));
#3488=CARTESIAN_POINT('Ctrl Pts',(4.77914623766431,38.5508145992597,16.47303897518));
#3489=CARTESIAN_POINT('Ctrl Pts',(6.96448306598584,39.0874323210223,15.6747321336722));
#3490=CARTESIAN_POINT('Ctrl Pts',(10.7220966843545,40.1254602758226,13.3632995905774));
#3491=CARTESIAN_POINT('Ctrl Pts',(12.3242011314857,40.6268705088604,11.9018989966667));
#3492=CARTESIAN_POINT('Ctrl Pts',(14.7967296103654,41.5967934495461,8.60357987570657));
#3493=CARTESIAN_POINT('Ctrl Pts',(15.7079991390386,42.0653061571944,6.798790840134));
#3494=CARTESIAN_POINT('Ctrl Pts',(17.3388065937431,43.3988008197296,1.37114408331592));
#3495=CARTESIAN_POINT('Ctrl Pts',(17.213196235748,44.263782774617,-2.49401795143395));
#3496=CARTESIAN_POINT('Ctrl Pts',(14.8112869047346,45.88161339152,-8.93662486552172));
#3497=CARTESIAN_POINT('Ctrl Pts',(12.8272603715528,46.6344620535358,-11.6059844529371));
#3498=CARTESIAN_POINT('Ctrl Pts',(8.06063841591694,48.0425626600537,-15.2243664898147));
#3499=CARTESIAN_POINT('Ctrl Pts',(5.42278013425806,48.6978146045556,-16.3508006624705));
#3500=CARTESIAN_POINT('Ctrl Pts',(0.278922376152528,49.9233738796493,-17.1696545854938));
#3501=CARTESIAN_POINT('Ctrl Pts',(-2.19613307908876,50.4936812102407,-17.030908248711));
#3502=CARTESIAN_POINT('Ctrl Pts',(-6.56545431051818,51.5603631858149,-15.8223003738563));
#3503=CARTESIAN_POINT('Ctrl Pts',(-8.49216613562748,52.0567378307979,-14.8772811275761));
#3504=CARTESIAN_POINT('Ctrl Pts',(-13.0868313621619,53.4067386350774,-11.4410045191244));
#3505=CARTESIAN_POINT('Ctrl Pts',(-15.2657977592618,54.2603647943748,-8.31367297177427));
#3506=CARTESIAN_POINT('Ctrl Pts',(-17.0653768398731,55.7489654753406,-2.24846179206017));
#3507=CARTESIAN_POINT('Ctrl Pts',(-17.2049261765459,56.3839399970097,0.522668515257099));
#3508=CARTESIAN_POINT('Ctrl Pts',(-16.3263190434241,57.4912438150309,5.14596534025043));
#3509=CARTESIAN_POINT('Ctrl Pts',(-15.5987267270144,57.9635731113833,7.05048773395555));
#3510=CARTESIAN_POINT('Ctrl Pts',(-13.0410493849131,59.1301125562773,11.2976037534291));
#3511=CARTESIAN_POINT('Ctrl Pts',(-10.8483734910925,59.824322704819,13.4170642178905));
#3512=CARTESIAN_POINT('Ctrl Pts',(-5.75521778276776,61.195988941921,16.2532210339859));
#3513=CARTESIAN_POINT('Ctrl Pts',(-2.87918837638121,61.8734450304813,17.));
#3514=CARTESIAN_POINT('Ctrl Pts',(-1.14504475720278E-14,62.5509011190416,
17.));
#3515=CARTESIAN_POINT('Ctrl Pts',(1.04094977927525E-15,-0.842855858262633,
-17.));
#3516=CARTESIAN_POINT('Ctrl Pts',(-2.92003183169537,-0.155789544922545,
-17.));
#3517=CARTESIAN_POINT('Ctrl Pts',(-5.83667537597062,0.531276768417542,-16.2314449896999));
#3518=CARTESIAN_POINT('Ctrl Pts',(-10.8350252580775,1.8828701846886,-13.4006925303608));
#3519=CARTESIAN_POINT('Ctrl Pts',(-12.9361975280247,2.54739728761957,-11.3855665714259));
#3520=CARTESIAN_POINT('Ctrl Pts',(-15.8562930592711,3.8468958952301,-6.69780324664997));
#3521=CARTESIAN_POINT('Ctrl Pts',(-16.7264296266498,4.48186739990967,-4.06314531576935));
#3522=CARTESIAN_POINT('Ctrl Pts',(-17.1553790116741,5.73123152745025,1.22929763268279));
#3523=CARTESIAN_POINT('Ctrl Pts',(-16.7561380078715,6.34562415031126,3.87943820224909));
#3524=CARTESIAN_POINT('Ctrl Pts',(-14.8508285913082,7.55449745812287,8.65079818472894));
#3525=CARTESIAN_POINT('Ctrl Pts',(-13.3829026812555,8.14897814307351,10.7833823499574));
#3526=CARTESIAN_POINT('Ctrl Pts',(-9.72867881603541,9.31867290389248,14.1537687610714));
#3527=CARTESIAN_POINT('Ctrl Pts',(-7.56973048989718,9.89388697976088,15.4167292885935));
#3528=CARTESIAN_POINT('Ctrl Pts',(-2.93893526789623,11.0393523391741,16.9185206541215));
#3529=CARTESIAN_POINT('Ctrl Pts',(-0.472571939513239,11.6096036227189,17.1653825298129));
#3530=CARTESIAN_POINT('Ctrl Pts',(4.26310136651934,12.7311706008049,16.6227568550414));
#3531=CARTESIAN_POINT('Ctrl Pts',(6.53391912141377,13.2824862953462,15.8681435473047));
#3532=CARTESIAN_POINT('Ctrl Pts',(10.515706673464,14.3668108647786,13.5481157953528));
#3533=CARTESIAN_POINT('Ctrl Pts',(12.2412267282482,14.8998197396698,12.0118232019227));
#3534=CARTESIAN_POINT('Ctrl Pts',(14.9143212193428,15.9481385604337,8.44745033801352));
#3535=CARTESIAN_POINT('Ctrl Pts',(15.8850889796107,16.4634485063062,6.43897062866385));
#3536=CARTESIAN_POINT('Ctrl Pts',(16.9798870977581,17.4769571742348,2.27301169599969));
#3537=CARTESIAN_POINT('Ctrl Pts',(17.1308998844478,17.9751558962907,0.12416590428858));
#3538=CARTESIAN_POINT('Ctrl Pts',(16.6461693269675,18.9550103066292,-4.01190801085283));
#3539=CARTESIAN_POINT('Ctrl Pts',(16.036797341139,19.4366659949118,-6.00095743934704));
#3540=CARTESIAN_POINT('Ctrl Pts',(14.18511231065,20.383983660603,-9.57597413797906));
#3541=CARTESIAN_POINT('Ctrl Pts',(12.9651734825711,20.8496456380115,-11.1723304875855));
#3542=CARTESIAN_POINT('Ctrl Pts',(10.1003348915192,21.7655069642065,-13.807394131793));
#3543=CARTESIAN_POINT('Ctrl Pts',(8.47167217483034,22.2157063129928,-14.862424707756));
#3544=CARTESIAN_POINT('Ctrl Pts',(3.35599189162121,23.5259016740159,-17.0615421206241));
#3545=CARTESIAN_POINT('Ctrl Pts',(-0.473375215825862,24.3858976862528,-17.3820256879196));
#3546=CARTESIAN_POINT('Ctrl Pts',(-7.34256637913045,26.0494653723637,-15.7082835078726));
#3547=CARTESIAN_POINT('Ctrl Pts',(-10.4027596917246,26.8530370462377,-13.8724922992182));
#3548=CARTESIAN_POINT('Ctrl Pts',(-14.8039373965936,28.4074580564628,-8.94575980810377));
#3549=CARTESIAN_POINT('Ctrl Pts',(-16.2391447907454,29.1583073928139,-5.95595143127917));
#3550=CARTESIAN_POINT('Ctrl Pts',(-17.253062802463,30.6022768048649,0.0965805741999591));
#3551=CARTESIAN_POINT('Ctrl Pts',(-16.9674798108291,31.2953968805646,3.12764012350436));
#3552=CARTESIAN_POINT('Ctrl Pts',(-14.9920989418683,32.6367101777079,8.47502266146543));
#3553=CARTESIAN_POINT('Ctrl Pts',(-13.398156508797,33.284903399151,10.8202791997667));
#3554=CARTESIAN_POINT('Ctrl Pts',(-9.42838168559983,34.5392750694019,14.378550906559));
#3555=CARTESIAN_POINT('Ctrl Pts',(-7.11385413082301,35.1454535182092,15.6534400943446));
#3556=CARTESIAN_POINT('Ctrl Pts',(-2.31722441201532,36.3185189686741,17.0127908288607));
#3557=CARTESIAN_POINT('Ctrl Pts',(0.141221536904358,36.8854059703314,17.1692934403172));
#3558=CARTESIAN_POINT('Ctrl Pts',(4.77914623766431,37.9889106937513,16.47303897518));
#3559=CARTESIAN_POINT('Ctrl Pts',(6.96448306598584,38.5255284155139,15.6747321336722));
#3560=CARTESIAN_POINT('Ctrl Pts',(10.7220966843545,39.5635563703142,13.3632995905774));
#3561=CARTESIAN_POINT('Ctrl Pts',(12.3242011314857,40.064966603352,11.9018989966667));
#3562=CARTESIAN_POINT('Ctrl Pts',(14.7967296103654,41.0348895440377,8.60357987570657));
#3563=CARTESIAN_POINT('Ctrl Pts',(15.7079991390386,41.503402251686,6.798790840134));
#3564=CARTESIAN_POINT('Ctrl Pts',(17.3388065937431,42.8368969142212,1.37114408331592));
#3565=CARTESIAN_POINT('Ctrl Pts',(17.213196235748,43.7018788691086,-2.49401795143395));
#3566=CARTESIAN_POINT('Ctrl Pts',(14.8112869047346,45.3197094860116,-8.93662486552172));
#3567=CARTESIAN_POINT('Ctrl Pts',(12.8272603715528,46.0725581480275,-11.6059844529371));
#3568=CARTESIAN_POINT('Ctrl Pts',(8.06063841591694,47.4806587545454,-15.2243664898147));
#3569=CARTESIAN_POINT('Ctrl Pts',(5.42278013425806,48.1359106990472,-16.3508006624705));
#3570=CARTESIAN_POINT('Ctrl Pts',(0.278922376152529,49.3614699741409,-17.1696545854938));
#3571=CARTESIAN_POINT('Ctrl Pts',(-2.19613307908876,49.9317773047324,-17.030908248711));
#3572=CARTESIAN_POINT('Ctrl Pts',(-6.56545431051818,50.9984592803066,-15.8223003738563));
#3573=CARTESIAN_POINT('Ctrl Pts',(-8.49216613562748,51.4948339252895,-14.8772811275761));
#3574=CARTESIAN_POINT('Ctrl Pts',(-13.0868313621619,52.844834729569,-11.4410045191244));
#3575=CARTESIAN_POINT('Ctrl Pts',(-15.2657977592618,53.6984608888665,-8.31367297177428));
#3576=CARTESIAN_POINT('Ctrl Pts',(-17.0653768398731,55.1870615698322,-2.24846179206017));
#3577=CARTESIAN_POINT('Ctrl Pts',(-17.2049261765459,55.8220360915013,0.522668515257098));
#3578=CARTESIAN_POINT('Ctrl Pts',(-16.3263190434241,56.9293399095226,5.14596534025043));
#3579=CARTESIAN_POINT('Ctrl Pts',(-15.5987267270144,57.4016692058749,7.05048773395555));
#3580=CARTESIAN_POINT('Ctrl Pts',(-13.0410493849131,58.568208650769,11.2976037534291));
#3581=CARTESIAN_POINT('Ctrl Pts',(-10.8483734910925,59.2624187993106,13.4170642178905));
#3582=CARTESIAN_POINT('Ctrl Pts',(-5.75521778276776,60.6340850364126,16.2532210339859));
#3583=CARTESIAN_POINT('Ctrl Pts',(-2.87918837638121,61.3115411249729,17.));
#3584=CARTESIAN_POINT('Ctrl Pts',(-1.14504475720278E-14,61.9889972135332,
17.));
#3585=CARTESIAN_POINT('',(1.04094977927525E-15,0.84285585826249,-17.));
#3586=CARTESIAN_POINT('',(1.04094977927525E-15,-0.842855858262633,-17.));
#3587=CARTESIAN_POINT('Ctrl Pts',(1.04094977927525E-15,0.84285585826249,
-17.));
#3588=CARTESIAN_POINT('Ctrl Pts',(-2.92003183169537,1.52992217160258,-17.));
#3589=CARTESIAN_POINT('Ctrl Pts',(-5.83667537597062,2.21698848494267,-16.2314449896999));
#3590=CARTESIAN_POINT('Ctrl Pts',(-10.8350252580775,3.56858190121372,-13.4006925303608));
#3591=CARTESIAN_POINT('Ctrl Pts',(-12.9361975280247,4.23310900414469,-11.3855665714259));
#3592=CARTESIAN_POINT('Ctrl Pts',(-15.8562930592711,5.53260761175522,-6.69780324664997));
#3593=CARTESIAN_POINT('Ctrl Pts',(-16.7264296266498,6.16757911643479,-4.06314531576935));
#3594=CARTESIAN_POINT('Ctrl Pts',(-17.1553790116741,7.41694324397537,1.22929763268279));
#3595=CARTESIAN_POINT('Ctrl Pts',(-16.7561380078715,8.03133586683639,3.87943820224909));
#3596=CARTESIAN_POINT('Ctrl Pts',(-14.8508285913082,9.240209174648,8.65079818472894));
#3597=CARTESIAN_POINT('Ctrl Pts',(-13.3829026812555,9.83468985959863,10.7833823499574));
#3598=CARTESIAN_POINT('Ctrl Pts',(-9.72867881603541,11.0043846204176,14.1537687610714));
#3599=CARTESIAN_POINT('Ctrl Pts',(-7.56973048989718,11.579598696286,15.4167292885935));
#3600=CARTESIAN_POINT('Ctrl Pts',(-2.93893526789623,12.7250640556992,16.9185206541215));
#3601=CARTESIAN_POINT('Ctrl Pts',(-0.472571939513239,13.295315339244,17.1653825298129));
#3602=CARTESIAN_POINT('Ctrl Pts',(4.26310136651934,14.4168823173301,16.6227568550414));
#3603=CARTESIAN_POINT('Ctrl Pts',(6.53391912141377,14.9681980118713,15.8681435473047));
#3604=CARTESIAN_POINT('Ctrl Pts',(10.515706673464,16.0525225813037,13.5481157953528));
#3605=CARTESIAN_POINT('Ctrl Pts',(12.2412267282482,16.5855314561949,12.0118232019227));
#3606=CARTESIAN_POINT('Ctrl Pts',(14.9143212193428,17.6338502769588,8.44745033801352));
#3607=CARTESIAN_POINT('Ctrl Pts',(15.8850889796107,18.1491602228314,6.43897062866386));
#3608=CARTESIAN_POINT('Ctrl Pts',(16.9798870977581,19.16266889076,2.27301169599969));
#3609=CARTESIAN_POINT('Ctrl Pts',(17.1308998844478,19.6608676128158,0.124165904288579));
#3610=CARTESIAN_POINT('Ctrl Pts',(16.6461693269675,20.6407220231543,-4.01190801085283));
#3611=CARTESIAN_POINT('Ctrl Pts',(16.036797341139,21.1223777114369,-6.00095743934705));
#3612=CARTESIAN_POINT('Ctrl Pts',(14.18511231065,22.0696953771281,-9.57597413797906));
#3613=CARTESIAN_POINT('Ctrl Pts',(12.9651734825711,22.5353573545366,-11.1723304875855));
#3614=CARTESIAN_POINT('Ctrl Pts',(10.1003348915192,23.4512186807316,-13.807394131793));
#3615=CARTESIAN_POINT('Ctrl Pts',(8.47167217483034,23.9014180295179,-14.862424707756));
#3616=CARTESIAN_POINT('Ctrl Pts',(3.35599189162121,25.2116133905411,-17.0615421206241));
#3617=CARTESIAN_POINT('Ctrl Pts',(-0.473375215825862,26.071609402778,-17.3820256879196));
#3618=CARTESIAN_POINT('Ctrl Pts',(-7.34256637913045,27.7351770888888,-15.7082835078726));
#3619=CARTESIAN_POINT('Ctrl Pts',(-10.4027596917246,28.5387487627628,-13.8724922992182));
#3620=CARTESIAN_POINT('Ctrl Pts',(-14.8039373965936,30.0931697729879,-8.94575980810377));
#3621=CARTESIAN_POINT('Ctrl Pts',(-16.2391447907454,30.8440191093391,-5.95595143127917));
#3622=CARTESIAN_POINT('Ctrl Pts',(-17.253062802463,32.2879885213901,0.0965805741999577));
#3623=CARTESIAN_POINT('Ctrl Pts',(-16.9674798108291,32.9811085970898,3.12764012350436));
#3624=CARTESIAN_POINT('Ctrl Pts',(-14.9920989418683,34.322421894233,8.47502266146542));
#3625=CARTESIAN_POINT('Ctrl Pts',(-13.398156508797,34.9706151156761,10.8202791997667));
#3626=CARTESIAN_POINT('Ctrl Pts',(-9.42838168559983,36.224986785927,14.378550906559));
#3627=CARTESIAN_POINT('Ctrl Pts',(-7.11385413082301,36.8311652347344,15.6534400943446));
#3628=CARTESIAN_POINT('Ctrl Pts',(-2.31722441201532,38.0042306851992,17.0127908288607));
#3629=CARTESIAN_POINT('Ctrl Pts',(0.141221536904358,38.5711176868565,17.1692934403172));
#3630=CARTESIAN_POINT('Ctrl Pts',(4.77914623766431,39.6746224102764,16.47303897518));
#3631=CARTESIAN_POINT('Ctrl Pts',(6.96448306598584,40.211240132039,15.6747321336722));
#3632=CARTESIAN_POINT('Ctrl Pts',(10.7220966843545,41.2492680868393,13.3632995905774));
#3633=CARTESIAN_POINT('Ctrl Pts',(12.3242011314857,41.7506783198771,11.9018989966667));
#3634=CARTESIAN_POINT('Ctrl Pts',(14.7967296103654,42.7206012605629,8.60357987570658));
#3635=CARTESIAN_POINT('Ctrl Pts',(15.7079991390386,43.1891139682112,6.798790840134));
#3636=CARTESIAN_POINT('Ctrl Pts',(17.3388065937431,44.5226086307464,1.37114408331592));
#3637=CARTESIAN_POINT('Ctrl Pts',(17.213196235748,45.3875905856337,-2.49401795143395));
#3638=CARTESIAN_POINT('Ctrl Pts',(14.8112869047346,47.0054212025368,-8.93662486552172));
#3639=CARTESIAN_POINT('Ctrl Pts',(12.8272603715528,47.7582698645526,-11.6059844529371));
#3640=CARTESIAN_POINT('Ctrl Pts',(8.06063841591693,49.1663704710705,-15.2243664898147));
#3641=CARTESIAN_POINT('Ctrl Pts',(5.42278013425806,49.8216224155723,-16.3508006624705));
#3642=CARTESIAN_POINT('Ctrl Pts',(0.278922376152527,51.047181690666,-17.1696545854937));
#3643=CARTESIAN_POINT('Ctrl Pts',(-2.19613307908876,51.6174890212575,-17.030908248711));
#3644=CARTESIAN_POINT('Ctrl Pts',(-6.56545431051819,52.6841709968317,-15.8223003738563));
#3645=CARTESIAN_POINT('Ctrl Pts',(-8.49216613562747,53.1805456418147,-14.8772811275761));
#3646=CARTESIAN_POINT('Ctrl Pts',(-13.0868313621619,54.5305464460941,-11.4410045191244));
#3647=CARTESIAN_POINT('Ctrl Pts',(-15.2657977592618,55.3841726053916,-8.31367297177427));
#3648=CARTESIAN_POINT('Ctrl Pts',(-17.0653768398731,56.8727732863573,-2.24846179206018));
#3649=CARTESIAN_POINT('Ctrl Pts',(-17.2049261765459,57.5077478080265,0.522668515257099));
#3650=CARTESIAN_POINT('Ctrl Pts',(-16.3263190434241,58.6150516260477,5.14596534025043));
#3651=CARTESIAN_POINT('Ctrl Pts',(-15.5987267270144,59.0873809224,7.05048773395555));
#3652=CARTESIAN_POINT('Ctrl Pts',(-13.041049384913,60.2539203672941,11.2976037534291));
#3653=CARTESIAN_POINT('Ctrl Pts',(-10.8483734910925,60.9481305158358,13.4170642178905));
#3654=CARTESIAN_POINT('Ctrl Pts',(-5.75521778276776,62.3197967529378,16.2532210339859));
#3655=CARTESIAN_POINT('Ctrl Pts',(-2.87918837638121,62.9972528414981,17.));
#3656=CARTESIAN_POINT('Ctrl Pts',(-1.14504475720278E-14,63.6747089300584,
17.));
#3657=CARTESIAN_POINT('Ctrl Pts',(7.65296119267983E-16,2.48136464755643,
-12.498234099837));
#3658=CARTESIAN_POINT('Ctrl Pts',(-2.14677890655909,3.16843096089652,-12.498234099837));
#3659=CARTESIAN_POINT('Ctrl Pts',(-4.29106677727264,3.8554972742366,-11.9331999564644));
#3660=CARTESIAN_POINT('Ctrl Pts',(-7.96580483253527,5.20709069050766,-9.85205837319915));
#3661=CARTESIAN_POINT('Ctrl Pts',(-9.51056618041092,5.87161779343863,-8.37055743346821));
#3662=CARTESIAN_POINT('Ctrl Pts',(-11.6573919182583,7.17111640104916,-4.92415958419291));
#3663=CARTESIAN_POINT('Ctrl Pts',(-12.2971078310775,7.80608790572873,-2.98718478459655));
#3664=CARTESIAN_POINT('Ctrl Pts',(-12.6124672329019,9.05545203326931,0.903767623037934));
#3665=CARTESIAN_POINT('Ctrl Pts',(-12.3189491430326,9.66984465613032,2.85212510750352));
#3666=CARTESIAN_POINT('Ctrl Pts',(-10.9181842535719,10.8787179639419,6.35998240371689));
#3667=CARTESIAN_POINT('Ctrl Pts',(-9.83897944974512,11.4731986488926,7.92783747045984));
#3668=CARTESIAN_POINT('Ctrl Pts',(-7.1524297249962,12.6428934097115,10.4057126688723));
#3669=CARTESIAN_POINT('Ctrl Pts',(-5.5651919844358,13.2181074855799,11.3342289236856));
#3670=CARTESIAN_POINT('Ctrl Pts',(-2.16067652837848,14.3635728449931,12.4383312798905));
#3671=CARTESIAN_POINT('Ctrl Pts',(-0.347430278179439,14.933824128538,12.6198217218149));
#3672=CARTESIAN_POINT('Ctrl Pts',(3.13419052177021,16.055391106624,12.2208886211163));
#3673=CARTESIAN_POINT('Ctrl Pts',(4.80367357463709,16.6067068011652,11.6661042814137));
#3674=CARTESIAN_POINT('Ctrl Pts',(7.73104492530416,17.6910313705977,9.96044251894229));
#3675=CARTESIAN_POINT('Ctrl Pts',(8.99963043051924,18.2240402454889,8.83097519667546));
#3676=CARTESIAN_POINT('Ctrl Pts',(10.964863414089,19.2723590662527,6.21048305124941));
#3677=CARTESIAN_POINT('Ctrl Pts',(11.6785623978774,19.7876690121253,4.73386836935385));
#3678=CARTESIAN_POINT('Ctrl Pts',(12.4834472903872,20.8011776800539,1.67109601695715));
#3679=CARTESIAN_POINT('Ctrl Pts',(12.5944704174529,21.2993764021098,0.0912855611186244));
#3680=CARTESIAN_POINT('Ctrl Pts',(12.238101241998,22.2792308124483,-2.94951561803823));
#3681=CARTESIAN_POINT('Ctrl Pts',(11.7900969047764,22.7608865007309,-4.41184534706575));
#3682=CARTESIAN_POINT('Ctrl Pts',(10.4287561406461,23.7082041664221,-7.04016273590864));
#3683=CARTESIAN_POINT('Ctrl Pts',(9.53186901942194,24.1738661438306,-8.21378834556409));
#3684=CARTESIAN_POINT('Ctrl Pts',(7.42566764476225,25.0897274700255,-10.1510614216391));
#3685=CARTESIAN_POINT('Ctrl Pts',(6.22829070930028,25.5399268188118,-10.9267096052197));
#3686=CARTESIAN_POINT('Ctrl Pts',(2.4672924881551,26.850122179835,-12.5434792663405));
#3687=CARTESIAN_POINT('Ctrl Pts',(-0.348020839085439,27.7101181920719,-12.7790956574705));
#3688=CARTESIAN_POINT('Ctrl Pts',(-5.39818314705675,29.3736858781827,-11.5485767404706));
#3689=CARTESIAN_POINT('Ctrl Pts',(-7.64800740656014,30.1772575520568,-10.1989209590479));
#3690=CARTESIAN_POINT('Ctrl Pts',(-10.8837103048211,31.7316785622819,-6.5768353107408));
#3691=CARTESIAN_POINT('Ctrl Pts',(-11.938860775052,32.482527898633,-4.37875736914036));
#3692=CARTESIAN_POINT('Ctrl Pts',(-12.6842834026101,33.926497310684,0.0710050956381029));
#3693=CARTESIAN_POINT('Ctrl Pts',(-12.4743255741176,34.6196173863837,2.29941049668239));
#3694=CARTESIAN_POINT('Ctrl Pts',(-11.0220448366699,35.960930683527,6.23075395437754));
#3695=CARTESIAN_POINT('Ctrl Pts',(-9.85019391489406,36.6091239049701,7.95496367436944));
#3696=CARTESIAN_POINT('Ctrl Pts',(-6.93165420524954,37.8634955752209,10.5709703086234));
#3697=CARTESIAN_POINT('Ctrl Pts',(-5.23003613406578,38.4696740240283,11.5082563980525));
#3698=CARTESIAN_POINT('Ctrl Pts',(-1.70360077430733,39.6427394744931,12.5076377923918));
#3699=CARTESIAN_POINT('Ctrl Pts',(0.103824695774673,40.2096264761505,12.6226969850518));
#3700=CARTESIAN_POINT('Ctrl Pts',(3.51358167504022,41.3131311995704,12.110817496914));
#3701=CARTESIAN_POINT('Ctrl Pts',(5.12021998488479,41.849748921333,11.5239100975808));
#3702=CARTESIAN_POINT('Ctrl Pts',(7.88278084718524,42.8877768761333,9.82456744878185));
#3703=CARTESIAN_POINT('Ctrl Pts',(9.06063240204614,43.389187109171,8.75015999370325));
#3704=CARTESIAN_POINT('Ctrl Pts',(10.8784112107257,44.3591100498568,6.32526796371925));
#3705=CARTESIAN_POINT('Ctrl Pts',(11.5483676752789,44.8276227575051,4.99840467740129));
#3706=CARTESIAN_POINT('Ctrl Pts',(12.7473214011999,46.1611174200403,1.00805174928758));
#3707=CARTESIAN_POINT('Ctrl Pts',(12.6549738918124,47.0260993749277,-1.83357765918926));
#3708=CARTESIAN_POINT('Ctrl Pts',(10.8891135914837,48.6439299918307,-6.57011939010086));
#3709=CARTESIAN_POINT('Ctrl Pts',(9.43047664607231,49.3967786538465,-8.5326065089339));
#3710=CARTESIAN_POINT('Ctrl Pts',(5.926102700957,50.8048792603644,-11.1928056712599));
#3711=CARTESIAN_POINT('Ctrl Pts',(3.98677503470016,51.4601312048663,-12.0209490823133));
#3712=CARTESIAN_POINT('Ctrl Pts',(0.205061008990414,52.6856904799599,-12.6229624954612));
#3713=CARTESIAN_POINT('Ctrl Pts',(-1.61457560804983,53.2559978105514,-12.5209575426609));
#3714=CARTESIAN_POINT('Ctrl Pts',(-4.82685793792001,54.3226797861256,-11.6324008276702));
#3715=CARTESIAN_POINT('Ctrl Pts',(-6.24335766928117,54.8190544311085,-10.9376319000902));
#3716=CARTESIAN_POINT('Ctrl Pts',(-9.62131070525816,56.1690552353881,-8.41131487160647));
#3717=CARTESIAN_POINT('Ctrl Pts',(-11.2232655362365,57.0226813946855,-6.1121312371013));
#3718=CARTESIAN_POINT('Ctrl Pts',(-12.5462985145101,58.5112820756513,-1.65304716715924));
#3719=CARTESIAN_POINT('Ctrl Pts',(-12.6488938249932,59.1462565973204,0.384260791782202));
#3720=CARTESIAN_POINT('Ctrl Pts',(-12.0029504349024,60.2535604153416,3.78326349953512));
#3721=CARTESIAN_POINT('Ctrl Pts',(-11.46803166433,60.725889711694,5.18344977747091));
#3722=CARTESIAN_POINT('Ctrl Pts',(-9.58765224236343,61.892429156588,8.30588802809137));
#3723=CARTESIAN_POINT('Ctrl Pts',(-7.97561832318468,62.5866393051297,9.86409467810244));
#3724=CARTESIAN_POINT('Ctrl Pts',(-4.23117994968096,63.9583055422317,11.9492094917147));
#3725=CARTESIAN_POINT('Ctrl Pts',(-2.11675119679658,64.635761630792,12.498234099837));
#3726=CARTESIAN_POINT('Ctrl Pts',(-8.41825731194781E-15,65.3132177193523,
12.498234099837));
#3727=CARTESIAN_POINT('Ctrl Pts',(8.57180672603738E-16,1.93519505112511,
-13.9988227332247));
#3728=CARTESIAN_POINT('Ctrl Pts',(-2.40452988160452,2.6222613644652,-13.9988227332247));
#3729=CARTESIAN_POINT('Ctrl Pts',(-4.8062696435053,3.30932767780529,-13.3659483008762));
#3730=CARTESIAN_POINT('Ctrl Pts',(-8.92221164104935,4.66092109407635,-11.0349364255864));
#3731=CARTESIAN_POINT('Ctrl Pts',(-10.6524432962822,5.32544819700731,-9.37556047945412));
#3732=CARTESIAN_POINT('Ctrl Pts',(-13.0570256319293,6.62494680461785,-5.51537413834527));
#3733=CARTESIAN_POINT('Ctrl Pts',(-13.7735484296016,7.25991830929742,-3.34583829498748));
#3734=CARTESIAN_POINT('Ctrl Pts',(-14.1267711591593,8.509282436838,1.01227762625289));
#3735=CARTESIAN_POINT('Ctrl Pts',(-13.7980120979789,9.12367505969901,3.19456280575204));
#3736=CARTESIAN_POINT('Ctrl Pts',(-12.229065699484,10.3325483675106,7.12358766405424));
#3737=CARTESIAN_POINT('Ctrl Pts',(-11.0202871935819,10.9270290524613,8.87968576362568));
#3738=CARTESIAN_POINT('Ctrl Pts',(-8.01117942200927,12.0967238132802,11.6550646996053));
#3739=CARTESIAN_POINT('Ctrl Pts',(-6.23337148625626,12.6719378891486,12.6950623786549));
#3740=CARTESIAN_POINT('Ctrl Pts',(-2.42009610821773,13.8174032485618,13.9317277379675));
#3741=CARTESIAN_POINT('Ctrl Pts',(-0.389144165290705,14.3876545321067,14.1350086578142));
#3742=CARTESIAN_POINT('Ctrl Pts',(3.51049413668659,15.5092215101927,13.6881780324247));
#3743=CARTESIAN_POINT('Ctrl Pts',(5.38042209022931,16.0605372047339,13.0667840367107));
#3744=CARTESIAN_POINT('Ctrl Pts',(8.6592655080241,17.1448617741664,11.1563336110791));
#3745=CARTESIAN_POINT('Ctrl Pts',(10.0801625297622,17.6778706490575,9.8912578650912));
#3746=CARTESIAN_POINT('Ctrl Pts',(12.2813493491736,18.7261894698214,6.95613881350411));
#3747=CARTESIAN_POINT('Ctrl Pts',(13.0807379251218,19.241499415694,5.30223578912385));
#3748=CARTESIAN_POINT('Ctrl Pts',(13.9822605595108,20.2550080836226,1.871734576638));
#3749=CARTESIAN_POINT('Ctrl Pts',(14.1066135731179,20.7532068056785,0.102245675508608));
#3750=CARTESIAN_POINT('Ctrl Pts',(13.7074572703211,21.733061216017,-3.3036464156431));
#3751=CARTESIAN_POINT('Ctrl Pts',(13.2056637168973,22.2147169042995,-4.94154937782618));
#3752=CARTESIAN_POINT('Ctrl Pts',(11.6808748639807,23.1620345699908,-7.88543320326545));
#3753=CARTESIAN_POINT('Ctrl Pts',(10.6763038404717,23.6276965473992,-9.19996905957123));
#3754=CARTESIAN_POINT('Ctrl Pts',(8.31722339368123,24.5435578735942,-11.3698389916904));
#3755=CARTESIAN_POINT('Ctrl Pts',(6.97608453114363,24.9937572223805,-12.2386146393985));
#3756=CARTESIAN_POINT('Ctrl Pts',(2.7635256226438,26.3039525834037,-14.0495002177684));
#3757=CARTESIAN_POINT('Ctrl Pts',(-0.389805631332248,27.1639485956406,-14.3134056676202));
#3758=CARTESIAN_POINT('Ctrl Pts',(-6.04631089108132,28.8275162817514,-12.9351456629379));
#3759=CARTESIAN_POINT('Ctrl Pts',(-8.56625816828164,29.6310879556255,-11.4234447391047));
#3760=CARTESIAN_POINT('Ctrl Pts',(-12.1904526687453,31.1855089658505,-7.36647680986179));
#3761=CARTESIAN_POINT('Ctrl Pts',(-13.3722887802832,31.9363583022017,-4.90448872318663));
#3762=CARTESIAN_POINT('Ctrl Pts',(-14.2072098692277,33.3803277142527,0.0795302551587225));
#3763=CARTESIAN_POINT('Ctrl Pts',(-13.9720436530214,34.0734477899524,2.57548703895638));
#3764=CARTESIAN_POINT('Ctrl Pts',(-12.3453962050693,35.4147610870957,6.97884352340684));
#3765=CARTESIAN_POINT('Ctrl Pts',(-11.0328481128617,36.0629543085388,8.91006884950185));
#3766=CARTESIAN_POINT('Ctrl Pts',(-7.76389669869964,37.3173259787896,11.8401638412686));
#3767=CARTESIAN_POINT('Ctrl Pts',(-5.85797546631819,37.923504427597,12.8899842968165));
#3768=CARTESIAN_POINT('Ctrl Pts',(-1.90814198687666,39.0965698780618,14.0093554712148));
#3769=CARTESIAN_POINT('Ctrl Pts',(0.11629030948457,39.6634568797192,14.1382291368069));
#3770=CARTESIAN_POINT('Ctrl Pts',(3.93543652924824,40.7669616031391,13.5648913230027));
#3771=CARTESIAN_POINT('Ctrl Pts',(5.7349743452518,41.3035793249017,12.9075174429446));
#3772=CARTESIAN_POINT('Ctrl Pts',(8.82921945957501,42.3416072797019,11.0041448293804));
#3773=CARTESIAN_POINT('Ctrl Pts',(10.1484886451927,42.8430175127397,9.80073966135773));
#3774=CARTESIAN_POINT('Ctrl Pts',(12.1845173439389,43.8129404534255,7.08470526771503));
#3775=CARTESIAN_POINT('Ctrl Pts',(12.9349114965321,44.2814531610738,5.59853339831219));
#3776=CARTESIAN_POINT('Ctrl Pts',(14.277816465381,45.614947823609,1.12908252729703));
#3777=CARTESIAN_POINT('Ctrl Pts',(14.1743813397909,46.4799297784964,-2.05372442327083));
#3778=CARTESIAN_POINT('Ctrl Pts',(12.1965046959007,48.0977603953994,-7.35895454857448));
#3779=CARTESIAN_POINT('Ctrl Pts',(10.5627378878992,48.8506090574152,-9.55706582360163));
#3780=CARTESIAN_POINT('Ctrl Pts',(6.63761460594364,50.2587096639331,-12.5366592774448));
#3781=CARTESIAN_POINT('Ctrl Pts',(4.46544340121946,50.9139616084349,-13.4642329423657));
#3782=CARTESIAN_POINT('Ctrl Pts',(0.229681464711117,52.1395208835286,-14.138526525472));
#3783=CARTESIAN_POINT('Ctrl Pts',(-1.80842809839614,52.7098282141201,-14.0242744446776));
#3784=CARTESIAN_POINT('Ctrl Pts',(-5.4063900621194,53.7765101896943,-13.0290340097322));
#3785=CARTESIAN_POINT('Ctrl Pts',(-6.99296049139661,54.2728848346772,-12.2508483092521));
#3786=CARTESIAN_POINT('Ctrl Pts',(-10.7764842575594,55.6228856389568,-9.42121142077913));
#3787=CARTESIAN_POINT('Ctrl Pts',(-12.5707762772449,56.4765117982542,-6.84597848199229));
#3788=CARTESIAN_POINT('Ctrl Pts',(-14.0526579562977,57.96511247922,-1.85151870879289));
#3789=CARTESIAN_POINT('Ctrl Pts',(-14.1675712755108,58.6000870008891,0.430396699607162));
#3790=CARTESIAN_POINT('Ctrl Pts',(-13.4440733044096,59.7073908189103,4.23749744644023));
#3791=CARTESIAN_POINT('Ctrl Pts',(-12.8449300185581,60.1797201152626,5.80579576296579));
#3792=CARTESIAN_POINT('Ctrl Pts',(-10.7387846232133,61.3462595601567,9.30312660320394));
#3793=CARTESIAN_POINT('Ctrl Pts',(-8.93320337915395,62.0404697086984,11.0484178580318));
#3794=CARTESIAN_POINT('Ctrl Pts',(-4.73919256070989,63.4121359458004,13.3838800058051));
#3795=CARTESIAN_POINT('Ctrl Pts',(-2.3708969233248,64.0895920343607,13.9988227332246));
#3796=CARTESIAN_POINT('Ctrl Pts',(-9.42898739864113E-15,64.767048122921,
13.9988227332247));
#3797=CARTESIAN_POINT('Ctrl Pts',(9.49065225939494E-16,1.3890254546938,
-15.4994113666123));
#3798=CARTESIAN_POINT('Ctrl Pts',(-2.66228085664995,2.07609176803389,-15.4994113666123));
#3799=CARTESIAN_POINT('Ctrl Pts',(-5.32147250973796,2.76315808137398,-14.798696645288));
#3800=CARTESIAN_POINT('Ctrl Pts',(-9.87861844956344,4.11475149764503,-12.2178144779736));
#3801=CARTESIAN_POINT('Ctrl Pts',(-11.7943204121535,4.779278600576,-10.38056352544));
#3802=CARTESIAN_POINT('Ctrl Pts',(-14.4566593456002,6.07877720818653,-6.10658869249762));
#3803=CARTESIAN_POINT('Ctrl Pts',(-15.2499890281257,6.71374871286611,-3.70449180537841));
#3804=CARTESIAN_POINT('Ctrl Pts',(-15.6410750854167,7.96311284040668,1.12078762946784));
#3805=CARTESIAN_POINT('Ctrl Pts',(-15.2770750529252,8.5775054632677,3.53700050400057));
#3806=CARTESIAN_POINT('Ctrl Pts',(-13.5399471453961,9.78637877107931,7.88719292439159));
#3807=CARTESIAN_POINT('Ctrl Pts',(-12.2015949374187,10.3808594560299,9.83153405679152));
#3808=CARTESIAN_POINT('Ctrl Pts',(-8.86992911902234,11.5505542168489,12.9044167303383));
#3809=CARTESIAN_POINT('Ctrl Pts',(-6.90155098807673,12.1257682927173,14.0558958336242));
#3810=CARTESIAN_POINT('Ctrl Pts',(-2.67951568805698,13.2712336521305,15.4251241960445));
#3811=CARTESIAN_POINT('Ctrl Pts',(-0.430858052401972,13.8414849356753,15.6501955938135));
#3812=CARTESIAN_POINT('Ctrl Pts',(3.88679775160296,14.9630519137614,15.155467443733));
#3813=CARTESIAN_POINT('Ctrl Pts',(5.95717060582154,15.5143676083026,14.4674637920077));
#3814=CARTESIAN_POINT('Ctrl Pts',(9.58748609074405,16.5986921777351,12.352224703216));
#3815=CARTESIAN_POINT('Ctrl Pts',(11.1606946290052,17.1317010526262,10.9515405335069));
#3816=CARTESIAN_POINT('Ctrl Pts',(13.5978352842582,18.1800198733901,7.70179457575882));
#3817=CARTESIAN_POINT('Ctrl Pts',(14.4829134523662,18.6953298192627,5.87060320889385));
#3818=CARTESIAN_POINT('Ctrl Pts',(15.4810738286345,19.7088384871913,2.07237313631884));
#3819=CARTESIAN_POINT('Ctrl Pts',(15.6187567287829,20.2070372092471,0.113205789898596));
#3820=CARTESIAN_POINT('Ctrl Pts',(15.1768132986443,21.1868916195857,-3.65777721324797));
#3821=CARTESIAN_POINT('Ctrl Pts',(14.6212305290181,21.6685473078682,-5.47125340858661));
#3822=CARTESIAN_POINT('Ctrl Pts',(12.9329935873154,22.6158649735595,-8.73070367062226));
#3823=CARTESIAN_POINT('Ctrl Pts',(11.8207386615214,23.0815269509679,-10.1861497735784));
#3824=CARTESIAN_POINT('Ctrl Pts',(9.20877914260021,23.9973882771629,-12.5886165617417));
#3825=CARTESIAN_POINT('Ctrl Pts',(7.72387835298699,24.4475876259492,-13.5505196735772));
#3826=CARTESIAN_POINT('Ctrl Pts',(3.0597587571325,25.7577829869724,-15.5555211691962));
#3827=CARTESIAN_POINT('Ctrl Pts',(-0.431590423579054,26.6177789992093,-15.8477156777699));
#3828=CARTESIAN_POINT('Ctrl Pts',(-6.69443863510589,28.2813466853201,-14.3217145854053));
#3829=CARTESIAN_POINT('Ctrl Pts',(-9.48450893000313,29.0849183591941,-12.6479685191614));
#3830=CARTESIAN_POINT('Ctrl Pts',(-13.4971950326695,30.6393393694192,-8.15611830898278));
#3831=CARTESIAN_POINT('Ctrl Pts',(-14.8057167855143,31.3901887057704,-5.4302200772329));
#3832=CARTESIAN_POINT('Ctrl Pts',(-15.7301363358454,32.8341581178214,0.0880554146793381));
#3833=CARTESIAN_POINT('Ctrl Pts',(-15.4697617319253,33.5272781935211,2.85156358123037));
#3834=CARTESIAN_POINT('Ctrl Pts',(-13.6687475734688,34.8685914906643,7.72693309243613));
#3835=CARTESIAN_POINT('Ctrl Pts',(-12.2155023108293,35.5167847121074,9.86517402463425));
#3836=CARTESIAN_POINT('Ctrl Pts',(-8.59613919214973,36.7711563823583,13.1093573739138));
#3837=CARTESIAN_POINT('Ctrl Pts',(-6.48591479857061,37.3773348311657,14.2717121955805));
#3838=CARTESIAN_POINT('Ctrl Pts',(-2.11268319944599,38.5504002816305,15.5110731500377));
#3839=CARTESIAN_POINT('Ctrl Pts',(0.128755923194461,39.1172872832879,15.6537612885621));
#3840=CARTESIAN_POINT('Ctrl Pts',(4.35729138345628,40.2207920067077,15.0189651490914));
#3841=CARTESIAN_POINT('Ctrl Pts',(6.34972870561882,40.7574097284703,14.2911247883084));
#3842=CARTESIAN_POINT('Ctrl Pts',(9.77565807196477,41.7954376832706,12.1837222099789));
#3843=CARTESIAN_POINT('Ctrl Pts',(11.2363448883392,42.2968479163084,10.8513193290122));
#3844=CARTESIAN_POINT('Ctrl Pts',(13.4906234771521,43.2667708569942,7.8441425717108));
#3845=CARTESIAN_POINT('Ctrl Pts',(14.3214553177853,43.7352835646425,6.1986621192231));
#3846=CARTESIAN_POINT('Ctrl Pts',(15.808311529562,45.0687782271777,1.25011330530647));
#3847=CARTESIAN_POINT('Ctrl Pts',(15.6937887877695,45.933760182065,-2.27387118735238));
#3848=CARTESIAN_POINT('Ctrl Pts',(13.5038958003177,47.5515907989681,-8.14778970704811));
#3849=CARTESIAN_POINT('Ctrl Pts',(11.694999129726,48.3044394609839,-10.5815251382694));
#3850=CARTESIAN_POINT('Ctrl Pts',(7.34912651093029,49.7125400675018,-13.8805128836297));
#3851=CARTESIAN_POINT('Ctrl Pts',(4.94411176773876,50.3677920120036,-14.9075168024181));
#3852=CARTESIAN_POINT('Ctrl Pts',(0.254301920431823,51.5933512870973,-15.6540905554829));
#3853=CARTESIAN_POINT('Ctrl Pts',(-2.00228058874245,52.1636586176888,-15.5275913466943));
#3854=CARTESIAN_POINT('Ctrl Pts',(-5.9859221863188,53.230340593263,-14.4256671917942));
#3855=CARTESIAN_POINT('Ctrl Pts',(-7.74256331351204,53.7267152382459,-13.5640647184142));
#3856=CARTESIAN_POINT('Ctrl Pts',(-11.9316578098607,55.0767160425254,-10.4311079699518));
#3857=CARTESIAN_POINT('Ctrl Pts',(-13.9182870182533,55.9303422018229,-7.57982572688328));
#3858=CARTESIAN_POINT('Ctrl Pts',(-15.5590173980855,57.4189428827886,-2.04999025042653));
#3859=CARTESIAN_POINT('Ctrl Pts',(-15.6862487260283,58.0539174044578,0.476532607432138));
#3860=CARTESIAN_POINT('Ctrl Pts',(-14.8851961739168,59.161221222479,4.69173139334532));
#3861=CARTESIAN_POINT('Ctrl Pts',(-14.2218283727862,59.6335505188313,6.42814174846067));
#3862=CARTESIAN_POINT('Ctrl Pts',(-11.8899170040632,60.8000899637254,10.3003651783165));
#3863=CARTESIAN_POINT('Ctrl Pts',(-9.89078843512321,61.4943001122671,12.2327410379611));
#3864=CARTESIAN_POINT('Ctrl Pts',(-5.24720517173883,62.8659663493691,14.8185505198955));
#3865=CARTESIAN_POINT('Ctrl Pts',(-2.625042649853,63.5434224379294,15.4994113666123));
#3866=CARTESIAN_POINT('Ctrl Pts',(-1.04397174853344E-14,64.2208785264897,
15.4994113666123));
#3867=CARTESIAN_POINT('Ctrl Pts',(1.04094977927525E-15,0.84285585826249,
-17.));
#3868=CARTESIAN_POINT('Ctrl Pts',(-2.92003183169537,1.52992217160258,-17.));
#3869=CARTESIAN_POINT('Ctrl Pts',(-5.83667537597062,2.21698848494267,-16.2314449896999));
#3870=CARTESIAN_POINT('Ctrl Pts',(-10.8350252580775,3.56858190121372,-13.4006925303608));
#3871=CARTESIAN_POINT('Ctrl Pts',(-12.9361975280247,4.23310900414469,-11.3855665714259));
#3872=CARTESIAN_POINT('Ctrl Pts',(-15.8562930592711,5.53260761175522,-6.69780324664997));
#3873=CARTESIAN_POINT('Ctrl Pts',(-16.7264296266498,6.16757911643479,-4.06314531576935));
#3874=CARTESIAN_POINT('Ctrl Pts',(-17.1553790116741,7.41694324397537,1.22929763268279));
#3875=CARTESIAN_POINT('Ctrl Pts',(-16.7561380078715,8.03133586683639,3.87943820224909));
#3876=CARTESIAN_POINT('Ctrl Pts',(-14.8508285913082,9.240209174648,8.65079818472894));
#3877=CARTESIAN_POINT('Ctrl Pts',(-13.3829026812555,9.83468985959863,10.7833823499574));
#3878=CARTESIAN_POINT('Ctrl Pts',(-9.72867881603541,11.0043846204176,14.1537687610714));
#3879=CARTESIAN_POINT('Ctrl Pts',(-7.56973048989718,11.579598696286,15.4167292885935));
#3880=CARTESIAN_POINT('Ctrl Pts',(-2.93893526789623,12.7250640556992,16.9185206541215));
#3881=CARTESIAN_POINT('Ctrl Pts',(-0.472571939513239,13.295315339244,17.1653825298129));
#3882=CARTESIAN_POINT('Ctrl Pts',(4.26310136651934,14.4168823173301,16.6227568550414));
#3883=CARTESIAN_POINT('Ctrl Pts',(6.53391912141377,14.9681980118713,15.8681435473047));
#3884=CARTESIAN_POINT('Ctrl Pts',(10.515706673464,16.0525225813037,13.5481157953528));
#3885=CARTESIAN_POINT('Ctrl Pts',(12.2412267282482,16.5855314561949,12.0118232019227));
#3886=CARTESIAN_POINT('Ctrl Pts',(14.9143212193428,17.6338502769588,8.44745033801352));
#3887=CARTESIAN_POINT('Ctrl Pts',(15.8850889796107,18.1491602228314,6.43897062866386));
#3888=CARTESIAN_POINT('Ctrl Pts',(16.9798870977581,19.16266889076,2.27301169599969));
#3889=CARTESIAN_POINT('Ctrl Pts',(17.1308998844478,19.6608676128158,0.124165904288579));
#3890=CARTESIAN_POINT('Ctrl Pts',(16.6461693269675,20.6407220231543,-4.01190801085283));
#3891=CARTESIAN_POINT('Ctrl Pts',(16.036797341139,21.1223777114369,-6.00095743934705));
#3892=CARTESIAN_POINT('Ctrl Pts',(14.18511231065,22.0696953771281,-9.57597413797906));
#3893=CARTESIAN_POINT('Ctrl Pts',(12.9651734825711,22.5353573545366,-11.1723304875855));
#3894=CARTESIAN_POINT('Ctrl Pts',(10.1003348915192,23.4512186807316,-13.807394131793));
#3895=CARTESIAN_POINT('Ctrl Pts',(8.47167217483034,23.9014180295179,-14.862424707756));
#3896=CARTESIAN_POINT('Ctrl Pts',(3.35599189162121,25.2116133905411,-17.0615421206241));
#3897=CARTESIAN_POINT('Ctrl Pts',(-0.473375215825862,26.071609402778,-17.3820256879196));
#3898=CARTESIAN_POINT('Ctrl Pts',(-7.34256637913045,27.7351770888888,-15.7082835078726));
#3899=CARTESIAN_POINT('Ctrl Pts',(-10.4027596917246,28.5387487627628,-13.8724922992182));
#3900=CARTESIAN_POINT('Ctrl Pts',(-14.8039373965936,30.0931697729879,-8.94575980810377));
#3901=CARTESIAN_POINT('Ctrl Pts',(-16.2391447907454,30.8440191093391,-5.95595143127917));
#3902=CARTESIAN_POINT('Ctrl Pts',(-17.253062802463,32.2879885213901,0.0965805741999577));
#3903=CARTESIAN_POINT('Ctrl Pts',(-16.9674798108291,32.9811085970898,3.12764012350436));
#3904=CARTESIAN_POINT('Ctrl Pts',(-14.9920989418683,34.322421894233,8.47502266146542));
#3905=CARTESIAN_POINT('Ctrl Pts',(-13.398156508797,34.9706151156761,10.8202791997667));
#3906=CARTESIAN_POINT('Ctrl Pts',(-9.42838168559983,36.224986785927,14.378550906559));
#3907=CARTESIAN_POINT('Ctrl Pts',(-7.11385413082301,36.8311652347344,15.6534400943446));
#3908=CARTESIAN_POINT('Ctrl Pts',(-2.31722441201532,38.0042306851992,17.0127908288607));
#3909=CARTESIAN_POINT('Ctrl Pts',(0.141221536904358,38.5711176868565,17.1692934403172));
#3910=CARTESIAN_POINT('Ctrl Pts',(4.77914623766431,39.6746224102764,16.47303897518));
#3911=CARTESIAN_POINT('Ctrl Pts',(6.96448306598584,40.211240132039,15.6747321336722));
#3912=CARTESIAN_POINT('Ctrl Pts',(10.7220966843545,41.2492680868393,13.3632995905774));
#3913=CARTESIAN_POINT('Ctrl Pts',(12.3242011314857,41.7506783198771,11.9018989966667));
#3914=CARTESIAN_POINT('Ctrl Pts',(14.7967296103654,42.7206012605629,8.60357987570658));
#3915=CARTESIAN_POINT('Ctrl Pts',(15.7079991390386,43.1891139682112,6.798790840134));
#3916=CARTESIAN_POINT('Ctrl Pts',(17.3388065937431,44.5226086307464,1.37114408331592));
#3917=CARTESIAN_POINT('Ctrl Pts',(17.213196235748,45.3875905856337,-2.49401795143395));
#3918=CARTESIAN_POINT('Ctrl Pts',(14.8112869047346,47.0054212025368,-8.93662486552172));
#3919=CARTESIAN_POINT('Ctrl Pts',(12.8272603715528,47.7582698645526,-11.6059844529371));
#3920=CARTESIAN_POINT('Ctrl Pts',(8.06063841591693,49.1663704710705,-15.2243664898147));
#3921=CARTESIAN_POINT('Ctrl Pts',(5.42278013425806,49.8216224155723,-16.3508006624705));
#3922=CARTESIAN_POINT('Ctrl Pts',(0.278922376152527,51.047181690666,-17.1696545854937));
#3923=CARTESIAN_POINT('Ctrl Pts',(-2.19613307908876,51.6174890212575,-17.030908248711));
#3924=CARTESIAN_POINT('Ctrl Pts',(-6.56545431051819,52.6841709968317,-15.8223003738563));
#3925=CARTESIAN_POINT('Ctrl Pts',(-8.49216613562747,53.1805456418147,-14.8772811275761));
#3926=CARTESIAN_POINT('Ctrl Pts',(-13.0868313621619,54.5305464460941,-11.4410045191244));
#3927=CARTESIAN_POINT('Ctrl Pts',(-15.2657977592618,55.3841726053916,-8.31367297177427));
#3928=CARTESIAN_POINT('Ctrl Pts',(-17.0653768398731,56.8727732863573,-2.24846179206018));
#3929=CARTESIAN_POINT('Ctrl Pts',(-17.2049261765459,57.5077478080265,0.522668515257099));
#3930=CARTESIAN_POINT('Ctrl Pts',(-16.3263190434241,58.6150516260477,5.14596534025043));
#3931=CARTESIAN_POINT('Ctrl Pts',(-15.5987267270144,59.0873809224,7.05048773395555));
#3932=CARTESIAN_POINT('Ctrl Pts',(-13.041049384913,60.2539203672941,11.2976037534291));
#3933=CARTESIAN_POINT('Ctrl Pts',(-10.8483734910925,60.9481305158358,13.4170642178905));
#3934=CARTESIAN_POINT('Ctrl Pts',(-5.75521778276776,62.3197967529378,16.2532210339859));
#3935=CARTESIAN_POINT('Ctrl Pts',(-2.87918837638121,62.9972528414981,17.));
#3936=CARTESIAN_POINT('Ctrl Pts',(-1.14504475720278E-14,63.6747089300584,
17.));
#3937=CARTESIAN_POINT('',(1.04094977927525E-15,0.84285585826249,-17.));
#3938=CARTESIAN_POINT('Origin',(8.87868929381831E-16,-7.38298311375729E-14,
-14.5));
#3939=CARTESIAN_POINT('Ctrl Pts',(17.,-0.842855858262633,0.));
#3940=CARTESIAN_POINT('Ctrl Pts',(17.,-0.155789544922545,-2.92003183169537));
#3941=CARTESIAN_POINT('Ctrl Pts',(16.2314449896999,0.531276768417542,-5.83667537597062));
#3942=CARTESIAN_POINT('Ctrl Pts',(13.4006925303608,1.8828701846886,-10.8350252580775));
#3943=CARTESIAN_POINT('Ctrl Pts',(11.3855665714259,2.54739728761956,-12.9361975280247));
#3944=CARTESIAN_POINT('Ctrl Pts',(6.69780324664997,3.8468958952301,-15.8562930592712));
#3945=CARTESIAN_POINT('Ctrl Pts',(4.06314531576935,4.48186739990967,-16.7264296266498));
#3946=CARTESIAN_POINT('Ctrl Pts',(-1.22929763268279,5.73123152745025,-17.1553790116741));
#3947=CARTESIAN_POINT('Ctrl Pts',(-3.87943820224909,6.34562415031127,-16.7561380078716));
#3948=CARTESIAN_POINT('Ctrl Pts',(-8.65079818472893,7.55449745812287,-14.8508285913082));
#3949=CARTESIAN_POINT('Ctrl Pts',(-10.7833823499574,8.14897814307351,-13.3829026812555));
#3950=CARTESIAN_POINT('Ctrl Pts',(-14.1537687610714,9.31867290389248,-9.72867881603541));
#3951=CARTESIAN_POINT('Ctrl Pts',(-15.4167292885935,9.89388697976088,-7.56973048989718));
#3952=CARTESIAN_POINT('Ctrl Pts',(-16.9185206541215,11.0393523391741,-2.93893526789623));
#3953=CARTESIAN_POINT('Ctrl Pts',(-17.1653825298129,11.6096036227189,-0.472571939513237));
#3954=CARTESIAN_POINT('Ctrl Pts',(-16.6227568550414,12.7311706008049,4.26310136651934));
#3955=CARTESIAN_POINT('Ctrl Pts',(-15.8681435473047,13.2824862953462,6.53391912141378));
#3956=CARTESIAN_POINT('Ctrl Pts',(-13.5481157953528,14.3668108647786,10.515706673464));
#3957=CARTESIAN_POINT('Ctrl Pts',(-12.0118232019227,14.8998197396698,12.2412267282482));
#3958=CARTESIAN_POINT('Ctrl Pts',(-8.44745033801352,15.9481385604337,14.9143212193428));
#3959=CARTESIAN_POINT('Ctrl Pts',(-6.43897062866385,16.4634485063062,15.8850889796107));
#3960=CARTESIAN_POINT('Ctrl Pts',(-2.27301169599969,17.4769571742349,16.9798870977581));
#3961=CARTESIAN_POINT('Ctrl Pts',(-0.124165904288579,17.9751558962907,17.1308998844478));
#3962=CARTESIAN_POINT('Ctrl Pts',(4.01190801085283,18.9550103066292,16.6461693269675));
#3963=CARTESIAN_POINT('Ctrl Pts',(6.00095743934705,19.4366659949118,16.036797341139));
#3964=CARTESIAN_POINT('Ctrl Pts',(9.57597413797907,20.383983660603,14.18511231065));
#3965=CARTESIAN_POINT('Ctrl Pts',(11.1723304875855,20.8496456380115,12.9651734825711));
#3966=CARTESIAN_POINT('Ctrl Pts',(13.807394131793,21.7655069642065,10.1003348915192));
#3967=CARTESIAN_POINT('Ctrl Pts',(14.862424707756,22.2157063129928,8.47167217483034));
#3968=CARTESIAN_POINT('Ctrl Pts',(17.0615421206241,23.5259016740159,3.35599189162121));
#3969=CARTESIAN_POINT('Ctrl Pts',(17.3820256879196,24.3858976862528,-0.473375215825864));
#3970=CARTESIAN_POINT('Ctrl Pts',(15.7082835078726,26.0494653723637,-7.34256637913045));
#3971=CARTESIAN_POINT('Ctrl Pts',(13.8724922992182,26.8530370462377,-10.4027596917246));
#3972=CARTESIAN_POINT('Ctrl Pts',(8.94575980810376,28.4074580564628,-14.8039373965936));
#3973=CARTESIAN_POINT('Ctrl Pts',(5.95595143127917,29.1583073928139,-16.2391447907454));
#3974=CARTESIAN_POINT('Ctrl Pts',(-0.0965805741999605,30.6022768048649,
-17.253062802463));
#3975=CARTESIAN_POINT('Ctrl Pts',(-3.12764012350436,31.2953968805647,-16.9674798108291));
#3976=CARTESIAN_POINT('Ctrl Pts',(-8.47502266146543,32.6367101777079,-14.9920989418683));
#3977=CARTESIAN_POINT('Ctrl Pts',(-10.8202791997667,33.284903399151,-13.398156508797));
#3978=CARTESIAN_POINT('Ctrl Pts',(-14.378550906559,34.5392750694019,-9.42838168559983));
#3979=CARTESIAN_POINT('Ctrl Pts',(-15.6534400943446,35.1454535182092,-7.11385413082301));
#3980=CARTESIAN_POINT('Ctrl Pts',(-17.0127908288607,36.318518968674,-2.31722441201532));
#3981=CARTESIAN_POINT('Ctrl Pts',(-17.1692934403172,36.8854059703314,0.14122153690436));
#3982=CARTESIAN_POINT('Ctrl Pts',(-16.47303897518,37.9889106937513,4.77914623766431));
#3983=CARTESIAN_POINT('Ctrl Pts',(-15.6747321336722,38.5255284155139,6.96448306598584));
#3984=CARTESIAN_POINT('Ctrl Pts',(-13.3632995905774,39.5635563703142,10.7220966843546));
#3985=CARTESIAN_POINT('Ctrl Pts',(-11.9018989966667,40.064966603352,12.3242011314858));
#3986=CARTESIAN_POINT('Ctrl Pts',(-8.60357987570658,41.0348895440378,14.7967296103654));
#3987=CARTESIAN_POINT('Ctrl Pts',(-6.79879084013401,41.5034022516861,15.7079991390386));
#3988=CARTESIAN_POINT('Ctrl Pts',(-1.37114408331592,42.8368969142212,17.3388065937431));
#3989=CARTESIAN_POINT('Ctrl Pts',(2.49401795143395,43.7018788691086,17.213196235748));
#3990=CARTESIAN_POINT('Ctrl Pts',(8.93662486552173,45.3197094860117,14.8112869047346));
#3991=CARTESIAN_POINT('Ctrl Pts',(11.6059844529371,46.0725581480275,12.8272603715528));
#3992=CARTESIAN_POINT('Ctrl Pts',(15.2243664898147,47.4806587545454,8.06063841591693));
#3993=CARTESIAN_POINT('Ctrl Pts',(16.3508006624705,48.1359106990472,5.42278013425806));
#3994=CARTESIAN_POINT('Ctrl Pts',(17.1696545854938,49.3614699741409,0.278922376152527));
#3995=CARTESIAN_POINT('Ctrl Pts',(17.0309082487111,49.9317773047324,-2.19613307908876));
#3996=CARTESIAN_POINT('Ctrl Pts',(15.8223003738563,50.9984592803066,-6.56545431051819));
#3997=CARTESIAN_POINT('Ctrl Pts',(14.8772811275762,51.4948339252895,-8.49216613562749));
#3998=CARTESIAN_POINT('Ctrl Pts',(11.4410045191244,52.844834729569,-13.0868313621619));
#3999=CARTESIAN_POINT('Ctrl Pts',(8.31367297177428,53.6984608888665,-15.2657977592618));
#4000=CARTESIAN_POINT('Ctrl Pts',(2.24846179206017,55.1870615698322,-17.0653768398731));
#4001=CARTESIAN_POINT('Ctrl Pts',(-0.522668515257099,55.8220360915013,-17.2049261765459));
#4002=CARTESIAN_POINT('Ctrl Pts',(-5.14596534025043,56.9293399095226,-16.326319043424));
#4003=CARTESIAN_POINT('Ctrl Pts',(-7.05048773395555,57.4016692058749,-15.5987267270144));
#4004=CARTESIAN_POINT('Ctrl Pts',(-11.2976037534291,58.568208650769,-13.041049384913));
#4005=CARTESIAN_POINT('Ctrl Pts',(-13.4170642178905,59.2624187993106,-10.8483734910925));
#4006=CARTESIAN_POINT('Ctrl Pts',(-16.2532210339859,60.6340850364126,-5.75521778276776));
#4007=CARTESIAN_POINT('Ctrl Pts',(-17.,61.3115411249729,-2.87918837638121));
#4008=CARTESIAN_POINT('Ctrl Pts',(-17.,61.9889972135332,-1.04094977927525E-14));
#4009=CARTESIAN_POINT('Ctrl Pts',(15.4996744249138,-1.38892970930233,0.));
#4010=CARTESIAN_POINT('Ctrl Pts',(15.4996744249138,-0.701863395962246,-2.66232604127429));
#4011=CARTESIAN_POINT('Ctrl Pts',(14.7989478109556,-0.0147970826221586,
-5.32156282655624));
#4012=CARTESIAN_POINT('Ctrl Pts',(12.2180218405274,1.3367963336489,-9.87878611093643));
#4013=CARTESIAN_POINT('Ctrl Pts',(10.3807397058991,2.00132343657986,-11.7945205871034));
#4014=CARTESIAN_POINT('Ctrl Pts',(6.10669233442384,3.3008220441904,-14.4569047061602));
#4015=CARTESIAN_POINT('Ctrl Pts',(3.70455467856108,3.93579354886997,-15.2502478531943));
#4016=CARTESIAN_POINT('Ctrl Pts',(-1.12080665164121,5.18515767641055,-15.6413405480558));
#4017=CARTESIAN_POINT('Ctrl Pts',(-3.53706053449611,5.79955029927157,-15.2773343377019));
#4018=CARTESIAN_POINT('Ctrl Pts',(-7.88732678699611,7.00842360708317,-13.5401769473811));
#4019=CARTESIAN_POINT('Ctrl Pts',(-9.83170091904123,7.60290429203381,-12.2018020246921));
#4020=CARTESIAN_POINT('Ctrl Pts',(-12.9046357460071,8.77259905285278,-8.87007966077087));
#4021=CARTESIAN_POINT('Ctrl Pts',(-14.0561343923666,9.34781312872118,-6.90166812222056));
#4022=CARTESIAN_POINT('Ctrl Pts',(-15.4253859935331,10.4932784881344,-2.67956116519343));
#4023=CARTESIAN_POINT('Ctrl Pts',(-15.6504612112472,11.0635297716792,-0.430865364988543));
#4024=CARTESIAN_POINT('Ctrl Pts',(-15.1557246645674,12.1850967497652,3.88686371890911));
#4025=CARTESIAN_POINT('Ctrl Pts',(-14.4677093359424,12.7364124443065,5.9572717118019));
#4026=CARTESIAN_POINT('Ctrl Pts',(-12.3524343470001,13.8207370137389,9.5876488109756));
#4027=CARTESIAN_POINT('Ctrl Pts',(-10.9517264046722,14.3537458886301,11.1608840499647));
#4028=CARTESIAN_POINT('Ctrl Pts',(-7.70192529175515,15.402064709394,13.5980660687292));
#4029=CARTESIAN_POINT('Ctrl Pts',(-5.87070284563955,15.9173746552665,14.4831592585148));
#4030=CARTESIAN_POINT('Ctrl Pts',(-2.07240830894214,16.9308833231951,15.4813365757085));
#4031=CARTESIAN_POINT('Ctrl Pts',(-0.113207711244001,17.429082045251,15.6190218126315));
#4032=CARTESIAN_POINT('Ctrl Pts',(3.65783929358368,18.4089364555895,15.1770708817637));
#4033=CARTESIAN_POINT('Ctrl Pts',(5.47134626750845,18.8905921438721,14.6214786827046));
#4034=CARTESIAN_POINT('Ctrl Pts',(8.7308518494159,19.8379098095633,12.9332130879948));
#4035=CARTESIAN_POINT('Ctrl Pts',(10.1863226544185,20.3035717869718,11.8209392848458));
#4036=CARTESIAN_POINT('Ctrl Pts',(12.5888302176033,21.2194331131668,9.20893543536144));
#4037=CARTESIAN_POINT('Ctrl Pts',(13.5507496550007,21.6696324619531,7.72400944379245));
#4038=CARTESIAN_POINT('Ctrl Pts',(15.5557851798016,22.9798278229762,3.05981068781055));
#4039=CARTESIAN_POINT('Ctrl Pts',(15.8479846475437,23.8398238352131,-0.431597748595541));
#4040=CARTESIAN_POINT('Ctrl Pts',(14.3219576556628,25.503391521324,-6.69455225410825));
#4041=CARTESIAN_POINT('Ctrl Pts',(12.6481831823533,26.306963195198,-9.48466990249109));
#4042=CARTESIAN_POINT('Ctrl Pts',(8.15625673582869,27.8613842054231,-13.4974241090593));
#4043=CARTESIAN_POINT('Ctrl Pts',(5.43031223973097,28.6122335417742,-14.8059680703288));
#4044=CARTESIAN_POINT('Ctrl Pts',(-0.0880569091688594,30.0562029538252,
-15.7304033100451));
#4045=CARTESIAN_POINT('Ctrl Pts',(-2.8516119783891,30.749323029525,-15.4700242870087));
#4046=CARTESIAN_POINT('Ctrl Pts',(-7.7270642350871,32.0906363266682,-13.6689795614737));
#4047=CARTESIAN_POINT('Ctrl Pts',(-9.86534145782647,32.7388295481113,-12.2157096341407));
#4048=CARTESIAN_POINT('Ctrl Pts',(-13.1095798678655,33.9932012183622,-8.59628508709514));
#4049=CARTESIAN_POINT('Ctrl Pts',(-14.2719544171902,34.5993796671695,-6.48602487847558));
#4050=CARTESIAN_POINT('Ctrl Pts',(-15.5113364062647,35.7724451176343,-2.11271905621763));
#4051=CARTESIAN_POINT('Ctrl Pts',(-15.6540269665132,36.3393321192917,0.128758108459029));
#4052=CARTESIAN_POINT('Ctrl Pts',(-15.0192200531886,37.4428368427116,4.35736533604991));
#4053=CARTESIAN_POINT('Ctrl Pts',(-14.2913673393914,37.9794545644742,6.3498364741533));
#4054=CARTESIAN_POINT('Ctrl Pts',(-12.1839289939137,39.0174825192745,9.77582398587901));
#4055=CARTESIAN_POINT('Ctrl Pts',(-10.8515034992084,39.5188927523123,11.2365355932461));
#4056=CARTESIAN_POINT('Ctrl Pts',(-7.84427570365837,40.4888156929981,13.4908524420085));
#4057=CARTESIAN_POINT('Ctrl Pts',(-6.19876732383314,40.9573284006463,14.3216983836426));
#4058=CARTESIAN_POINT('Ctrl Pts',(-1.25013452241433,42.2908230631815,15.8085798305627));
#4059=CARTESIAN_POINT('Ctrl Pts',(2.27390977983039,43.1558050180689,15.6940551450733));
#4060=CARTESIAN_POINT('Ctrl Pts',(8.14792799253976,44.773635634972,13.5041249904339));
#4061=CARTESIAN_POINT('Ctrl Pts',(10.5817047294786,45.5264842969878,11.6951976189805));
#4062=CARTESIAN_POINT('Ctrl Pts',(13.8807484657468,46.9345849035056,7.34925124139209));
#4063=CARTESIAN_POINT('Ctrl Pts',(14.9077698149975,47.5898368480075,4.94419567993471));
#4064=CARTESIAN_POINT('Ctrl Pts',(15.6543562390224,48.8153961231012,0.254306236481621));
#4065=CARTESIAN_POINT('Ctrl Pts',(15.5278548832706,49.3857034536927,-2.00231457174467));
#4066=CARTESIAN_POINT('Ctrl Pts',(14.4259120263508,50.4523854292669,-5.98602378027522));
#4067=CARTESIAN_POINT('Ctrl Pts',(13.5642949297262,50.9487600742498,-7.74269472144144));
#4068=CARTESIAN_POINT('Ctrl Pts',(10.4312850082586,52.2987608785293,-11.9318603157212));
#4069=CARTESIAN_POINT('Ctrl Pts',(7.5799543728063,53.1523870378267,-13.9185232414786));
#4070=CARTESIAN_POINT('Ctrl Pts',(2.05002504316417,54.6409877187925,-15.5592814680293));
#4071=CARTESIAN_POINT('Ctrl Pts',(-0.476540695214011,55.2759622404616,-15.6865149553611));
#4072=CARTESIAN_POINT('Ctrl Pts',(-4.69181102210426,56.3832660584829,-14.8854488076672));
#4073=CARTESIAN_POINT('Ctrl Pts',(-6.4282508478329,56.8555953548352,-14.2220697477602));
#4074=CARTESIAN_POINT('Ctrl Pts',(-10.3005399976373,58.0221347997293,-11.8901188014926));
#4075=CARTESIAN_POINT('Ctrl Pts',(-12.2329486538508,58.7163449482709,-9.89095630304699));
#4076=CARTESIAN_POINT('Ctrl Pts',(-14.818802022526,60.0880111853729,-5.24729422808086));
#4077=CARTESIAN_POINT('Ctrl Pts',(-15.4996744249138,60.7654672739332,-2.62508720246499));
#4078=CARTESIAN_POINT('Ctrl Pts',(-15.4996744249138,61.4429233624935,-9.49081333614839E-15));
#4079=CARTESIAN_POINT('Ctrl Pts',(13.9993488498276,-1.93500356034203,0.));
#4080=CARTESIAN_POINT('Ctrl Pts',(13.9993488498276,-1.24793724700195,-2.40462025085321));
#4081=CARTESIAN_POINT('Ctrl Pts',(13.3664506322114,-0.560870933661859,-4.80645027714185));
#4082=CARTESIAN_POINT('Ctrl Pts',(11.0353511506941,0.790722482609196,-8.92254696379533));
#4083=CARTESIAN_POINT('Ctrl Pts',(9.37591284037218,1.45524958554016,-10.6528436461821));
#4084=CARTESIAN_POINT('Ctrl Pts',(5.5155814221977,2.7547481931507,-13.0575163530492));
#4085=CARTESIAN_POINT('Ctrl Pts',(3.34596404135282,3.38971969783027,-13.7740660797389));
#4086=CARTESIAN_POINT('Ctrl Pts',(-1.01231567059962,4.63908382537085,-14.1273020844374));
#4087=CARTESIAN_POINT('Ctrl Pts',(-3.19468286674312,5.25347644823186,-13.7985306675323));
#4088=CARTESIAN_POINT('Ctrl Pts',(-7.12385538926327,6.46234975604347,-12.229525303454));
#4089=CARTESIAN_POINT('Ctrl Pts',(-8.8800194881251,7.0568304409941,-11.0207013681287));
#4090=CARTESIAN_POINT('Ctrl Pts',(-11.6555027309429,8.22652520181309,-8.01148050550632));
#4091=CARTESIAN_POINT('Ctrl Pts',(-12.6955394961397,8.80173927768148,-6.23360575454394));
#4092=CARTESIAN_POINT('Ctrl Pts',(-13.9322513329447,9.94720463709466,-2.42018706249064));
#4093=CARTESIAN_POINT('Ctrl Pts',(-14.1355398926816,10.5174559206395,-0.389158790463849));
#4094=CARTESIAN_POINT('Ctrl Pts',(-13.6886924740934,11.6390228987255,3.51062607129888));
#4095=CARTESIAN_POINT('Ctrl Pts',(-13.06727512458,12.1903385932668,5.38062430219003));
#4096=CARTESIAN_POINT('Ctrl Pts',(-11.1567528986473,13.2746631626992,8.6595909484872));
#4097=CARTESIAN_POINT('Ctrl Pts',(-9.89162960742167,13.8076720375904,10.0805413716812));
#4098=CARTESIAN_POINT('Ctrl Pts',(-6.95640024549679,14.8559908583543,12.2818109181157));
#4099=CARTESIAN_POINT('Ctrl Pts',(-5.30243506261524,15.3713008042268,13.0812295374189));
#4100=CARTESIAN_POINT('Ctrl Pts',(-1.87180492188459,16.3848094721554,13.982786053659));
#4101=CARTESIAN_POINT('Ctrl Pts',(-0.102249518199417,16.8830081942113,14.1071437408151));
#4102=CARTESIAN_POINT('Ctrl Pts',(3.30377057631451,17.8628626045498,13.7079724365599));
#4103=CARTESIAN_POINT('Ctrl Pts',(4.94173509566985,18.3445182928324,13.2061600242702));
#4104=CARTESIAN_POINT('Ctrl Pts',(7.88572956085271,19.2918359585236,11.6813138653396));
#4105=CARTESIAN_POINT('Ctrl Pts',(9.20031482125141,19.7574979359321,10.6767050871204));
#4106=CARTESIAN_POINT('Ctrl Pts',(11.3702663034137,20.6733592621271,8.31753597920369));
#4107=CARTESIAN_POINT('Ctrl Pts',(12.2390746022455,21.1235586109133,6.97634671275457));
#4108=CARTESIAN_POINT('Ctrl Pts',(14.050028238979,22.4337539719366,2.76362948399989));
#4109=CARTESIAN_POINT('Ctrl Pts',(14.3139436071677,23.2937499841734,-0.389820281365219));
#4110=CARTESIAN_POINT('Ctrl Pts',(12.9356318034531,24.9573176702843,-6.04653812908604));
#4111=CARTESIAN_POINT('Ctrl Pts',(11.4238740654884,25.7608893441583,-8.56658011325754));
#4112=CARTESIAN_POINT('Ctrl Pts',(7.36675366355361,27.3153103543834,-12.1909108215249));
#4113=CARTESIAN_POINT('Ctrl Pts',(4.90467304818277,28.0661596907345,-13.3727913499121));
#4114=CARTESIAN_POINT('Ctrl Pts',(-0.0795332441377603,29.5101291027855,
-14.2077438176273));
#4115=CARTESIAN_POINT('Ctrl Pts',(-2.57558383327385,30.2032491784853,-13.9725687631884));
#4116=CARTESIAN_POINT('Ctrl Pts',(-6.97910580870876,31.5445624756285,-12.3458601810792));
#4117=CARTESIAN_POINT('Ctrl Pts',(-8.91040371588628,32.1927556970716,-11.0332627594845));
#4118=CARTESIAN_POINT('Ctrl Pts',(-11.840608829172,33.4471273673225,-7.76418848859045));
#4119=CARTESIAN_POINT('Ctrl Pts',(-12.8904687400357,34.0533058161298,-5.85819562612813));
#4120=CARTESIAN_POINT('Ctrl Pts',(-14.0098819836687,35.2263712665947,-1.90821370041995));
#4121=CARTESIAN_POINT('Ctrl Pts',(-14.1387604927092,35.793258268252,0.116294680013704));
#4122=CARTESIAN_POINT('Ctrl Pts',(-13.5654011311971,36.8967629916719,3.93558443443551));
#4123=CARTESIAN_POINT('Ctrl Pts',(-12.9080025451106,37.4333807134345,5.73518988232075));
#4124=CARTESIAN_POINT('Ctrl Pts',(-11.00455839725,38.4714086682348,8.82955128740349));
#4125=CARTESIAN_POINT('Ctrl Pts',(-9.80110800175003,38.9728189012726,10.1488700550064));
#4126=CARTESIAN_POINT('Ctrl Pts',(-7.08497153161016,39.9427418419584,12.1849752736517));
#4127=CARTESIAN_POINT('Ctrl Pts',(-5.59874380753226,40.4112545496066,12.9353976282466));
#4128=CARTESIAN_POINT('Ctrl Pts',(-1.12912496151275,41.7447492121419,14.2783530673824));
#4129=CARTESIAN_POINT('Ctrl Pts',(2.05380160822684,42.6097311670292,14.1749140543986));
#4130=CARTESIAN_POINT('Ctrl Pts',(7.35923111955778,44.2275617839323,12.1969630761331));
#4131=CARTESIAN_POINT('Ctrl Pts',(9.55742500602011,44.9804104459481,10.5631348664081));
#4132=CARTESIAN_POINT('Ctrl Pts',(12.5371304416789,46.3885110524659,6.63786406686723));
#4133=CARTESIAN_POINT('Ctrl Pts',(13.4647389675245,47.0437629969678,4.46561122561138));
#4134=CARTESIAN_POINT('Ctrl Pts',(14.1390578925511,48.2693222720615,0.229690096810709));
#4135=CARTESIAN_POINT('Ctrl Pts',(14.0248015178301,48.839629602653,-1.80849606440057));
#4136=CARTESIAN_POINT('Ctrl Pts',(13.0295236788454,49.9063115782272,-5.40659325003226));
#4137=CARTESIAN_POINT('Ctrl Pts',(12.2513087318762,50.4026862232101,-6.99322330725539));
#4138=CARTESIAN_POINT('Ctrl Pts',(9.42156549739273,51.7526870274896,-10.7768892692805));
#4139=CARTESIAN_POINT('Ctrl Pts',(6.8462357738383,52.6063131867871,-12.5712487236954));
#4140=CARTESIAN_POINT('Ctrl Pts',(1.85158829426817,54.0949138677528,-14.0531860961854));
#4141=CARTESIAN_POINT('Ctrl Pts',(-0.430412875170913,54.7298883894219,-14.1681037341763));
#4142=CARTESIAN_POINT('Ctrl Pts',(-4.23765670395809,55.8371922074431,-13.4445785719104));
#4143=CARTESIAN_POINT('Ctrl Pts',(-5.80601396171025,56.3095215037955,-12.8454127685061));
#4144=CARTESIAN_POINT('Ctrl Pts',(-9.30347624184559,57.4760609486895,-10.7391882180722));
#4145=CARTESIAN_POINT('Ctrl Pts',(-11.0488330898111,58.1702710972312,-8.93353911500151));
#4146=CARTESIAN_POINT('Ctrl Pts',(-13.3843830110661,59.5419373343333,-4.73937067339395));
#4147=CARTESIAN_POINT('Ctrl Pts',(-13.9993488498276,60.2193934228935,-2.37098602854878));
#4148=CARTESIAN_POINT('Ctrl Pts',(-13.9993488498276,60.8968495114538,-8.57212887954428E-15));
#4149=CARTESIAN_POINT('Ctrl Pts',(12.4990232747414,-2.48107741138174,0.));
#4150=CARTESIAN_POINT('Ctrl Pts',(12.4990232747414,-1.79401109804165,-2.14691446043213));
#4151=CARTESIAN_POINT('Ctrl Pts',(11.9339534534672,-1.10694478470156,-4.29133772772746));
#4152=CARTESIAN_POINT('Ctrl Pts',(9.85268046086073,0.244648631569495,-7.96630781665424));
#4153=CARTESIAN_POINT('Ctrl Pts',(8.37108597484531,0.909175734500462,-9.51116670526078));
#4154=CARTESIAN_POINT('Ctrl Pts',(4.92447050997156,2.208674342111,-11.6581279999383));
#4155=CARTESIAN_POINT('Ctrl Pts',(2.98737340414456,2.84364584679057,-12.2978843062835));
#4156=CARTESIAN_POINT('Ctrl Pts',(-0.90382468955804,4.09300997433115,-12.6132636208191));
#4157=CARTESIAN_POINT('Ctrl Pts',(-2.85230519899014,4.70740259719216,-12.3197269973627));
#4158=CARTESIAN_POINT('Ctrl Pts',(-6.36038399153045,5.91627590500377,-10.9188736595268));
#4159=CARTESIAN_POINT('Ctrl Pts',(-7.92833805720897,6.5107565899544,-9.83960071156537));
#4160=CARTESIAN_POINT('Ctrl Pts',(-10.4063697158787,7.68045135077339,-7.15288135024178));
#4161=CARTESIAN_POINT('Ctrl Pts',(-11.3349445999128,8.25566542664178,-5.56554338686733));
#4162=CARTESIAN_POINT('Ctrl Pts',(-12.4391166723563,9.40113078605496,-2.16081295978784));
#4163=CARTESIAN_POINT('Ctrl Pts',(-12.6206185741159,9.9713820695998,-0.347452215939155));
#4164=CARTESIAN_POINT('Ctrl Pts',(-12.2216602836194,11.0929490476858,3.13438842368865));
#4165=CARTESIAN_POINT('Ctrl Pts',(-11.6668409132176,11.6442647422271,4.80397689257815));
#4166=CARTESIAN_POINT('Ctrl Pts',(-9.96107145029452,12.7285893116595,7.73153308599881));
#4167=CARTESIAN_POINT('Ctrl Pts',(-8.83153281017118,13.2615981865507,9.00019869339767));
#4168=CARTESIAN_POINT('Ctrl Pts',(-6.21087519923842,14.3099170073146,10.9655557675021));
#4169=CARTESIAN_POINT('Ctrl Pts',(-4.73416727959093,14.8252269531871,11.6792998163231));
#4170=CARTESIAN_POINT('Ctrl Pts',(-1.67120153482703,15.8387356211157,12.4842355316094));
#4171=CARTESIAN_POINT('Ctrl Pts',(-0.0912913251548385,16.3369343431716,
12.5952656689987));
#4172=CARTESIAN_POINT('Ctrl Pts',(2.94970185904535,17.3167887535101,12.2388739913561));
#4173=CARTESIAN_POINT('Ctrl Pts',(4.41212392383125,17.7984444417927,11.7908413658357));
#4174=CARTESIAN_POINT('Ctrl Pts',(7.04060727228954,18.7457621074839,10.4294146426844));
#4175=CARTESIAN_POINT('Ctrl Pts',(8.21430698808436,19.2114240848924,9.5324708893951));
#4176=CARTESIAN_POINT('Ctrl Pts',(10.151702389224,20.1272854110874,7.42613652304594));
#4177=CARTESIAN_POINT('Ctrl Pts',(10.9273995494902,20.5774847598737,6.22868398171668));
#4178=CARTESIAN_POINT('Ctrl Pts',(12.5442712981565,21.8876801208969,2.46744828018923));
#4179=CARTESIAN_POINT('Ctrl Pts',(12.7799025667918,22.7476761331337,-0.348042814134896));
#4180=CARTESIAN_POINT('Ctrl Pts',(11.5493059512433,24.4112438192446,-5.39852400406383));
#4181=CARTESIAN_POINT('Ctrl Pts',(10.1995649486235,25.2148154931186,-7.648490324024));
#4182=CARTESIAN_POINT('Ctrl Pts',(6.57725059127853,26.7692365033437,-10.8843975339905));
#4183=CARTESIAN_POINT('Ctrl Pts',(4.37903385663457,27.5200858396948,-11.9396146294954));
#4184=CARTESIAN_POINT('Ctrl Pts',(-0.0710095791066592,28.9640552517458,
-12.6850843252094));
#4185=CARTESIAN_POINT('Ctrl Pts',(-2.29955568815859,29.6571753274456,-12.4751132393681));
#4186=CARTESIAN_POINT('Ctrl Pts',(-6.23114738233043,30.9984886245888,-11.0227408006846));
#4187=CARTESIAN_POINT('Ctrl Pts',(-7.95546597394609,31.6466818460319,-9.8508158848283));
#4188=CARTESIAN_POINT('Ctrl Pts',(-10.5716377904785,32.9010535162828,-6.93209189008576));
#4189=CARTESIAN_POINT('Ctrl Pts',(-11.5089830628813,33.5072319650901,-5.23036637378071));
#4190=CARTESIAN_POINT('Ctrl Pts',(-12.5084275610728,34.680297415555,-1.70370834462226));
#4191=CARTESIAN_POINT('Ctrl Pts',(-12.6234940189053,35.2471844172123,0.103831251568374));
#4192=CARTESIAN_POINT('Ctrl Pts',(-12.1115822092057,36.3506891406322,3.51380353282111));
#4193=CARTESIAN_POINT('Ctrl Pts',(-11.5246377508298,36.8873068623948,5.1205432904882));
#4194=CARTESIAN_POINT('Ctrl Pts',(-9.82518780058639,37.9253348171951,7.88327858892795));
#4195=CARTESIAN_POINT('Ctrl Pts',(-8.75071250429168,38.4267450502329,9.06120451676675));
#4196=CARTESIAN_POINT('Ctrl Pts',(-6.32566735956195,39.3966679909187,10.8790981052948));
#4197=CARTESIAN_POINT('Ctrl Pts',(-4.99872029123139,39.8651806985669,11.5490968728507));
#4198=CARTESIAN_POINT('Ctrl Pts',(-1.00811540061115,41.1986753611022,12.748126304202));
#4199=CARTESIAN_POINT('Ctrl Pts',(1.83369343662328,42.0636573159895,12.6557729637238));
#4200=CARTESIAN_POINT('Ctrl Pts',(6.57053424657581,43.6814879328926,10.8898011618324));
#4201=CARTESIAN_POINT('Ctrl Pts',(8.53314528256162,44.4343365949084,9.4310721138357));
#4202=CARTESIAN_POINT('Ctrl Pts',(11.193512417611,45.8424372014262,5.92647689234238));
#4203=CARTESIAN_POINT('Ctrl Pts',(12.0217081200515,46.4976891459281,3.98702677128804));
#4204=CARTESIAN_POINT('Ctrl Pts',(12.6237595460798,47.7232484210218,0.205073957139803));
#4205=CARTESIAN_POINT('Ctrl Pts',(12.5217481523897,48.2935557516133,-1.61467755705647));
#4206=CARTESIAN_POINT('Ctrl Pts',(11.6331353313399,49.3602377271875,-4.82716271978929));
#4207=CARTESIAN_POINT('Ctrl Pts',(10.9383225340262,49.8566123721704,-6.24375189306934));
#4208=CARTESIAN_POINT('Ctrl Pts',(8.41184598652689,51.2066131764499,-9.62191822283984));
#4209=CARTESIAN_POINT('Ctrl Pts',(6.11251717487031,52.0602393357473,-11.2239742059123));
#4210=CARTESIAN_POINT('Ctrl Pts',(1.65315154537216,53.5488400167131,-12.5470907243416));
#4211=CARTESIAN_POINT('Ctrl Pts',(-0.384285055127824,54.1838145383822,-12.6496925129915));
#4212=CARTESIAN_POINT('Ctrl Pts',(-3.78350238581192,55.2911183564034,-12.0037083361536));
#4213=CARTESIAN_POINT('Ctrl Pts',(-5.1837770755876,55.7634476527558,-11.468755789252));
#4214=CARTESIAN_POINT('Ctrl Pts',(-8.30641248605386,56.9299870976498,-9.58825763465178));
#4215=CARTESIAN_POINT('Ctrl Pts',(-9.86471752577136,57.6241972461915,-7.97612192695603));
#4216=CARTESIAN_POINT('Ctrl Pts',(-11.9499639996063,58.9958634832936,-4.23144711870705));
#4217=CARTESIAN_POINT('Ctrl Pts',(-12.4990232747414,59.6733195718539,-2.11688485463257));
#4218=CARTESIAN_POINT('Ctrl Pts',(-12.4990232747414,60.3507756604141,-7.65344442294016E-15));
#4219=CARTESIAN_POINT('',(-17.,61.9889972135332,-1.04094977927525E-14));
#4220=CARTESIAN_POINT('Ctrl Pts',(-17.,61.9889972135332,-1.04094977927525E-14));
#4221=CARTESIAN_POINT('Ctrl Pts',(-15.5,61.4430418621339,-9.49101269339199E-15));
#4222=CARTESIAN_POINT('Ctrl Pts',(-14.,60.8970865107346,-8.57252759403147E-15));
#4223=CARTESIAN_POINT('Ctrl Pts',(-12.5,60.3511311593353,-7.65404249467096E-15));
#4224=CARTESIAN_POINT('',(17.,-0.842855858262633,0.));
#4225=CARTESIAN_POINT('Ctrl Pts',(17.,-0.842855858262633,0.));
#4226=CARTESIAN_POINT('Ctrl Pts',(17.,-0.155789544922545,-2.92003183169537));
#4227=CARTESIAN_POINT('Ctrl Pts',(16.2314449896999,0.531276768417542,-5.83667537597062));
#4228=CARTESIAN_POINT('Ctrl Pts',(13.4006925303608,1.8828701846886,-10.8350252580775));
#4229=CARTESIAN_POINT('Ctrl Pts',(11.3855665714259,2.54739728761957,-12.9361975280247));
#4230=CARTESIAN_POINT('Ctrl Pts',(6.69780324664997,3.8468958952301,-15.8562930592711));
#4231=CARTESIAN_POINT('Ctrl Pts',(4.06314531576934,4.48186739990967,-16.7264296266498));
#4232=CARTESIAN_POINT('Ctrl Pts',(-1.22929763268279,5.73123152745025,-17.1553790116741));
#4233=CARTESIAN_POINT('Ctrl Pts',(-3.87943820224909,6.34562415031126,-16.7561380078715));
#4234=CARTESIAN_POINT('Ctrl Pts',(-8.65079818472894,7.55449745812287,-14.8508285913082));
#4235=CARTESIAN_POINT('Ctrl Pts',(-10.7833823499574,8.14897814307351,-13.3829026812555));
#4236=CARTESIAN_POINT('Ctrl Pts',(-14.1537687610714,9.31867290389248,-9.72867881603541));
#4237=CARTESIAN_POINT('Ctrl Pts',(-15.4167292885935,9.89388697976088,-7.56973048989718));
#4238=CARTESIAN_POINT('Ctrl Pts',(-16.9185206541215,11.0393523391741,-2.93893526789623));
#4239=CARTESIAN_POINT('Ctrl Pts',(-17.1653825298129,11.6096036227189,-0.472571939513238));
#4240=CARTESIAN_POINT('Ctrl Pts',(-16.6227568550414,12.7311706008049,4.26310136651934));
#4241=CARTESIAN_POINT('Ctrl Pts',(-15.8681435473047,13.2824862953462,6.53391912141377));
#4242=CARTESIAN_POINT('Ctrl Pts',(-13.5481157953528,14.3668108647786,10.515706673464));
#4243=CARTESIAN_POINT('Ctrl Pts',(-12.0118232019227,14.8998197396698,12.2412267282482));
#4244=CARTESIAN_POINT('Ctrl Pts',(-8.44745033801352,15.9481385604337,14.9143212193428));
#4245=CARTESIAN_POINT('Ctrl Pts',(-6.43897062866385,16.4634485063062,15.8850889796107));
#4246=CARTESIAN_POINT('Ctrl Pts',(-2.27301169599969,17.4769571742348,16.9798870977581));
#4247=CARTESIAN_POINT('Ctrl Pts',(-0.124165904288579,17.9751558962907,17.1308998844478));
#4248=CARTESIAN_POINT('Ctrl Pts',(4.01190801085283,18.9550103066292,16.6461693269675));
#4249=CARTESIAN_POINT('Ctrl Pts',(6.00095743934705,19.4366659949118,16.036797341139));
#4250=CARTESIAN_POINT('Ctrl Pts',(9.57597413797907,20.383983660603,14.18511231065));
#4251=CARTESIAN_POINT('Ctrl Pts',(11.1723304875855,20.8496456380115,12.9651734825711));
#4252=CARTESIAN_POINT('Ctrl Pts',(13.807394131793,21.7655069642065,10.1003348915192));
#4253=CARTESIAN_POINT('Ctrl Pts',(14.862424707756,22.2157063129928,8.47167217483034));
#4254=CARTESIAN_POINT('Ctrl Pts',(17.0615421206241,23.5259016740159,3.35599189162121));
#4255=CARTESIAN_POINT('Ctrl Pts',(17.3820256879196,24.3858976862528,-0.473375215825864));
#4256=CARTESIAN_POINT('Ctrl Pts',(15.7082835078726,26.0494653723637,-7.34256637913045));
#4257=CARTESIAN_POINT('Ctrl Pts',(13.8724922992182,26.8530370462377,-10.4027596917246));
#4258=CARTESIAN_POINT('Ctrl Pts',(8.94575980810377,28.4074580564628,-14.8039373965936));
#4259=CARTESIAN_POINT('Ctrl Pts',(5.95595143127917,29.1583073928139,-16.2391447907454));
#4260=CARTESIAN_POINT('Ctrl Pts',(-0.0965805741999603,30.6022768048649,
-17.253062802463));
#4261=CARTESIAN_POINT('Ctrl Pts',(-3.12764012350436,31.2953968805646,-16.9674798108291));
#4262=CARTESIAN_POINT('Ctrl Pts',(-8.47502266146543,32.6367101777079,-14.9920989418683));
#4263=CARTESIAN_POINT('Ctrl Pts',(-10.8202791997667,33.284903399151,-13.398156508797));
#4264=CARTESIAN_POINT('Ctrl Pts',(-14.378550906559,34.5392750694019,-9.42838168559983));
#4265=CARTESIAN_POINT('Ctrl Pts',(-15.6534400943446,35.1454535182092,-7.11385413082301));
#4266=CARTESIAN_POINT('Ctrl Pts',(-17.0127908288607,36.3185189686741,-2.31722441201532));
#4267=CARTESIAN_POINT('Ctrl Pts',(-17.1692934403172,36.8854059703314,0.141221536904359));
#4268=CARTESIAN_POINT('Ctrl Pts',(-16.47303897518,37.9889106937513,4.77914623766431));
#4269=CARTESIAN_POINT('Ctrl Pts',(-15.6747321336722,38.5255284155139,6.96448306598584));
#4270=CARTESIAN_POINT('Ctrl Pts',(-13.3632995905774,39.5635563703142,10.7220966843545));
#4271=CARTESIAN_POINT('Ctrl Pts',(-11.9018989966667,40.064966603352,12.3242011314857));
#4272=CARTESIAN_POINT('Ctrl Pts',(-8.60357987570657,41.0348895440377,14.7967296103654));
#4273=CARTESIAN_POINT('Ctrl Pts',(-6.798790840134,41.503402251686,15.7079991390386));
#4274=CARTESIAN_POINT('Ctrl Pts',(-1.37114408331592,42.8368969142212,17.3388065937431));
#4275=CARTESIAN_POINT('Ctrl Pts',(2.49401795143395,43.7018788691086,17.213196235748));
#4276=CARTESIAN_POINT('Ctrl Pts',(8.93662486552172,45.3197094860116,14.8112869047346));
#4277=CARTESIAN_POINT('Ctrl Pts',(11.6059844529371,46.0725581480275,12.8272603715528));
#4278=CARTESIAN_POINT('Ctrl Pts',(15.2243664898147,47.4806587545454,8.06063841591694));
#4279=CARTESIAN_POINT('Ctrl Pts',(16.3508006624705,48.1359106990472,5.42278013425806));
#4280=CARTESIAN_POINT('Ctrl Pts',(17.1696545854938,49.3614699741409,0.278922376152528));
#4281=CARTESIAN_POINT('Ctrl Pts',(17.030908248711,49.9317773047324,-2.19613307908876));
#4282=CARTESIAN_POINT('Ctrl Pts',(15.8223003738563,50.9984592803066,-6.56545431051818));
#4283=CARTESIAN_POINT('Ctrl Pts',(14.8772811275761,51.4948339252895,-8.49216613562748));
#4284=CARTESIAN_POINT('Ctrl Pts',(11.4410045191244,52.844834729569,-13.0868313621619));
#4285=CARTESIAN_POINT('Ctrl Pts',(8.31367297177428,53.6984608888665,-15.2657977592618));
#4286=CARTESIAN_POINT('Ctrl Pts',(2.24846179206017,55.1870615698322,-17.0653768398731));
#4287=CARTESIAN_POINT('Ctrl Pts',(-0.522668515257099,55.8220360915013,-17.2049261765459));
#4288=CARTESIAN_POINT('Ctrl Pts',(-5.14596534025043,56.9293399095226,-16.3263190434241));
#4289=CARTESIAN_POINT('Ctrl Pts',(-7.05048773395554,57.4016692058749,-15.5987267270144));
#4290=CARTESIAN_POINT('Ctrl Pts',(-11.2976037534291,58.568208650769,-13.041049384913));
#4291=CARTESIAN_POINT('Ctrl Pts',(-13.4170642178905,59.2624187993106,-10.8483734910925));
#4292=CARTESIAN_POINT('Ctrl Pts',(-16.2532210339859,60.6340850364126,-5.75521778276776));
#4293=CARTESIAN_POINT('Ctrl Pts',(-17.,61.3115411249729,-2.87918837638121));
#4294=CARTESIAN_POINT('Ctrl Pts',(-17.,61.9889972135332,-1.04094977927525E-14));
#4295=CARTESIAN_POINT('',(12.,-2.66270702959365,0.));
#4296=CARTESIAN_POINT('Origin',(0.,62.8318530717959,0.));
#4297=CARTESIAN_POINT('',(-17.,63.6747089300584,-1.04094977927525E-14));
#4298=CARTESIAN_POINT('Ctrl Pts',(-12.5,65.3125749842563,-7.65404249467096E-15));
#4299=CARTESIAN_POINT('Ctrl Pts',(-14.,64.766619632857,-8.57252759403147E-15));
#4300=CARTESIAN_POINT('Ctrl Pts',(-15.5,64.2206642814577,-9.49101269339199E-15));
#4301=CARTESIAN_POINT('Ctrl Pts',(-17.,63.6747089300584,-1.04094977927525E-14));
#4302=CARTESIAN_POINT('Ctrl Pts',(-17.,63.6747089300584,-1.04094977927525E-14));
#4303=CARTESIAN_POINT('Ctrl Pts',(-17.,63.11280502455,-1.04094977927525E-14));
#4304=CARTESIAN_POINT('Ctrl Pts',(-17.,62.5509011190416,-1.04094977927525E-14));
#4305=CARTESIAN_POINT('Ctrl Pts',(-17.,61.9889972135332,-1.04094977927525E-14));
#4306=CARTESIAN_POINT('Ctrl Pts',(17.,0.84285585826249,0.));
#4307=CARTESIAN_POINT('Ctrl Pts',(17.,1.52992217160258,-2.92003183169537));
#4308=CARTESIAN_POINT('Ctrl Pts',(16.2314449896999,2.21698848494267,-5.83667537597062));
#4309=CARTESIAN_POINT('Ctrl Pts',(13.4006925303608,3.56858190121372,-10.8350252580775));
#4310=CARTESIAN_POINT('Ctrl Pts',(11.3855665714259,4.23310900414469,-12.9361975280247));
#4311=CARTESIAN_POINT('Ctrl Pts',(6.69780324664997,5.53260761175522,-15.8562930592711));
#4312=CARTESIAN_POINT('Ctrl Pts',(4.06314531576934,6.16757911643479,-16.7264296266498));
#4313=CARTESIAN_POINT('Ctrl Pts',(-1.22929763268279,7.41694324397537,-17.1553790116741));
#4314=CARTESIAN_POINT('Ctrl Pts',(-3.87943820224909,8.03133586683639,-16.7561380078715));
#4315=CARTESIAN_POINT('Ctrl Pts',(-8.65079818472894,9.240209174648,-14.8508285913082));
#4316=CARTESIAN_POINT('Ctrl Pts',(-10.7833823499574,9.83468985959863,-13.3829026812555));
#4317=CARTESIAN_POINT('Ctrl Pts',(-14.1537687610714,11.0043846204176,-9.72867881603541));
#4318=CARTESIAN_POINT('Ctrl Pts',(-15.4167292885935,11.579598696286,-7.56973048989718));
#4319=CARTESIAN_POINT('Ctrl Pts',(-16.9185206541215,12.7250640556992,-2.93893526789623));
#4320=CARTESIAN_POINT('Ctrl Pts',(-17.1653825298129,13.295315339244,-0.472571939513238));
#4321=CARTESIAN_POINT('Ctrl Pts',(-16.6227568550414,14.4168823173301,4.26310136651934));
#4322=CARTESIAN_POINT('Ctrl Pts',(-15.8681435473047,14.9681980118713,6.53391912141377));
#4323=CARTESIAN_POINT('Ctrl Pts',(-13.5481157953528,16.0525225813037,10.515706673464));
#4324=CARTESIAN_POINT('Ctrl Pts',(-12.0118232019227,16.5855314561949,12.2412267282482));
#4325=CARTESIAN_POINT('Ctrl Pts',(-8.44745033801352,17.6338502769588,14.9143212193428));
#4326=CARTESIAN_POINT('Ctrl Pts',(-6.43897062866386,18.1491602228314,15.8850889796107));
#4327=CARTESIAN_POINT('Ctrl Pts',(-2.27301169599969,19.16266889076,16.9798870977581));
#4328=CARTESIAN_POINT('Ctrl Pts',(-0.124165904288579,19.6608676128158,17.1308998844478));
#4329=CARTESIAN_POINT('Ctrl Pts',(4.01190801085283,20.6407220231543,16.6461693269675));
#4330=CARTESIAN_POINT('Ctrl Pts',(6.00095743934705,21.1223777114369,16.036797341139));
#4331=CARTESIAN_POINT('Ctrl Pts',(9.57597413797907,22.0696953771281,14.18511231065));
#4332=CARTESIAN_POINT('Ctrl Pts',(11.1723304875855,22.5353573545366,12.9651734825711));
#4333=CARTESIAN_POINT('Ctrl Pts',(13.807394131793,23.4512186807316,10.1003348915192));
#4334=CARTESIAN_POINT('Ctrl Pts',(14.862424707756,23.9014180295179,8.47167217483034));
#4335=CARTESIAN_POINT('Ctrl Pts',(17.0615421206241,25.2116133905411,3.35599189162121));
#4336=CARTESIAN_POINT('Ctrl Pts',(17.3820256879196,26.071609402778,-0.473375215825863));
#4337=CARTESIAN_POINT('Ctrl Pts',(15.7082835078726,27.7351770888888,-7.34256637913045));
#4338=CARTESIAN_POINT('Ctrl Pts',(13.8724922992182,28.5387487627628,-10.4027596917246));
#4339=CARTESIAN_POINT('Ctrl Pts',(8.94575980810377,30.0931697729879,-14.8039373965936));
#4340=CARTESIAN_POINT('Ctrl Pts',(5.95595143127917,30.8440191093391,-16.2391447907454));
#4341=CARTESIAN_POINT('Ctrl Pts',(-0.0965805741999597,32.2879885213901,
-17.253062802463));
#4342=CARTESIAN_POINT('Ctrl Pts',(-3.12764012350436,32.9811085970898,-16.9674798108291));
#4343=CARTESIAN_POINT('Ctrl Pts',(-8.47502266146543,34.322421894233,-14.9920989418683));
#4344=CARTESIAN_POINT('Ctrl Pts',(-10.8202791997667,34.9706151156761,-13.398156508797));
#4345=CARTESIAN_POINT('Ctrl Pts',(-14.378550906559,36.224986785927,-9.42838168559983));
#4346=CARTESIAN_POINT('Ctrl Pts',(-15.6534400943446,36.8311652347344,-7.11385413082301));
#4347=CARTESIAN_POINT('Ctrl Pts',(-17.0127908288607,38.0042306851992,-2.31722441201532));
#4348=CARTESIAN_POINT('Ctrl Pts',(-17.1692934403172,38.5711176868565,0.141221536904359));
#4349=CARTESIAN_POINT('Ctrl Pts',(-16.47303897518,39.6746224102764,4.77914623766431));
#4350=CARTESIAN_POINT('Ctrl Pts',(-15.6747321336722,40.211240132039,6.96448306598584));
#4351=CARTESIAN_POINT('Ctrl Pts',(-13.3632995905774,41.2492680868393,10.7220966843545));
#4352=CARTESIAN_POINT('Ctrl Pts',(-11.9018989966667,41.7506783198771,12.3242011314857));
#4353=CARTESIAN_POINT('Ctrl Pts',(-8.60357987570658,42.7206012605629,14.7967296103654));
#4354=CARTESIAN_POINT('Ctrl Pts',(-6.79879084013399,43.1891139682112,15.7079991390386));
#4355=CARTESIAN_POINT('Ctrl Pts',(-1.37114408331592,44.5226086307464,17.3388065937431));
#4356=CARTESIAN_POINT('Ctrl Pts',(2.49401795143395,45.3875905856337,17.213196235748));
#4357=CARTESIAN_POINT('Ctrl Pts',(8.93662486552172,47.0054212025368,14.8112869047346));
#4358=CARTESIAN_POINT('Ctrl Pts',(11.6059844529371,47.7582698645526,12.8272603715528));
#4359=CARTESIAN_POINT('Ctrl Pts',(15.2243664898147,49.1663704710705,8.06063841591693));
#4360=CARTESIAN_POINT('Ctrl Pts',(16.3508006624705,49.8216224155723,5.42278013425806));
#4361=CARTESIAN_POINT('Ctrl Pts',(17.1696545854937,51.047181690666,0.278922376152525));
#4362=CARTESIAN_POINT('Ctrl Pts',(17.030908248711,51.6174890212575,-2.19613307908876));
#4363=CARTESIAN_POINT('Ctrl Pts',(15.8223003738563,52.6841709968317,-6.56545431051819));
#4364=CARTESIAN_POINT('Ctrl Pts',(14.8772811275761,53.1805456418147,-8.49216613562747));
#4365=CARTESIAN_POINT('Ctrl Pts',(11.4410045191244,54.5305464460941,-13.0868313621619));
#4366=CARTESIAN_POINT('Ctrl Pts',(8.31367297177427,55.3841726053916,-15.2657977592618));
#4367=CARTESIAN_POINT('Ctrl Pts',(2.24846179206018,56.8727732863573,-17.0653768398731));
#4368=CARTESIAN_POINT('Ctrl Pts',(-0.5226685152571,57.5077478080265,-17.2049261765459));
#4369=CARTESIAN_POINT('Ctrl Pts',(-5.14596534025043,58.6150516260477,-16.3263190434241));
#4370=CARTESIAN_POINT('Ctrl Pts',(-7.05048773395555,59.0873809224,-15.5987267270144));
#4371=CARTESIAN_POINT('Ctrl Pts',(-11.2976037534291,60.2539203672941,-13.041049384913));
#4372=CARTESIAN_POINT('Ctrl Pts',(-13.4170642178905,60.9481305158358,-10.8483734910925));
#4373=CARTESIAN_POINT('Ctrl Pts',(-16.2532210339859,62.3197967529378,-5.75521778276776));
#4374=CARTESIAN_POINT('Ctrl Pts',(-17.,62.9972528414981,-2.87918837638121));
#4375=CARTESIAN_POINT('Ctrl Pts',(-17.,63.6747089300584,-1.04094977927525E-14));
#4376=CARTESIAN_POINT('Ctrl Pts',(17.,0.280951952754115,0.));
#4377=CARTESIAN_POINT('Ctrl Pts',(17.,0.968018266094203,-2.92003183169537));
#4378=CARTESIAN_POINT('Ctrl Pts',(16.2314449896999,1.65508457943429,-5.83667537597062));
#4379=CARTESIAN_POINT('Ctrl Pts',(13.4006925303608,3.00667799570535,-10.8350252580775));
#4380=CARTESIAN_POINT('Ctrl Pts',(11.3855665714259,3.67120509863631,-12.9361975280247));
#4381=CARTESIAN_POINT('Ctrl Pts',(6.69780324664997,4.97070370624685,-15.8562930592711));
#4382=CARTESIAN_POINT('Ctrl Pts',(4.06314531576934,5.60567521092642,-16.7264296266498));
#4383=CARTESIAN_POINT('Ctrl Pts',(-1.22929763268279,6.855039338467,-17.1553790116741));
#4384=CARTESIAN_POINT('Ctrl Pts',(-3.87943820224909,7.46943196132801,-16.7561380078715));
#4385=CARTESIAN_POINT('Ctrl Pts',(-8.65079818472894,8.67830526913962,-14.8508285913082));
#4386=CARTESIAN_POINT('Ctrl Pts',(-10.7833823499574,9.27278595409026,-13.3829026812555));
#4387=CARTESIAN_POINT('Ctrl Pts',(-14.1537687610714,10.4424807149092,-9.72867881603541));
#4388=CARTESIAN_POINT('Ctrl Pts',(-15.4167292885935,11.0176947907776,-7.56973048989718));
#4389=CARTESIAN_POINT('Ctrl Pts',(-16.9185206541215,12.1631601501908,-2.93893526789623));
#4390=CARTESIAN_POINT('Ctrl Pts',(-17.1653825298129,12.7334114337357,-0.472571939513238));
#4391=CARTESIAN_POINT('Ctrl Pts',(-16.6227568550414,13.8549784118217,4.26310136651934));
#4392=CARTESIAN_POINT('Ctrl Pts',(-15.8681435473047,14.4062941063629,6.53391912141377));
#4393=CARTESIAN_POINT('Ctrl Pts',(-13.5481157953528,15.4906186757954,10.515706673464));
#4394=CARTESIAN_POINT('Ctrl Pts',(-12.0118232019227,16.0236275506865,12.2412267282482));
#4395=CARTESIAN_POINT('Ctrl Pts',(-8.44745033801352,17.0719463714504,14.9143212193428));
#4396=CARTESIAN_POINT('Ctrl Pts',(-6.43897062866386,17.587256317323,15.8850889796107));
#4397=CARTESIAN_POINT('Ctrl Pts',(-2.27301169599969,18.6007649852516,16.9798870977581));
#4398=CARTESIAN_POINT('Ctrl Pts',(-0.124165904288579,19.0989637073075,17.1308998844478));
#4399=CARTESIAN_POINT('Ctrl Pts',(4.01190801085283,20.078818117646,16.6461693269675));
#4400=CARTESIAN_POINT('Ctrl Pts',(6.00095743934705,20.5604738059285,16.036797341139));
#4401=CARTESIAN_POINT('Ctrl Pts',(9.57597413797907,21.5077914716198,14.18511231065));
#4402=CARTESIAN_POINT('Ctrl Pts',(11.1723304875855,21.9734534490282,12.9651734825711));
#4403=CARTESIAN_POINT('Ctrl Pts',(13.807394131793,22.8893147752232,10.1003348915192));
#4404=CARTESIAN_POINT('Ctrl Pts',(14.862424707756,23.3395141240095,8.47167217483034));
#4405=CARTESIAN_POINT('Ctrl Pts',(17.0615421206241,24.6497094850327,3.35599189162121));
#4406=CARTESIAN_POINT('Ctrl Pts',(17.3820256879196,25.5097054972696,-0.473375215825864));
#4407=CARTESIAN_POINT('Ctrl Pts',(15.7082835078726,27.1732731833804,-7.34256637913045));
#4408=CARTESIAN_POINT('Ctrl Pts',(13.8724922992182,27.9768448572545,-10.4027596917246));
#4409=CARTESIAN_POINT('Ctrl Pts',(8.94575980810377,29.5312658674795,-14.8039373965936));
#4410=CARTESIAN_POINT('Ctrl Pts',(5.95595143127917,30.2821152038307,-16.2391447907454));
#4411=CARTESIAN_POINT('Ctrl Pts',(-0.09658057419996,31.7260846158817,-17.253062802463));
#4412=CARTESIAN_POINT('Ctrl Pts',(-3.12764012350436,32.4192046915814,-16.9674798108291));
#4413=CARTESIAN_POINT('Ctrl Pts',(-8.47502266146543,33.7605179887247,-14.9920989418683));
#4414=CARTESIAN_POINT('Ctrl Pts',(-10.8202791997667,34.4087112101677,-13.398156508797));
#4415=CARTESIAN_POINT('Ctrl Pts',(-14.378550906559,35.6630828804186,-9.42838168559983));
#4416=CARTESIAN_POINT('Ctrl Pts',(-15.6534400943446,36.269261329226,-7.11385413082301));
#4417=CARTESIAN_POINT('Ctrl Pts',(-17.0127908288607,37.4423267796908,-2.31722441201532));
#4418=CARTESIAN_POINT('Ctrl Pts',(-17.1692934403172,38.0092137813482,0.141221536904359));
#4419=CARTESIAN_POINT('Ctrl Pts',(-16.47303897518,39.112718504768,4.77914623766431));
#4420=CARTESIAN_POINT('Ctrl Pts',(-15.6747321336722,39.6493362265307,6.96448306598584));
#4421=CARTESIAN_POINT('Ctrl Pts',(-13.3632995905774,40.6873641813309,10.7220966843545));
#4422=CARTESIAN_POINT('Ctrl Pts',(-11.9018989966667,41.1887744143687,12.3242011314857));
#4423=CARTESIAN_POINT('Ctrl Pts',(-8.60357987570657,42.1586973550545,14.7967296103654));
#4424=CARTESIAN_POINT('Ctrl Pts',(-6.798790840134,42.6272100627028,15.7079991390386));
#4425=CARTESIAN_POINT('Ctrl Pts',(-1.37114408331592,43.960704725238,17.3388065937431));
#4426=CARTESIAN_POINT('Ctrl Pts',(2.49401795143395,44.8256866801254,17.213196235748));
#4427=CARTESIAN_POINT('Ctrl Pts',(8.93662486552172,46.4435172970284,14.8112869047346));
#4428=CARTESIAN_POINT('Ctrl Pts',(11.6059844529371,47.1963659590442,12.8272603715528));
#4429=CARTESIAN_POINT('Ctrl Pts',(15.2243664898147,48.6044665655621,8.06063841591694));
#4430=CARTESIAN_POINT('Ctrl Pts',(16.3508006624705,49.2597185100639,5.42278013425806));
#4431=CARTESIAN_POINT('Ctrl Pts',(17.1696545854937,50.4852777851577,0.278922376152526));
#4432=CARTESIAN_POINT('Ctrl Pts',(17.030908248711,51.0555851157491,-2.19613307908876));
#4433=CARTESIAN_POINT('Ctrl Pts',(15.8223003738563,52.1222670913233,-6.56545431051819));
#4434=CARTESIAN_POINT('Ctrl Pts',(14.8772811275761,52.6186417363063,-8.49216613562748));
#4435=CARTESIAN_POINT('Ctrl Pts',(11.4410045191244,53.9686425405857,-13.0868313621619));
#4436=CARTESIAN_POINT('Ctrl Pts',(8.31367297177427,54.8222686998832,-15.2657977592618));
#4437=CARTESIAN_POINT('Ctrl Pts',(2.24846179206017,56.3108693808489,-17.0653768398731));
#4438=CARTESIAN_POINT('Ctrl Pts',(-0.522668515257099,56.9458439025181,-17.2049261765459));
#4439=CARTESIAN_POINT('Ctrl Pts',(-5.14596534025043,58.0531477205393,-16.3263190434241));
#4440=CARTESIAN_POINT('Ctrl Pts',(-7.05048773395555,58.5254770168916,-15.5987267270144));
#4441=CARTESIAN_POINT('Ctrl Pts',(-11.2976037534291,59.6920164617857,-13.041049384913));
#4442=CARTESIAN_POINT('Ctrl Pts',(-13.4170642178905,60.3862266103274,-10.8483734910925));
#4443=CARTESIAN_POINT('Ctrl Pts',(-16.2532210339859,61.7578928474294,-5.75521778276776));
#4444=CARTESIAN_POINT('Ctrl Pts',(-17.,62.4353489359897,-2.87918837638121));
#4445=CARTESIAN_POINT('Ctrl Pts',(-17.,63.11280502455,-1.04094977927525E-14));
#4446=CARTESIAN_POINT('Ctrl Pts',(17.,-0.280951952754259,0.));
#4447=CARTESIAN_POINT('Ctrl Pts',(17.,0.406114360585829,-2.92003183169537));
#4448=CARTESIAN_POINT('Ctrl Pts',(16.2314449896999,1.09318067392592,-5.83667537597062));
#4449=CARTESIAN_POINT('Ctrl Pts',(13.4006925303608,2.44477409019697,-10.8350252580775));
#4450=CARTESIAN_POINT('Ctrl Pts',(11.3855665714259,3.10930119312794,-12.9361975280247));
#4451=CARTESIAN_POINT('Ctrl Pts',(6.69780324664997,4.40879980073847,-15.8562930592711));
#4452=CARTESIAN_POINT('Ctrl Pts',(4.06314531576934,5.04377130541804,-16.7264296266498));
#4453=CARTESIAN_POINT('Ctrl Pts',(-1.22929763268279,6.29313543295863,-17.1553790116741));
#4454=CARTESIAN_POINT('Ctrl Pts',(-3.87943820224909,6.90752805581964,-16.7561380078715));
#4455=CARTESIAN_POINT('Ctrl Pts',(-8.65079818472894,8.11640136363125,-14.8508285913082));
#4456=CARTESIAN_POINT('Ctrl Pts',(-10.7833823499574,8.71088204858188,-13.3829026812555));
#4457=CARTESIAN_POINT('Ctrl Pts',(-14.1537687610714,9.88057680940086,-9.72867881603541));
#4458=CARTESIAN_POINT('Ctrl Pts',(-15.4167292885935,10.4557908852693,-7.56973048989718));
#4459=CARTESIAN_POINT('Ctrl Pts',(-16.9185206541215,11.6012562446824,-2.93893526789623));
#4460=CARTESIAN_POINT('Ctrl Pts',(-17.1653825298129,12.1715075282273,-0.472571939513238));
#4461=CARTESIAN_POINT('Ctrl Pts',(-16.6227568550414,13.2930745063133,4.26310136651934));
#4462=CARTESIAN_POINT('Ctrl Pts',(-15.8681435473047,13.8443902008546,6.53391912141377));
#4463=CARTESIAN_POINT('Ctrl Pts',(-13.5481157953528,14.928714770287,10.515706673464));
#4464=CARTESIAN_POINT('Ctrl Pts',(-12.0118232019227,15.4617236451782,12.2412267282482));
#4465=CARTESIAN_POINT('Ctrl Pts',(-8.44745033801352,16.510042465942,14.9143212193428));
#4466=CARTESIAN_POINT('Ctrl Pts',(-6.43897062866385,17.0253524118146,15.8850889796107));
#4467=CARTESIAN_POINT('Ctrl Pts',(-2.27301169599969,18.0388610797432,16.9798870977581));
#4468=CARTESIAN_POINT('Ctrl Pts',(-0.124165904288579,18.5370598017991,17.1308998844478));
#4469=CARTESIAN_POINT('Ctrl Pts',(4.01190801085283,19.5169142121376,16.6461693269675));
#4470=CARTESIAN_POINT('Ctrl Pts',(6.00095743934705,19.9985699004202,16.036797341139));
#4471=CARTESIAN_POINT('Ctrl Pts',(9.57597413797907,20.9458875661114,14.18511231065));
#4472=CARTESIAN_POINT('Ctrl Pts',(11.1723304875855,21.4115495435199,12.9651734825711));
#4473=CARTESIAN_POINT('Ctrl Pts',(13.807394131793,22.3274108697149,10.1003348915192));
#4474=CARTESIAN_POINT('Ctrl Pts',(14.862424707756,22.7776102185011,8.47167217483034));
#4475=CARTESIAN_POINT('Ctrl Pts',(17.0615421206241,24.0878055795243,3.35599189162121));
#4476=CARTESIAN_POINT('Ctrl Pts',(17.3820256879196,24.9478015917612,-0.473375215825864));
#4477=CARTESIAN_POINT('Ctrl Pts',(15.7082835078726,26.611369277872,-7.34256637913045));
#4478=CARTESIAN_POINT('Ctrl Pts',(13.8724922992182,27.4149409517461,-10.4027596917246));
#4479=CARTESIAN_POINT('Ctrl Pts',(8.94575980810377,28.9693619619712,-14.8039373965936));
#4480=CARTESIAN_POINT('Ctrl Pts',(5.95595143127917,29.7202112983223,-16.2391447907454));
#4481=CARTESIAN_POINT('Ctrl Pts',(-0.09658057419996,31.1641807103733,-17.253062802463));
#4482=CARTESIAN_POINT('Ctrl Pts',(-3.12764012350436,31.857300786073,-16.9674798108291));
#4483=CARTESIAN_POINT('Ctrl Pts',(-8.47502266146543,33.1986140832163,-14.9920989418683));
#4484=CARTESIAN_POINT('Ctrl Pts',(-10.8202791997667,33.8468073046594,-13.398156508797));
#4485=CARTESIAN_POINT('Ctrl Pts',(-14.378550906559,35.1011789749103,-9.42838168559983));
#4486=CARTESIAN_POINT('Ctrl Pts',(-15.6534400943446,35.7073574237176,-7.11385413082301));
#4487=CARTESIAN_POINT('Ctrl Pts',(-17.0127908288607,36.8804228741824,-2.31722441201532));
#4488=CARTESIAN_POINT('Ctrl Pts',(-17.1692934403172,37.4473098758398,0.141221536904358));
#4489=CARTESIAN_POINT('Ctrl Pts',(-16.47303897518,38.5508145992597,4.77914623766431));
#4490=CARTESIAN_POINT('Ctrl Pts',(-15.6747321336722,39.0874323210223,6.96448306598584));
#4491=CARTESIAN_POINT('Ctrl Pts',(-13.3632995905774,40.1254602758226,10.7220966843545));
#4492=CARTESIAN_POINT('Ctrl Pts',(-11.9018989966667,40.6268705088603,12.3242011314857));
#4493=CARTESIAN_POINT('Ctrl Pts',(-8.60357987570657,41.5967934495461,14.7967296103654));
#4494=CARTESIAN_POINT('Ctrl Pts',(-6.798790840134,42.0653061571944,15.7079991390386));
#4495=CARTESIAN_POINT('Ctrl Pts',(-1.37114408331592,43.3988008197296,17.3388065937431));
#4496=CARTESIAN_POINT('Ctrl Pts',(2.49401795143395,44.263782774617,17.213196235748));
#4497=CARTESIAN_POINT('Ctrl Pts',(8.93662486552172,45.88161339152,14.8112869047346));
#4498=CARTESIAN_POINT('Ctrl Pts',(11.6059844529371,46.6344620535358,12.8272603715528));
#4499=CARTESIAN_POINT('Ctrl Pts',(15.2243664898147,48.0425626600537,8.06063841591693));
#4500=CARTESIAN_POINT('Ctrl Pts',(16.3508006624705,48.6978146045556,5.42278013425806));
#4501=CARTESIAN_POINT('Ctrl Pts',(17.1696545854938,49.9233738796493,0.278922376152527));
#4502=CARTESIAN_POINT('Ctrl Pts',(17.030908248711,50.4936812102407,-2.19613307908876));
#4503=CARTESIAN_POINT('Ctrl Pts',(15.8223003738563,51.5603631858149,-6.56545431051818));
#4504=CARTESIAN_POINT('Ctrl Pts',(14.8772811275761,52.0567378307979,-8.49216613562748));
#4505=CARTESIAN_POINT('Ctrl Pts',(11.4410045191244,53.4067386350774,-13.0868313621619));
#4506=CARTESIAN_POINT('Ctrl Pts',(8.31367297177427,54.2603647943748,-15.2657977592618));
#4507=CARTESIAN_POINT('Ctrl Pts',(2.24846179206017,55.7489654753406,-17.0653768398731));
#4508=CARTESIAN_POINT('Ctrl Pts',(-0.5226685152571,56.3839399970097,-17.2049261765459));
#4509=CARTESIAN_POINT('Ctrl Pts',(-5.14596534025043,57.4912438150309,-16.3263190434241));
#4510=CARTESIAN_POINT('Ctrl Pts',(-7.05048773395554,57.9635731113833,-15.5987267270144));
#4511=CARTESIAN_POINT('Ctrl Pts',(-11.2976037534291,59.1301125562773,-13.041049384913));
#4512=CARTESIAN_POINT('Ctrl Pts',(-13.4170642178905,59.824322704819,-10.8483734910925));
#4513=CARTESIAN_POINT('Ctrl Pts',(-16.2532210339859,61.195988941921,-5.75521778276776));
#4514=CARTESIAN_POINT('Ctrl Pts',(-17.,61.8734450304813,-2.87918837638121));
#4515=CARTESIAN_POINT('Ctrl Pts',(-17.,62.5509011190416,-1.04094977927525E-14));
#4516=CARTESIAN_POINT('Ctrl Pts',(17.,-0.842855858262633,0.));
#4517=CARTESIAN_POINT('Ctrl Pts',(17.,-0.155789544922545,-2.92003183169537));
#4518=CARTESIAN_POINT('Ctrl Pts',(16.2314449896999,0.531276768417542,-5.83667537597062));
#4519=CARTESIAN_POINT('Ctrl Pts',(13.4006925303608,1.8828701846886,-10.8350252580775));
#4520=CARTESIAN_POINT('Ctrl Pts',(11.3855665714259,2.54739728761957,-12.9361975280247));
#4521=CARTESIAN_POINT('Ctrl Pts',(6.69780324664997,3.8468958952301,-15.8562930592711));
#4522=CARTESIAN_POINT('Ctrl Pts',(4.06314531576934,4.48186739990967,-16.7264296266498));
#4523=CARTESIAN_POINT('Ctrl Pts',(-1.22929763268279,5.73123152745025,-17.1553790116741));
#4524=CARTESIAN_POINT('Ctrl Pts',(-3.87943820224909,6.34562415031126,-16.7561380078715));
#4525=CARTESIAN_POINT('Ctrl Pts',(-8.65079818472894,7.55449745812287,-14.8508285913082));
#4526=CARTESIAN_POINT('Ctrl Pts',(-10.7833823499574,8.14897814307351,-13.3829026812555));
#4527=CARTESIAN_POINT('Ctrl Pts',(-14.1537687610714,9.31867290389248,-9.72867881603541));
#4528=CARTESIAN_POINT('Ctrl Pts',(-15.4167292885935,9.89388697976088,-7.56973048989718));
#4529=CARTESIAN_POINT('Ctrl Pts',(-16.9185206541215,11.0393523391741,-2.93893526789623));
#4530=CARTESIAN_POINT('Ctrl Pts',(-17.1653825298129,11.6096036227189,-0.472571939513238));
#4531=CARTESIAN_POINT('Ctrl Pts',(-16.6227568550414,12.7311706008049,4.26310136651934));
#4532=CARTESIAN_POINT('Ctrl Pts',(-15.8681435473047,13.2824862953462,6.53391912141377));
#4533=CARTESIAN_POINT('Ctrl Pts',(-13.5481157953528,14.3668108647786,10.515706673464));
#4534=CARTESIAN_POINT('Ctrl Pts',(-12.0118232019227,14.8998197396698,12.2412267282482));
#4535=CARTESIAN_POINT('Ctrl Pts',(-8.44745033801352,15.9481385604337,14.9143212193428));
#4536=CARTESIAN_POINT('Ctrl Pts',(-6.43897062866385,16.4634485063062,15.8850889796107));
#4537=CARTESIAN_POINT('Ctrl Pts',(-2.27301169599969,17.4769571742348,16.9798870977581));
#4538=CARTESIAN_POINT('Ctrl Pts',(-0.124165904288579,17.9751558962907,17.1308998844478));
#4539=CARTESIAN_POINT('Ctrl Pts',(4.01190801085283,18.9550103066292,16.6461693269675));
#4540=CARTESIAN_POINT('Ctrl Pts',(6.00095743934705,19.4366659949118,16.036797341139));
#4541=CARTESIAN_POINT('Ctrl Pts',(9.57597413797907,20.383983660603,14.18511231065));
#4542=CARTESIAN_POINT('Ctrl Pts',(11.1723304875855,20.8496456380115,12.9651734825711));
#4543=CARTESIAN_POINT('Ctrl Pts',(13.807394131793,21.7655069642065,10.1003348915192));
#4544=CARTESIAN_POINT('Ctrl Pts',(14.862424707756,22.2157063129928,8.47167217483034));
#4545=CARTESIAN_POINT('Ctrl Pts',(17.0615421206241,23.5259016740159,3.35599189162121));
#4546=CARTESIAN_POINT('Ctrl Pts',(17.3820256879196,24.3858976862528,-0.473375215825864));
#4547=CARTESIAN_POINT('Ctrl Pts',(15.7082835078726,26.0494653723637,-7.34256637913045));
#4548=CARTESIAN_POINT('Ctrl Pts',(13.8724922992182,26.8530370462377,-10.4027596917246));
#4549=CARTESIAN_POINT('Ctrl Pts',(8.94575980810377,28.4074580564628,-14.8039373965936));
#4550=CARTESIAN_POINT('Ctrl Pts',(5.95595143127917,29.1583073928139,-16.2391447907454));
#4551=CARTESIAN_POINT('Ctrl Pts',(-0.0965805741999603,30.6022768048649,
-17.253062802463));
#4552=CARTESIAN_POINT('Ctrl Pts',(-3.12764012350436,31.2953968805646,-16.9674798108291));
#4553=CARTESIAN_POINT('Ctrl Pts',(-8.47502266146543,32.6367101777079,-14.9920989418683));
#4554=CARTESIAN_POINT('Ctrl Pts',(-10.8202791997667,33.284903399151,-13.398156508797));
#4555=CARTESIAN_POINT('Ctrl Pts',(-14.378550906559,34.5392750694019,-9.42838168559983));
#4556=CARTESIAN_POINT('Ctrl Pts',(-15.6534400943446,35.1454535182092,-7.11385413082301));
#4557=CARTESIAN_POINT('Ctrl Pts',(-17.0127908288607,36.3185189686741,-2.31722441201532));
#4558=CARTESIAN_POINT('Ctrl Pts',(-17.1692934403172,36.8854059703314,0.141221536904359));
#4559=CARTESIAN_POINT('Ctrl Pts',(-16.47303897518,37.9889106937513,4.77914623766431));
#4560=CARTESIAN_POINT('Ctrl Pts',(-15.6747321336722,38.5255284155139,6.96448306598584));
#4561=CARTESIAN_POINT('Ctrl Pts',(-13.3632995905774,39.5635563703142,10.7220966843545));
#4562=CARTESIAN_POINT('Ctrl Pts',(-11.9018989966667,40.064966603352,12.3242011314857));
#4563=CARTESIAN_POINT('Ctrl Pts',(-8.60357987570657,41.0348895440377,14.7967296103654));
#4564=CARTESIAN_POINT('Ctrl Pts',(-6.798790840134,41.503402251686,15.7079991390386));
#4565=CARTESIAN_POINT('Ctrl Pts',(-1.37114408331592,42.8368969142212,17.3388065937431));
#4566=CARTESIAN_POINT('Ctrl Pts',(2.49401795143395,43.7018788691086,17.213196235748));
#4567=CARTESIAN_POINT('Ctrl Pts',(8.93662486552172,45.3197094860116,14.8112869047346));
#4568=CARTESIAN_POINT('Ctrl Pts',(11.6059844529371,46.0725581480275,12.8272603715528));
#4569=CARTESIAN_POINT('Ctrl Pts',(15.2243664898147,47.4806587545454,8.06063841591694));
#4570=CARTESIAN_POINT('Ctrl Pts',(16.3508006624705,48.1359106990472,5.42278013425806));
#4571=CARTESIAN_POINT('Ctrl Pts',(17.1696545854938,49.3614699741409,0.278922376152528));
#4572=CARTESIAN_POINT('Ctrl Pts',(17.030908248711,49.9317773047324,-2.19613307908876));
#4573=CARTESIAN_POINT('Ctrl Pts',(15.8223003738563,50.9984592803066,-6.56545431051818));
#4574=CARTESIAN_POINT('Ctrl Pts',(14.8772811275761,51.4948339252895,-8.49216613562748));
#4575=CARTESIAN_POINT('Ctrl Pts',(11.4410045191244,52.844834729569,-13.0868313621619));
#4576=CARTESIAN_POINT('Ctrl Pts',(8.31367297177428,53.6984608888665,-15.2657977592618));
#4577=CARTESIAN_POINT('Ctrl Pts',(2.24846179206017,55.1870615698322,-17.0653768398731));
#4578=CARTESIAN_POINT('Ctrl Pts',(-0.522668515257099,55.8220360915013,-17.2049261765459));
#4579=CARTESIAN_POINT('Ctrl Pts',(-5.14596534025043,56.9293399095226,-16.3263190434241));
#4580=CARTESIAN_POINT('Ctrl Pts',(-7.05048773395554,57.4016692058749,-15.5987267270144));
#4581=CARTESIAN_POINT('Ctrl Pts',(-11.2976037534291,58.568208650769,-13.041049384913));
#4582=CARTESIAN_POINT('Ctrl Pts',(-13.4170642178905,59.2624187993106,-10.8483734910925));
#4583=CARTESIAN_POINT('Ctrl Pts',(-16.2532210339859,60.6340850364126,-5.75521778276776));
#4584=CARTESIAN_POINT('Ctrl Pts',(-17.,61.3115411249729,-2.87918837638121));
#4585=CARTESIAN_POINT('Ctrl Pts',(-17.,61.9889972135332,-1.04094977927525E-14));
#4586=CARTESIAN_POINT('',(17.,0.84285585826249,0.));
#4587=CARTESIAN_POINT('',(17.,-0.842855858262633,0.));
#4588=CARTESIAN_POINT('Ctrl Pts',(17.,0.84285585826249,0.));
#4589=CARTESIAN_POINT('Ctrl Pts',(17.,1.52992217160258,-2.92003183169537));
#4590=CARTESIAN_POINT('Ctrl Pts',(16.2314449896999,2.21698848494267,-5.83667537597062));
#4591=CARTESIAN_POINT('Ctrl Pts',(13.4006925303608,3.56858190121372,-10.8350252580775));
#4592=CARTESIAN_POINT('Ctrl Pts',(11.3855665714259,4.23310900414469,-12.9361975280247));
#4593=CARTESIAN_POINT('Ctrl Pts',(6.69780324664997,5.53260761175522,-15.8562930592711));
#4594=CARTESIAN_POINT('Ctrl Pts',(4.06314531576934,6.16757911643479,-16.7264296266498));
#4595=CARTESIAN_POINT('Ctrl Pts',(-1.22929763268279,7.41694324397537,-17.1553790116741));
#4596=CARTESIAN_POINT('Ctrl Pts',(-3.87943820224909,8.03133586683639,-16.7561380078715));
#4597=CARTESIAN_POINT('Ctrl Pts',(-8.65079818472894,9.240209174648,-14.8508285913082));
#4598=CARTESIAN_POINT('Ctrl Pts',(-10.7833823499574,9.83468985959863,-13.3829026812555));
#4599=CARTESIAN_POINT('Ctrl Pts',(-14.1537687610714,11.0043846204176,-9.72867881603541));
#4600=CARTESIAN_POINT('Ctrl Pts',(-15.4167292885935,11.579598696286,-7.56973048989718));
#4601=CARTESIAN_POINT('Ctrl Pts',(-16.9185206541215,12.7250640556992,-2.93893526789623));
#4602=CARTESIAN_POINT('Ctrl Pts',(-17.1653825298129,13.295315339244,-0.472571939513238));
#4603=CARTESIAN_POINT('Ctrl Pts',(-16.6227568550414,14.4168823173301,4.26310136651934));
#4604=CARTESIAN_POINT('Ctrl Pts',(-15.8681435473047,14.9681980118713,6.53391912141377));
#4605=CARTESIAN_POINT('Ctrl Pts',(-13.5481157953528,16.0525225813037,10.515706673464));
#4606=CARTESIAN_POINT('Ctrl Pts',(-12.0118232019227,16.5855314561949,12.2412267282482));
#4607=CARTESIAN_POINT('Ctrl Pts',(-8.44745033801352,17.6338502769588,14.9143212193428));
#4608=CARTESIAN_POINT('Ctrl Pts',(-6.43897062866386,18.1491602228314,15.8850889796107));
#4609=CARTESIAN_POINT('Ctrl Pts',(-2.27301169599969,19.16266889076,16.9798870977581));
#4610=CARTESIAN_POINT('Ctrl Pts',(-0.124165904288579,19.6608676128158,17.1308998844478));
#4611=CARTESIAN_POINT('Ctrl Pts',(4.01190801085283,20.6407220231543,16.6461693269675));
#4612=CARTESIAN_POINT('Ctrl Pts',(6.00095743934705,21.1223777114369,16.036797341139));
#4613=CARTESIAN_POINT('Ctrl Pts',(9.57597413797907,22.0696953771281,14.18511231065));
#4614=CARTESIAN_POINT('Ctrl Pts',(11.1723304875855,22.5353573545366,12.9651734825711));
#4615=CARTESIAN_POINT('Ctrl Pts',(13.807394131793,23.4512186807316,10.1003348915192));
#4616=CARTESIAN_POINT('Ctrl Pts',(14.862424707756,23.9014180295179,8.47167217483034));
#4617=CARTESIAN_POINT('Ctrl Pts',(17.0615421206241,25.2116133905411,3.35599189162121));
#4618=CARTESIAN_POINT('Ctrl Pts',(17.3820256879196,26.071609402778,-0.473375215825863));
#4619=CARTESIAN_POINT('Ctrl Pts',(15.7082835078726,27.7351770888888,-7.34256637913045));
#4620=CARTESIAN_POINT('Ctrl Pts',(13.8724922992182,28.5387487627628,-10.4027596917246));
#4621=CARTESIAN_POINT('Ctrl Pts',(8.94575980810377,30.0931697729879,-14.8039373965936));
#4622=CARTESIAN_POINT('Ctrl Pts',(5.95595143127917,30.8440191093391,-16.2391447907454));
#4623=CARTESIAN_POINT('Ctrl Pts',(-0.0965805741999597,32.2879885213901,
-17.253062802463));
#4624=CARTESIAN_POINT('Ctrl Pts',(-3.12764012350436,32.9811085970898,-16.9674798108291));
#4625=CARTESIAN_POINT('Ctrl Pts',(-8.47502266146543,34.322421894233,-14.9920989418683));
#4626=CARTESIAN_POINT('Ctrl Pts',(-10.8202791997667,34.9706151156761,-13.398156508797));
#4627=CARTESIAN_POINT('Ctrl Pts',(-14.378550906559,36.224986785927,-9.42838168559983));
#4628=CARTESIAN_POINT('Ctrl Pts',(-15.6534400943446,36.8311652347344,-7.11385413082301));
#4629=CARTESIAN_POINT('Ctrl Pts',(-17.0127908288607,38.0042306851992,-2.31722441201532));
#4630=CARTESIAN_POINT('Ctrl Pts',(-17.1692934403172,38.5711176868565,0.141221536904359));
#4631=CARTESIAN_POINT('Ctrl Pts',(-16.47303897518,39.6746224102764,4.77914623766431));
#4632=CARTESIAN_POINT('Ctrl Pts',(-15.6747321336722,40.211240132039,6.96448306598584));
#4633=CARTESIAN_POINT('Ctrl Pts',(-13.3632995905774,41.2492680868393,10.7220966843545));
#4634=CARTESIAN_POINT('Ctrl Pts',(-11.9018989966667,41.7506783198771,12.3242011314857));
#4635=CARTESIAN_POINT('Ctrl Pts',(-8.60357987570658,42.7206012605629,14.7967296103654));
#4636=CARTESIAN_POINT('Ctrl Pts',(-6.79879084013399,43.1891139682112,15.7079991390386));
#4637=CARTESIAN_POINT('Ctrl Pts',(-1.37114408331592,44.5226086307464,17.3388065937431));
#4638=CARTESIAN_POINT('Ctrl Pts',(2.49401795143395,45.3875905856337,17.213196235748));
#4639=CARTESIAN_POINT('Ctrl Pts',(8.93662486552172,47.0054212025368,14.8112869047346));
#4640=CARTESIAN_POINT('Ctrl Pts',(11.6059844529371,47.7582698645526,12.8272603715528));
#4641=CARTESIAN_POINT('Ctrl Pts',(15.2243664898147,49.1663704710705,8.06063841591693));
#4642=CARTESIAN_POINT('Ctrl Pts',(16.3508006624705,49.8216224155723,5.42278013425806));
#4643=CARTESIAN_POINT('Ctrl Pts',(17.1696545854937,51.047181690666,0.278922376152525));
#4644=CARTESIAN_POINT('Ctrl Pts',(17.030908248711,51.6174890212575,-2.19613307908876));
#4645=CARTESIAN_POINT('Ctrl Pts',(15.8223003738563,52.6841709968317,-6.56545431051819));
#4646=CARTESIAN_POINT('Ctrl Pts',(14.8772811275761,53.1805456418147,-8.49216613562747));
#4647=CARTESIAN_POINT('Ctrl Pts',(11.4410045191244,54.5305464460941,-13.0868313621619));
#4648=CARTESIAN_POINT('Ctrl Pts',(8.31367297177427,55.3841726053916,-15.2657977592618));
#4649=CARTESIAN_POINT('Ctrl Pts',(2.24846179206018,56.8727732863573,-17.0653768398731));
#4650=CARTESIAN_POINT('Ctrl Pts',(-0.5226685152571,57.5077478080265,-17.2049261765459));
#4651=CARTESIAN_POINT('Ctrl Pts',(-5.14596534025043,58.6150516260477,-16.3263190434241));
#4652=CARTESIAN_POINT('Ctrl Pts',(-7.05048773395555,59.0873809224,-15.5987267270144));
#4653=CARTESIAN_POINT('Ctrl Pts',(-11.2976037534291,60.2539203672941,-13.041049384913));
#4654=CARTESIAN_POINT('Ctrl Pts',(-13.4170642178905,60.9481305158358,-10.8483734910925));
#4655=CARTESIAN_POINT('Ctrl Pts',(-16.2532210339859,62.3197967529378,-5.75521778276776));
#4656=CARTESIAN_POINT('Ctrl Pts',(-17.,62.9972528414981,-2.87918837638121));
#4657=CARTESIAN_POINT('Ctrl Pts',(-17.,63.6747089300584,-1.04094977927525E-14));
#4658=CARTESIAN_POINT('Ctrl Pts',(12.4982166573996,2.48137099608445,0.));
#4659=CARTESIAN_POINT('Ctrl Pts',(12.4982166573996,3.16843730942454,-2.1467759105313));
#4660=CARTESIAN_POINT('Ctrl Pts',(11.9331833025842,3.85550362276463,-4.29106078869354));
#4661=CARTESIAN_POINT('Ctrl Pts',(9.85204462374383,5.20709703903568,-7.96579371552058));
#4662=CARTESIAN_POINT('Ctrl Pts',(8.37054575158397,5.87162414196665,-9.51055290753942));
#4663=CARTESIAN_POINT('Ctrl Pts',(4.92415271207446,7.17112274957718,-11.6573756492937));
#4664=CARTESIAN_POINT('Ctrl Pts',(2.98718061570492,7.80609425425675,-12.2970906693304));
#4665=CARTESIAN_POINT('Ctrl Pts',(-0.903766361746936,9.05545838179733,-12.6124496310417));
#4666=CARTESIAN_POINT('Ctrl Pts',(-2.85212112710011,9.66985100465835,-12.3189319508039));
#4667=CARTESIAN_POINT('Ctrl Pts',(-6.35997352777538,10.87872431247,-10.9181690162397));
#4668=CARTESIAN_POINT('Ctrl Pts',(-7.92782640643211,11.4732049974206,-9.83896571854265));
#4669=CARTESIAN_POINT('Ctrl Pts',(-10.4056981467414,12.6428997582396,-7.15241974312143));
#4670=CARTESIAN_POINT('Ctrl Pts',(-11.3342131057247,13.218113834108,-5.56518421769756));
#4671=CARTESIAN_POINT('Ctrl Pts',(-12.438313921053,14.3635791935211,-2.16067351295528));
#4672=CARTESIAN_POINT('Ctrl Pts',(-12.6198041096908,14.933830477066,-0.347429793308469));
#4673=CARTESIAN_POINT('Ctrl Pts',(-12.2208715657401,16.055397455152,3.13418614771853));
#4674=CARTESIAN_POINT('Ctrl Pts',(-11.6660880002901,16.6067131496933,4.80366687066796));
#4675=CARTESIAN_POINT('Ctrl Pts',(-9.96042861822691,17.6910377191257,7.73103413591857));
#4676=CARTESIAN_POINT('Ctrl Pts',(-8.83096287223581,18.2240465940169,8.99961787070567));
#4677=CARTESIAN_POINT('Ctrl Pts',(-6.21047438394802,19.2723654147807,10.9648481116117));
#4678=CARTESIAN_POINT('Ctrl Pts',(-4.73386176280431,19.7876753606533,11.6785460993674));
#4679=CARTESIAN_POINT('Ctrl Pts',(-1.67109368478867,20.8011840285819,12.4834298685861));
#4680=CARTESIAN_POINT('Ctrl Pts',(-0.0912854337212115,21.2993827506378,
12.5944528407089));
#4681=CARTESIAN_POINT('Ctrl Pts',(2.94951150171739,22.2792371609763,12.2380841625999));
#4682=CARTESIAN_POINT('Ctrl Pts',(4.41183918992902,22.7608928492589,11.7900804506097));
#4683=CARTESIAN_POINT('Ctrl Pts',(7.0401529107128,23.7082105149501,10.4287415863559));
#4684=CARTESIAN_POINT('Ctrl Pts',(8.21377688246556,24.1738724923586,9.53185571682037));
#4685=CARTESIAN_POINT('Ctrl Pts',(10.1510472548974,25.0897338185536,7.42565728155879));
#4686=CARTESIAN_POINT('Ctrl Pts',(10.9266943559896,25.5399331673398,6.22828201714666));
#4687=CARTESIAN_POINT('Ctrl Pts',(12.5434617607593,26.850128528363,2.46728904482107));
#4688=CARTESIAN_POINT('Ctrl Pts',(12.779077823065,27.7101245405999,-0.34802035339029));
#4689=CARTESIAN_POINT('Ctrl Pts',(11.5485606233676,29.3736922267107,-5.39817561339473));
#4690=CARTESIAN_POINT('Ctrl Pts',(10.1989067255139,30.1772639005848,-7.64799673306105));
#4691=CARTESIAN_POINT('Ctrl Pts',(6.57682613216108,31.7316849108099,-10.8836951156004));
#4692=CARTESIAN_POINT('Ctrl Pts',(4.37875125818096,32.482534247161,-11.9388441132717));
#4693=CARTESIAN_POINT('Ctrl Pts',(-0.0710049965439501,33.926503659212,-12.6842657005238));
#4694=CARTESIAN_POINT('Ctrl Pts',(-2.29940728764315,34.6196237349118,-12.4743081650468));
#4695=CARTESIAN_POINT('Ctrl Pts',(-6.23074525878625,35.960937032055,-11.0220294543906));
#4696=CARTESIAN_POINT('Ctrl Pts',(-7.95495257248459,36.6091302534981,-9.85018016804077));
#4697=CARTESIAN_POINT('Ctrl Pts',(-10.5709555558602,37.863501923749,-6.93164453148735));
#4698=CARTESIAN_POINT('Ctrl Pts',(-11.5082403372202,38.4696803725563,-5.23002883506841));
#4699=CARTESIAN_POINT('Ctrl Pts',(-12.5076203368307,39.6427458230211,-1.70359839677546));
#4700=CARTESIAN_POINT('Ctrl Pts',(-12.6226793689149,40.2096328246785,0.103824550877743));
#4701=CARTESIAN_POINT('Ctrl Pts',(-12.1108005951522,41.3131375480984,3.51357677151322));
#4702=CARTESIAN_POINT('Ctrl Pts',(-11.5238940149023,41.849755269861,5.12021283914598));
#4703=CARTESIAN_POINT('Ctrl Pts',(-9.82455373769265,42.8877832246613,7.88276984603818));
#4704=CARTESIAN_POINT('Ctrl Pts',(-8.75014778204866,43.3891934576991,9.0606197570987));
#4705=CARTESIAN_POINT('Ctrl Pts',(-6.32525913622494,44.3591163983848,10.8783960289004));
#4706=CARTESIAN_POINT('Ctrl Pts',(-4.99839770166697,44.8276291060331,11.5483515584677));
#4707=CARTESIAN_POINT('Ctrl Pts',(-1.00805034245847,46.1611237685683,12.7473036111382));
#4708=CARTESIAN_POINT('Ctrl Pts',(1.83357510026267,47.0261057234557,12.6549562306302));
#4709=CARTESIAN_POINT('Ctrl Pts',(6.57011022089382,48.6439363403587,10.8890983947223));
#4710=CARTESIAN_POINT('Ctrl Pts',(8.53259460089524,49.3967850023746,9.43046348497314));
#4711=CARTESIAN_POINT('Ctrl Pts',(11.1927900506681,50.8048856088924,5.92609443053459));
#4712=CARTESIAN_POINT('Ctrl Pts',(12.0209323059711,51.4601375533943,3.98676947078822));
#4713=CARTESIAN_POINT('Ctrl Pts',(12.6229448789538,52.6856968284879,0.205060722808879));
#4714=CARTESIAN_POINT('Ctrl Pts',(12.5209400685109,53.2560041590795,-1.61457335476079));
#4715=CARTESIAN_POINT('Ctrl Pts',(11.632384593583,54.3226861346537,-4.82685120159497));
#4716=CARTESIAN_POINT('Ctrl Pts',(10.937616635617,54.8190607796366,-6.24334895610022));
#4717=CARTESIAN_POINT('Ctrl Pts',(8.41130313284148,56.1690615839161,-9.62129727783248));
#4718=CARTESIAN_POINT('Ctrl Pts',(6.11212270705893,57.0226877432135,-11.2232498731352));
#4719=CARTESIAN_POINT('Ctrl Pts',(1.65304486017959,58.5112884241793,-12.5462810049944));
#4720=CARTESIAN_POINT('Ctrl Pts',(-0.384260255510859,59.1462629458484,-12.6488761722962));
#4721=CARTESIAN_POINT('Ctrl Pts',(-3.78325821964229,60.2535667638697,-12.002933683679));
#4722=CARTESIAN_POINT('Ctrl Pts',(-5.1834425434891,60.725896060222,-11.468015659635));
#4723=CARTESIAN_POINT('Ctrl Pts',(-8.30587643645925,61.8924355051161,-9.58763886191123));
#4724=CARTESIAN_POINT('Ctrl Pts',(-9.86408091184935,62.5866456536577,-7.97560719247437));
#4725=CARTESIAN_POINT('Ctrl Pts',(-11.9491928154918,63.9583118907597,-4.23117404467944));
#4726=CARTESIAN_POINT('Ctrl Pts',(-12.4982166573996,64.63576797932,-2.11674824267523));
#4727=CARTESIAN_POINT('Ctrl Pts',(-12.4982166573996,65.3132240678803,-7.65295051226727E-15));
#4728=CARTESIAN_POINT('Ctrl Pts',(13.9988111049331,1.93519928347713,0.));
#4729=CARTESIAN_POINT('Ctrl Pts',(13.9988111049331,2.62226559681722,-2.40452788425266));
#4730=CARTESIAN_POINT('Ctrl Pts',(13.3659371982894,3.30933191015731,-4.80626565111923));
#4731=CARTESIAN_POINT('Ctrl Pts',(11.0349272592828,4.66092532642836,-8.92220422970623));
#4732=CARTESIAN_POINT('Ctrl Pts',(9.3755526915313,5.32545242935933,-10.6524344477012));
#4733=CARTESIAN_POINT('Ctrl Pts',(5.51536955693296,6.62495103696986,-13.0570147859528));
#4734=CARTESIAN_POINT('Ctrl Pts',(3.34583551572639,7.25992254164943,-13.7735369884368));
#4735=CARTESIAN_POINT('Ctrl Pts',(-1.01227678539222,8.50928666919001,-14.1267594245858));
#4736=CARTESIAN_POINT('Ctrl Pts',(-3.19456015214977,9.12367929205103,-13.7980006364931));
#4737=CARTESIAN_POINT('Ctrl Pts',(-7.1235817467599,10.3325525998626,-12.2290555412625));
#4738=CARTESIAN_POINT('Ctrl Pts',(-8.87967838760719,10.9270332848133,-11.0202780394469));
#4739=CARTESIAN_POINT('Ctrl Pts',(-11.6550550181847,12.0967280456322,-8.01117276742609));
#4740=CARTESIAN_POINT('Ctrl Pts',(-12.6950518333476,12.6719421215006,-6.23336630843077));
#4741=CARTESIAN_POINT('Ctrl Pts',(-13.9317161654092,13.8174074809138,-2.4200940979356));
#4742=CARTESIAN_POINT('Ctrl Pts',(-14.1349969163981,14.3876587644587,-0.389143842043392));
#4743=CARTESIAN_POINT('Ctrl Pts',(-13.6881666621739,15.5092257425447,3.51049122065213));
#4744=CARTESIAN_POINT('Ctrl Pts',(-13.0667731826283,16.060541437086,5.38041762091657));
#4745=CARTESIAN_POINT('Ctrl Pts',(-11.1563243439356,17.1448660065184,8.65925831510037));
#4746=CARTESIAN_POINT('Ctrl Pts',(-9.89124964879809,17.6778748814096,10.0801541565532));
#4747=CARTESIAN_POINT('Ctrl Pts',(-6.95613303530318,18.7261937021734,12.2813391475221));
#4748=CARTESIAN_POINT('Ctrl Pts',(-5.3022313847575,19.241503648046,13.0807270594485));
#4749=CARTESIAN_POINT('Ctrl Pts',(-1.87173302185901,20.2550123159746,13.9822489449768));
#4750=CARTESIAN_POINT('Ctrl Pts',(-0.102245590576999,20.7532110380305,14.1066018552885));
#4751=CARTESIAN_POINT('Ctrl Pts',(3.3036436714292,21.733065448369,13.7074458840558));
#4752=CARTESIAN_POINT('Ctrl Pts',(4.94154527306836,22.2147211366516,13.2056527474528));
#4753=CARTESIAN_POINT('Ctrl Pts',(7.88542665313488,23.1620388023428,11.6808651611206));
#4754=CARTESIAN_POINT('Ctrl Pts',(9.19996141750555,23.6277007797513,10.6762949720706));
#4755=CARTESIAN_POINT('Ctrl Pts',(11.3698295471959,24.5435621059462,8.31721648487892));
#4756=CARTESIAN_POINT('Ctrl Pts',(12.2386044732451,24.9937614547325,6.97607873637455));
#4757=CARTESIAN_POINT('Ctrl Pts',(14.0494885473809,26.3039568157557,2.76352332708778));
#4758=CARTESIAN_POINT('Ctrl Pts',(14.3133937780165,27.1639528279926,-0.389805307535483));
#4759=CARTESIAN_POINT('Ctrl Pts',(12.9351349182026,28.8275205141034,-6.04630586863997));
#4760=CARTESIAN_POINT('Ctrl Pts',(11.423435250082,29.6310921879775,-8.56625105261558));
#4761=CARTESIAN_POINT('Ctrl Pts',(7.36647069080864,31.1855131982026,-12.1904425425982));
#4762=CARTESIAN_POINT('Ctrl Pts',(4.9044846492137,31.9363625345537,-13.3722776724296));
#4763=CARTESIAN_POINT('Ctrl Pts',(-0.079530189095955,33.3803319466047,-14.2071980678368));
#4764=CARTESIAN_POINT('Ctrl Pts',(-2.57548489959689,34.0734520223044,-13.9720320469742));
#4765=CARTESIAN_POINT('Ctrl Pts',(-6.97883772634597,35.4147653194477,-12.3453859502165));
#4766=CARTESIAN_POINT('Ctrl Pts',(-8.91006144824528,36.0629585408908,-11.0328389482928));
#4767=CARTESIAN_POINT('Ctrl Pts',(-11.8401540060932,37.3173302111416,-7.76389024952485));
#4768=CARTESIAN_POINT('Ctrl Pts',(-12.889973589595,37.923508659949,-5.85797060031994));
#4769=CARTESIAN_POINT('Ctrl Pts',(-14.009343834174,39.0965741104138,-1.90814040185542));
#4770=CARTESIAN_POINT('Ctrl Pts',(-14.1382173927157,39.6634611120712,0.116290212886616));
#4771=CARTESIAN_POINT('Ctrl Pts',(-13.5648800551615,40.7669658354911,3.93543326023025));
#4772=CARTESIAN_POINT('Ctrl Pts',(-12.9075067211589,41.3035835572537,5.73496958142593));
#4773=CARTESIAN_POINT('Ctrl Pts',(-11.0041356886542,42.341611512054,8.82921212547697));
#4774=CARTESIAN_POINT('Ctrl Pts',(-9.80073152025468,42.8430217450917,10.1484802152277));
#4775=CARTESIAN_POINT('Ctrl Pts',(-7.08469938271882,43.8129446857775,12.1845072227221));
#4776=CARTESIAN_POINT('Ctrl Pts',(-5.59852874782264,44.2814573934257,12.9349007519913));
#4777=CARTESIAN_POINT('Ctrl Pts',(-1.12908158941096,45.614952055961,14.2778046053399));
#4778=CARTESIAN_POINT('Ctrl Pts',(2.05372271731977,46.4799340108484,14.1743695656695));
#4779=CARTESIAN_POINT('Ctrl Pts',(7.35894843576979,48.0977646277514,12.1964945647264));
#4780=CARTESIAN_POINT('Ctrl Pts',(9.55705788490919,48.8506132897672,10.562729113833));
#4781=CARTESIAN_POINT('Ctrl Pts',(12.536648863717,50.2587138962851,6.63760909232871));
#4782=CARTESIAN_POINT('Ctrl Pts',(13.4642217581376,50.913965840787,4.46543969194483));
#4783=CARTESIAN_POINT('Ctrl Pts',(14.1385147811338,52.1395251158806,0.229681273923427));
#4784=CARTESIAN_POINT('Ctrl Pts',(14.0242627952442,52.7098324464721,-1.80842659620345));
#4785=CARTESIAN_POINT('Ctrl Pts',(13.0290231870074,53.7765144220463,-5.40638557123604));
#4786=CARTESIAN_POINT('Ctrl Pts',(12.2508381329367,54.2728890670293,-6.99295468260931));
#4787=CARTESIAN_POINT('Ctrl Pts',(9.4212035949358,55.6228898713088,-10.7764753059423));
#4788=CARTESIAN_POINT('Ctrl Pts',(6.84597279529737,56.4765160306062,-12.5707658351774));
#4789=CARTESIAN_POINT('Ctrl Pts',(1.85151717080645,57.965116711572,-14.0526462832873));
#4790=CARTESIAN_POINT('Ctrl Pts',(-0.430396342092934,58.6000912332411,-14.1675595070461));
#4791=CARTESIAN_POINT('Ctrl Pts',(-4.23749392651167,59.7073950512623,-13.4440621369273));
#4792=CARTESIAN_POINT('Ctrl Pts',(-5.80579094031125,60.1797243476147,-12.8449193487615));
#4793=CARTESIAN_POINT('Ctrl Pts',(-9.30311887544919,61.3462637925087,-10.7387757029118));
#4794=CARTESIAN_POINT('Ctrl Pts',(-11.0484086805297,62.0404739410504,-8.93319595868041));
#4795=CARTESIAN_POINT('Ctrl Pts',(-13.3838688883232,63.4121401781524,-4.73918862404221));
#4796=CARTESIAN_POINT('Ctrl Pts',(-13.9988111049331,64.0895962667127,-2.37089495391056));
#4797=CARTESIAN_POINT('Ctrl Pts',(-13.9988111049331,64.767052355273,-8.57179960576235E-15));
#4798=CARTESIAN_POINT('Ctrl Pts',(15.4994055524665,1.38902757086981,0.));
#4799=CARTESIAN_POINT('Ctrl Pts',(15.4994055524665,2.0760938842099,-2.66227985797402));
#4800=CARTESIAN_POINT('Ctrl Pts',(14.7986910939946,2.76316019754999,-5.32147051354493));
#4801=CARTESIAN_POINT('Ctrl Pts',(12.2178098948218,4.11475361382104,-9.87861474389188));
#4802=CARTESIAN_POINT('Ctrl Pts',(10.3805596314786,4.77928071675201,-11.794315987863));
#4803=CARTESIAN_POINT('Ctrl Pts',(6.10658640179147,6.07877932436254,-14.456653922612));
#4804=CARTESIAN_POINT('Ctrl Pts',(3.70449041574787,6.71375082904211,-15.2499833075433));
#4805=CARTESIAN_POINT('Ctrl Pts',(-1.1207872090375,7.96311495658269,-15.64106921813));
#4806=CARTESIAN_POINT('Ctrl Pts',(-3.53699917719943,8.57750757944371,-15.2770693221823));
#4807=CARTESIAN_POINT('Ctrl Pts',(-7.88718996574442,9.78638088725532,-13.5399420662854));
#4808=CARTESIAN_POINT('Ctrl Pts',(-9.83153036878227,10.380861572206,-12.2015903603512));
#4809=CARTESIAN_POINT('Ctrl Pts',(-12.904411889628,11.5505563330249,-8.86992579173075));
#4810=CARTESIAN_POINT('Ctrl Pts',(-14.0558905609706,12.1257704088933,-6.90154839916398));
#4811=CARTESIAN_POINT('Ctrl Pts',(-15.4251184097653,13.2712357683065,-2.67951468291591));
#4812=CARTESIAN_POINT('Ctrl Pts',(-15.6501897231055,13.8414870518513,-0.430857890778316));
#4813=CARTESIAN_POINT('Ctrl Pts',(-15.1554617586076,14.9630540299374,3.88679629358574));
#4814=CARTESIAN_POINT('Ctrl Pts',(-14.4674583649665,15.5143697244786,5.95716837116517));
#4815=CARTESIAN_POINT('Ctrl Pts',(-12.3522200696442,16.5986942939111,9.58748249428218));
#4816=CARTESIAN_POINT('Ctrl Pts',(-10.9515364253604,17.1317031688022,11.1606904424007));
#4817=CARTESIAN_POINT('Ctrl Pts',(-7.70179168665835,18.1800219895661,13.5978301834324));
#4818=CARTESIAN_POINT('Ctrl Pts',(-5.87060100671068,18.6953319354387,14.4829080195296));
#4819=CARTESIAN_POINT('Ctrl Pts',(-2.07237235892935,19.7088406033673,15.4810680213674));
#4820=CARTESIAN_POINT('Ctrl Pts',(-0.113205747432792,20.2070393254232,15.6187508698682));
#4821=CARTESIAN_POINT('Ctrl Pts',(3.65777584114102,21.1868937357617,15.1768076055116));
#4822=CARTESIAN_POINT('Ctrl Pts',(5.4712513562077,21.6685494240442,14.6212250442959));
#4823=CARTESIAN_POINT('Ctrl Pts',(8.73070039555698,22.6158670897355,12.9329887358853));
#4824=CARTESIAN_POINT('Ctrl Pts',(10.1861459525455,23.0815290671439,11.8207342273209));
#4825=CARTESIAN_POINT('Ctrl Pts',(12.5886118394945,23.9973903933389,9.20877568819905));
#4826=CARTESIAN_POINT('Ctrl Pts',(13.5505145905005,24.4475897421252,7.72387545560245));
#4827=CARTESIAN_POINT('Ctrl Pts',(15.5555153340025,25.7577851031484,3.0597576093545));
#4828=CARTESIAN_POINT('Ctrl Pts',(15.8477097329681,26.6177811153853,-0.43159026168067));
#4829=CARTESIAN_POINT('Ctrl Pts',(14.3217092130376,28.2813488014961,-6.69443612388521));
#4830=CARTESIAN_POINT('Ctrl Pts',(12.6479637746501,29.0849204753702,-9.4845053721701));
#4831=CARTESIAN_POINT('Ctrl Pts',(8.15611524945621,30.6393414855952,-13.4971899695959));
#4832=CARTESIAN_POINT('Ctrl Pts',(5.43021804024643,31.3901908219464,-14.8057112315875));
#4833=CARTESIAN_POINT('Ctrl Pts',(-0.0880553816479548,32.8341602339974,
-15.7301304351499));
#4834=CARTESIAN_POINT('Ctrl Pts',(-2.85156251155063,33.5272803096971,-15.4697559289016));
#4835=CARTESIAN_POINT('Ctrl Pts',(-7.7269301939057,34.8685936068403,-13.6687424460424));
#4836=CARTESIAN_POINT('Ctrl Pts',(-9.86517032400597,35.5167868282834,-12.2154977285449));
#4837=CARTESIAN_POINT('Ctrl Pts',(-13.1093524563261,36.7711584985343,-8.59613596756233));
#4838=CARTESIAN_POINT('Ctrl Pts',(-14.2717068419698,37.3773369473417,-6.48591236557148));
#4839=CARTESIAN_POINT('Ctrl Pts',(-15.5110673315174,38.5504023978065,-2.11268240693537));
#4840=CARTESIAN_POINT('Ctrl Pts',(-15.6537554165165,39.1172893994639,0.128755874895486));
#4841=CARTESIAN_POINT('Ctrl Pts',(-15.0189595151707,40.2207941228837,4.35728974894728));
#4842=CARTESIAN_POINT('Ctrl Pts',(-14.2911194274156,40.7574118446464,6.34972632370589));
#4843=CARTESIAN_POINT('Ctrl Pts',(-12.1837176396158,41.7954397994466,9.77565440491575));
#4844=CARTESIAN_POINT('Ctrl Pts',(-10.8513152584607,42.2968500324844,11.2363406733567));
#4845=CARTESIAN_POINT('Ctrl Pts',(-7.84413962921269,43.2667729731702,13.4906184165437));
#4846=CARTESIAN_POINT('Ctrl Pts',(-6.19865979397832,43.7352856808185,14.3214499455149));
#4847=CARTESIAN_POINT('Ctrl Pts',(-1.25011283636343,45.0687803433537,15.8083055995415));
#4848=CARTESIAN_POINT('Ctrl Pts',(2.27387033437686,45.933762298241,15.6937829007087));
#4849=CARTESIAN_POINT('Ctrl Pts',(8.14778665064576,47.5515929151441,13.5038907347305));
#4850=CARTESIAN_POINT('Ctrl Pts',(10.5815211689231,48.3044415771599,11.6949947426929));
#4851=CARTESIAN_POINT('Ctrl Pts',(13.8805076767658,49.7125421836778,7.34912375412282));
#4852=CARTESIAN_POINT('Ctrl Pts',(14.907511210304,50.3677941281796,4.94410991310145));
#4853=CARTESIAN_POINT('Ctrl Pts',(15.6540846833138,51.5933534032733,0.254301825037977));
#4854=CARTESIAN_POINT('Ctrl Pts',(15.5275855219776,52.1636607338648,-2.0022798376461));
#4855=CARTESIAN_POINT('Ctrl Pts',(14.4256617804318,53.230342709439,-5.98591994087712));
#4856=CARTESIAN_POINT('Ctrl Pts',(13.5640596302564,53.726717354422,-7.74256040911839));
#4857=CARTESIAN_POINT('Ctrl Pts',(10.4311040570301,55.0767181587014,-11.9316533340521));
#4858=CARTESIAN_POINT('Ctrl Pts',(7.57982288353582,55.9303443179989,-13.9182817972196));
#4859=CARTESIAN_POINT('Ctrl Pts',(2.04998948143331,57.4189449989646,-15.5590115615802));
#4860=CARTESIAN_POINT('Ctrl Pts',(-0.476532428675024,58.0539195206338,-15.686242841796));
#4861=CARTESIAN_POINT('Ctrl Pts',(-4.69172963338105,59.161223338655,-14.8851905901757));
#4862=CARTESIAN_POINT('Ctrl Pts',(-6.4281393371334,59.6335526350073,-14.2218230378879));
#4863=CARTESIAN_POINT('Ctrl Pts',(-10.3003613144391,60.8000920799014,-11.8899125439124));
#4864=CARTESIAN_POINT('Ctrl Pts',(-12.2327364492101,61.4943022284431,-9.89078472488645));
#4865=CARTESIAN_POINT('Ctrl Pts',(-14.8185449611545,62.8659684655451,-5.24720320340499));
#4866=CARTESIAN_POINT('Ctrl Pts',(-15.4994055524665,63.5434245541054,-2.62504166514588));
#4867=CARTESIAN_POINT('Ctrl Pts',(-15.4994055524665,64.2208806426657,-9.49064869925743E-15));
#4868=CARTESIAN_POINT('Ctrl Pts',(17.,0.84285585826249,0.));
#4869=CARTESIAN_POINT('Ctrl Pts',(17.,1.52992217160258,-2.92003183169537));
#4870=CARTESIAN_POINT('Ctrl Pts',(16.2314449896999,2.21698848494267,-5.83667537597062));
#4871=CARTESIAN_POINT('Ctrl Pts',(13.4006925303608,3.56858190121372,-10.8350252580775));
#4872=CARTESIAN_POINT('Ctrl Pts',(11.3855665714259,4.23310900414469,-12.9361975280247));
#4873=CARTESIAN_POINT('Ctrl Pts',(6.69780324664997,5.53260761175522,-15.8562930592711));
#4874=CARTESIAN_POINT('Ctrl Pts',(4.06314531576934,6.16757911643479,-16.7264296266498));
#4875=CARTESIAN_POINT('Ctrl Pts',(-1.22929763268279,7.41694324397537,-17.1553790116741));
#4876=CARTESIAN_POINT('Ctrl Pts',(-3.87943820224909,8.03133586683639,-16.7561380078715));
#4877=CARTESIAN_POINT('Ctrl Pts',(-8.65079818472894,9.240209174648,-14.8508285913082));
#4878=CARTESIAN_POINT('Ctrl Pts',(-10.7833823499574,9.83468985959863,-13.3829026812555));
#4879=CARTESIAN_POINT('Ctrl Pts',(-14.1537687610714,11.0043846204176,-9.72867881603541));
#4880=CARTESIAN_POINT('Ctrl Pts',(-15.4167292885935,11.579598696286,-7.56973048989718));
#4881=CARTESIAN_POINT('Ctrl Pts',(-16.9185206541215,12.7250640556992,-2.93893526789623));
#4882=CARTESIAN_POINT('Ctrl Pts',(-17.1653825298129,13.295315339244,-0.472571939513238));
#4883=CARTESIAN_POINT('Ctrl Pts',(-16.6227568550414,14.4168823173301,4.26310136651934));
#4884=CARTESIAN_POINT('Ctrl Pts',(-15.8681435473047,14.9681980118713,6.53391912141377));
#4885=CARTESIAN_POINT('Ctrl Pts',(-13.5481157953528,16.0525225813037,10.515706673464));
#4886=CARTESIAN_POINT('Ctrl Pts',(-12.0118232019227,16.5855314561949,12.2412267282482));
#4887=CARTESIAN_POINT('Ctrl Pts',(-8.44745033801352,17.6338502769588,14.9143212193428));
#4888=CARTESIAN_POINT('Ctrl Pts',(-6.43897062866386,18.1491602228314,15.8850889796107));
#4889=CARTESIAN_POINT('Ctrl Pts',(-2.27301169599969,19.16266889076,16.9798870977581));
#4890=CARTESIAN_POINT('Ctrl Pts',(-0.124165904288579,19.6608676128158,17.1308998844478));
#4891=CARTESIAN_POINT('Ctrl Pts',(4.01190801085283,20.6407220231543,16.6461693269675));
#4892=CARTESIAN_POINT('Ctrl Pts',(6.00095743934705,21.1223777114369,16.036797341139));
#4893=CARTESIAN_POINT('Ctrl Pts',(9.57597413797907,22.0696953771281,14.18511231065));
#4894=CARTESIAN_POINT('Ctrl Pts',(11.1723304875855,22.5353573545366,12.9651734825711));
#4895=CARTESIAN_POINT('Ctrl Pts',(13.807394131793,23.4512186807316,10.1003348915192));
#4896=CARTESIAN_POINT('Ctrl Pts',(14.862424707756,23.9014180295179,8.47167217483034));
#4897=CARTESIAN_POINT('Ctrl Pts',(17.0615421206241,25.2116133905411,3.35599189162121));
#4898=CARTESIAN_POINT('Ctrl Pts',(17.3820256879196,26.071609402778,-0.473375215825863));
#4899=CARTESIAN_POINT('Ctrl Pts',(15.7082835078726,27.7351770888888,-7.34256637913045));
#4900=CARTESIAN_POINT('Ctrl Pts',(13.8724922992182,28.5387487627628,-10.4027596917246));
#4901=CARTESIAN_POINT('Ctrl Pts',(8.94575980810377,30.0931697729879,-14.8039373965936));
#4902=CARTESIAN_POINT('Ctrl Pts',(5.95595143127917,30.8440191093391,-16.2391447907454));
#4903=CARTESIAN_POINT('Ctrl Pts',(-0.0965805741999597,32.2879885213901,
-17.253062802463));
#4904=CARTESIAN_POINT('Ctrl Pts',(-3.12764012350436,32.9811085970898,-16.9674798108291));
#4905=CARTESIAN_POINT('Ctrl Pts',(-8.47502266146543,34.322421894233,-14.9920989418683));
#4906=CARTESIAN_POINT('Ctrl Pts',(-10.8202791997667,34.9706151156761,-13.398156508797));
#4907=CARTESIAN_POINT('Ctrl Pts',(-14.378550906559,36.224986785927,-9.42838168559983));
#4908=CARTESIAN_POINT('Ctrl Pts',(-15.6534400943446,36.8311652347344,-7.11385413082301));
#4909=CARTESIAN_POINT('Ctrl Pts',(-17.0127908288607,38.0042306851992,-2.31722441201532));
#4910=CARTESIAN_POINT('Ctrl Pts',(-17.1692934403172,38.5711176868565,0.141221536904359));
#4911=CARTESIAN_POINT('Ctrl Pts',(-16.47303897518,39.6746224102764,4.77914623766431));
#4912=CARTESIAN_POINT('Ctrl Pts',(-15.6747321336722,40.211240132039,6.96448306598584));
#4913=CARTESIAN_POINT('Ctrl Pts',(-13.3632995905774,41.2492680868393,10.7220966843545));
#4914=CARTESIAN_POINT('Ctrl Pts',(-11.9018989966667,41.7506783198771,12.3242011314857));
#4915=CARTESIAN_POINT('Ctrl Pts',(-8.60357987570658,42.7206012605629,14.7967296103654));
#4916=CARTESIAN_POINT('Ctrl Pts',(-6.79879084013399,43.1891139682112,15.7079991390386));
#4917=CARTESIAN_POINT('Ctrl Pts',(-1.37114408331592,44.5226086307464,17.3388065937431));
#4918=CARTESIAN_POINT('Ctrl Pts',(2.49401795143395,45.3875905856337,17.213196235748));
#4919=CARTESIAN_POINT('Ctrl Pts',(8.93662486552172,47.0054212025368,14.8112869047346));
#4920=CARTESIAN_POINT('Ctrl Pts',(11.6059844529371,47.7582698645526,12.8272603715528));
#4921=CARTESIAN_POINT('Ctrl Pts',(15.2243664898147,49.1663704710705,8.06063841591693));
#4922=CARTESIAN_POINT('Ctrl Pts',(16.3508006624705,49.8216224155723,5.42278013425806));
#4923=CARTESIAN_POINT('Ctrl Pts',(17.1696545854937,51.047181690666,0.278922376152525));
#4924=CARTESIAN_POINT('Ctrl Pts',(17.030908248711,51.6174890212575,-2.19613307908876));
#4925=CARTESIAN_POINT('Ctrl Pts',(15.8223003738563,52.6841709968317,-6.56545431051819));
#4926=CARTESIAN_POINT('Ctrl Pts',(14.8772811275761,53.1805456418147,-8.49216613562747));
#4927=CARTESIAN_POINT('Ctrl Pts',(11.4410045191244,54.5305464460941,-13.0868313621619));
#4928=CARTESIAN_POINT('Ctrl Pts',(8.31367297177427,55.3841726053916,-15.2657977592618));
#4929=CARTESIAN_POINT('Ctrl Pts',(2.24846179206018,56.8727732863573,-17.0653768398731));
#4930=CARTESIAN_POINT('Ctrl Pts',(-0.5226685152571,57.5077478080265,-17.2049261765459));
#4931=CARTESIAN_POINT('Ctrl Pts',(-5.14596534025043,58.6150516260477,-16.3263190434241));
#4932=CARTESIAN_POINT('Ctrl Pts',(-7.05048773395555,59.0873809224,-15.5987267270144));
#4933=CARTESIAN_POINT('Ctrl Pts',(-11.2976037534291,60.2539203672941,-13.041049384913));
#4934=CARTESIAN_POINT('Ctrl Pts',(-13.4170642178905,60.9481305158358,-10.8483734910925));
#4935=CARTESIAN_POINT('Ctrl Pts',(-16.2532210339859,62.3197967529378,-5.75521778276776));
#4936=CARTESIAN_POINT('Ctrl Pts',(-17.,62.9972528414981,-2.87918837638121));
#4937=CARTESIAN_POINT('Ctrl Pts',(-17.,63.6747089300584,-1.04094977927525E-14));
#4938=CARTESIAN_POINT('',(17.,0.84285585826249,0.));
#4939=CARTESIAN_POINT('Origin',(14.5,-7.38298311375729E-14,0.));
#4940=CARTESIAN_POINT('Ctrl Pts',(-17.,-0.842855858262633,-2.0818995585505E-15));
#4941=CARTESIAN_POINT('Ctrl Pts',(-17.,-0.155789544922545,2.92003183169537));
#4942=CARTESIAN_POINT('Ctrl Pts',(-16.2314449896999,0.531276768417543,5.83667537597062));
#4943=CARTESIAN_POINT('Ctrl Pts',(-13.4006925303608,1.8828701846886,10.8350252580775));
#4944=CARTESIAN_POINT('Ctrl Pts',(-11.3855665714259,2.54739728761957,12.9361975280247));
#4945=CARTESIAN_POINT('Ctrl Pts',(-6.69780324664997,3.8468958952301,15.8562930592711));
#4946=CARTESIAN_POINT('Ctrl Pts',(-4.06314531576935,4.48186739990967,16.7264296266498));
#4947=CARTESIAN_POINT('Ctrl Pts',(1.22929763268279,5.73123152745025,17.1553790116741));
#4948=CARTESIAN_POINT('Ctrl Pts',(3.87943820224909,6.34562415031127,16.7561380078716));
#4949=CARTESIAN_POINT('Ctrl Pts',(8.65079818472893,7.55449745812287,14.8508285913082));
#4950=CARTESIAN_POINT('Ctrl Pts',(10.7833823499574,8.14897814307351,13.3829026812555));
#4951=CARTESIAN_POINT('Ctrl Pts',(14.1537687610714,9.31867290389249,9.72867881603541));
#4952=CARTESIAN_POINT('Ctrl Pts',(15.4167292885935,9.89388697976088,7.56973048989718));
#4953=CARTESIAN_POINT('Ctrl Pts',(16.9185206541215,11.0393523391741,2.93893526789623));
#4954=CARTESIAN_POINT('Ctrl Pts',(17.1653825298129,11.6096036227189,0.47257193951324));
#4955=CARTESIAN_POINT('Ctrl Pts',(16.6227568550414,12.7311706008049,-4.26310136651934));
#4956=CARTESIAN_POINT('Ctrl Pts',(15.8681435473047,13.2824862953462,-6.53391912141377));
#4957=CARTESIAN_POINT('Ctrl Pts',(13.5481157953528,14.3668108647786,-10.515706673464));
#4958=CARTESIAN_POINT('Ctrl Pts',(12.0118232019227,14.8998197396698,-12.2412267282482));
#4959=CARTESIAN_POINT('Ctrl Pts',(8.44745033801353,15.9481385604337,-14.9143212193428));
#4960=CARTESIAN_POINT('Ctrl Pts',(6.43897062866385,16.4634485063062,-15.8850889796107));
#4961=CARTESIAN_POINT('Ctrl Pts',(2.27301169599969,17.4769571742348,-16.9798870977581));
#4962=CARTESIAN_POINT('Ctrl Pts',(0.12416590428858,17.9751558962907,-17.1308998844478));
#4963=CARTESIAN_POINT('Ctrl Pts',(-4.01190801085283,18.9550103066292,-16.6461693269675));
#4964=CARTESIAN_POINT('Ctrl Pts',(-6.00095743934704,19.4366659949118,-16.036797341139));
#4965=CARTESIAN_POINT('Ctrl Pts',(-9.57597413797907,20.383983660603,-14.18511231065));
#4966=CARTESIAN_POINT('Ctrl Pts',(-11.1723304875855,20.8496456380115,-12.9651734825711));
#4967=CARTESIAN_POINT('Ctrl Pts',(-13.807394131793,21.7655069642065,-10.1003348915192));
#4968=CARTESIAN_POINT('Ctrl Pts',(-14.862424707756,22.2157063129928,-8.47167217483034));
#4969=CARTESIAN_POINT('Ctrl Pts',(-17.0615421206241,23.525901674016,-3.35599189162122));
#4970=CARTESIAN_POINT('Ctrl Pts',(-17.3820256879196,24.3858976862528,0.473375215825863));
#4971=CARTESIAN_POINT('Ctrl Pts',(-15.7082835078726,26.0494653723637,7.34256637913045));
#4972=CARTESIAN_POINT('Ctrl Pts',(-13.8724922992182,26.8530370462377,10.4027596917246));
#4973=CARTESIAN_POINT('Ctrl Pts',(-8.94575980810377,28.4074580564628,14.8039373965936));
#4974=CARTESIAN_POINT('Ctrl Pts',(-5.95595143127917,29.1583073928139,16.2391447907454));
#4975=CARTESIAN_POINT('Ctrl Pts',(0.0965805741999574,30.6022768048649,17.253062802463));
#4976=CARTESIAN_POINT('Ctrl Pts',(3.12764012350436,31.2953968805646,16.9674798108291));
#4977=CARTESIAN_POINT('Ctrl Pts',(8.47502266146543,32.6367101777079,14.9920989418683));
#4978=CARTESIAN_POINT('Ctrl Pts',(10.8202791997666,33.284903399151,13.398156508797));
#4979=CARTESIAN_POINT('Ctrl Pts',(14.378550906559,34.5392750694019,9.42838168559984));
#4980=CARTESIAN_POINT('Ctrl Pts',(15.6534400943446,35.1454535182092,7.11385413082301));
#4981=CARTESIAN_POINT('Ctrl Pts',(17.0127908288607,36.3185189686741,2.31722441201533));
#4982=CARTESIAN_POINT('Ctrl Pts',(17.1692934403172,36.8854059703314,-0.141221536904357));
#4983=CARTESIAN_POINT('Ctrl Pts',(16.47303897518,37.9889106937513,-4.77914623766431));
#4984=CARTESIAN_POINT('Ctrl Pts',(15.6747321336723,38.5255284155139,-6.96448306598584));
#4985=CARTESIAN_POINT('Ctrl Pts',(13.3632995905774,39.5635563703142,-10.7220966843545));
#4986=CARTESIAN_POINT('Ctrl Pts',(11.9018989966667,40.064966603352,-12.3242011314857));
#4987=CARTESIAN_POINT('Ctrl Pts',(8.60357987570658,41.0348895440377,-14.7967296103654));
#4988=CARTESIAN_POINT('Ctrl Pts',(6.79879084013401,41.503402251686,-15.7079991390386));
#4989=CARTESIAN_POINT('Ctrl Pts',(1.37114408331592,42.8368969142212,-17.3388065937431));
#4990=CARTESIAN_POINT('Ctrl Pts',(-2.49401795143395,43.7018788691086,-17.213196235748));
#4991=CARTESIAN_POINT('Ctrl Pts',(-8.93662486552173,45.3197094860117,-14.8112869047346));
#4992=CARTESIAN_POINT('Ctrl Pts',(-11.6059844529371,46.0725581480275,-12.8272603715528));
#4993=CARTESIAN_POINT('Ctrl Pts',(-15.2243664898147,47.4806587545454,-8.06063841591694));
#4994=CARTESIAN_POINT('Ctrl Pts',(-16.3508006624705,48.1359106990472,-5.42278013425806));
#4995=CARTESIAN_POINT('Ctrl Pts',(-17.1696545854938,49.3614699741409,-0.27892237615253));
#4996=CARTESIAN_POINT('Ctrl Pts',(-17.0309082487111,49.9317773047324,2.19613307908876));
#4997=CARTESIAN_POINT('Ctrl Pts',(-15.8223003738563,50.9984592803066,6.56545431051818));
#4998=CARTESIAN_POINT('Ctrl Pts',(-14.8772811275762,51.4948339252895,8.49216613562749));
#4999=CARTESIAN_POINT('Ctrl Pts',(-11.4410045191244,52.844834729569,13.0868313621619));
#5000=CARTESIAN_POINT('Ctrl Pts',(-8.31367297177428,53.6984608888665,15.2657977592618));
#5001=CARTESIAN_POINT('Ctrl Pts',(-2.24846179206017,55.1870615698322,17.0653768398731));
#5002=CARTESIAN_POINT('Ctrl Pts',(0.522668515257098,55.8220360915013,17.2049261765459));
#5003=CARTESIAN_POINT('Ctrl Pts',(5.14596534025043,56.9293399095226,16.3263190434241));
#5004=CARTESIAN_POINT('Ctrl Pts',(7.05048773395555,57.4016692058749,15.5987267270144));
#5005=CARTESIAN_POINT('Ctrl Pts',(11.2976037534291,58.5682086507689,13.041049384913));
#5006=CARTESIAN_POINT('Ctrl Pts',(13.4170642178905,59.2624187993107,10.8483734910925));
#5007=CARTESIAN_POINT('Ctrl Pts',(16.2532210339859,60.6340850364126,5.75521778276777));
#5008=CARTESIAN_POINT('Ctrl Pts',(17.,61.3115411249729,2.87918837638121));
#5009=CARTESIAN_POINT('Ctrl Pts',(17.,61.9889972135332,1.2491397351303E-14));
#5010=CARTESIAN_POINT('Ctrl Pts',(-15.4996744249138,-1.38892970930233,-1.89816266722968E-15));
#5011=CARTESIAN_POINT('Ctrl Pts',(-15.4996744249138,-0.701863395962246,
2.66232604127429));
#5012=CARTESIAN_POINT('Ctrl Pts',(-14.7989478109557,-0.0147970826221597,
5.32156282655623));
#5013=CARTESIAN_POINT('Ctrl Pts',(-12.2180218405274,1.3367963336489,9.87878611093643));
#5014=CARTESIAN_POINT('Ctrl Pts',(-10.3807397058991,2.00132343657986,11.7945205871034));
#5015=CARTESIAN_POINT('Ctrl Pts',(-6.10669233442384,3.3008220441904,14.4569047061602));
#5016=CARTESIAN_POINT('Ctrl Pts',(-3.70455467856109,3.93579354886997,15.2502478531943));
#5017=CARTESIAN_POINT('Ctrl Pts',(1.1208066516412,5.18515767641055,15.6413405480558));
#5018=CARTESIAN_POINT('Ctrl Pts',(3.5370605344961,5.79955029927157,15.2773343377019));
#5019=CARTESIAN_POINT('Ctrl Pts',(7.8873267869961,7.00842360708317,13.5401769473811));
#5020=CARTESIAN_POINT('Ctrl Pts',(9.83170091904123,7.60290429203381,12.2018020246921));
#5021=CARTESIAN_POINT('Ctrl Pts',(12.9046357460071,8.77259905285278,8.87007966077087));
#5022=CARTESIAN_POINT('Ctrl Pts',(14.0561343923666,9.34781312872118,6.90166812222056));
#5023=CARTESIAN_POINT('Ctrl Pts',(15.4253859935331,10.4932784881344,2.67956116519343));
#5024=CARTESIAN_POINT('Ctrl Pts',(15.6504612112472,11.0635297716792,0.430865364988545));
#5025=CARTESIAN_POINT('Ctrl Pts',(15.1557246645674,12.1850967497652,-3.88686371890911));
#5026=CARTESIAN_POINT('Ctrl Pts',(14.4677093359424,12.7364124443065,-5.9572717118019));
#5027=CARTESIAN_POINT('Ctrl Pts',(12.3524343470001,13.8207370137389,-9.58764881097559));
#5028=CARTESIAN_POINT('Ctrl Pts',(10.9517264046722,14.3537458886301,-11.1608840499647));
#5029=CARTESIAN_POINT('Ctrl Pts',(7.70192529175516,15.402064709394,-13.5980660687292));
#5030=CARTESIAN_POINT('Ctrl Pts',(5.87070284563954,15.9173746552665,-14.4831592585148));
#5031=CARTESIAN_POINT('Ctrl Pts',(2.07240830894214,16.9308833231951,-15.4813365757085));
#5032=CARTESIAN_POINT('Ctrl Pts',(0.113207711244001,17.429082045251,-15.6190218126315));
#5033=CARTESIAN_POINT('Ctrl Pts',(-3.65783929358367,18.4089364555895,-15.1770708817637));
#5034=CARTESIAN_POINT('Ctrl Pts',(-5.47134626750844,18.8905921438721,-14.6214786827046));
#5035=CARTESIAN_POINT('Ctrl Pts',(-8.73085184941589,19.8379098095633,-12.9332130879948));
#5036=CARTESIAN_POINT('Ctrl Pts',(-10.1863226544185,20.3035717869718,-11.8209392848458));
#5037=CARTESIAN_POINT('Ctrl Pts',(-12.5888302176033,21.2194331131668,-9.20893543536144));
#5038=CARTESIAN_POINT('Ctrl Pts',(-13.5507496550007,21.6696324619531,-7.72400944379245));
#5039=CARTESIAN_POINT('Ctrl Pts',(-15.5557851798016,22.9798278229763,-3.05981068781055));
#5040=CARTESIAN_POINT('Ctrl Pts',(-15.8479846475437,23.8398238352131,0.431597748595539));
#5041=CARTESIAN_POINT('Ctrl Pts',(-14.3219576556628,25.503391521324,6.69455225410824));
#5042=CARTESIAN_POINT('Ctrl Pts',(-12.6481831823533,26.306963195198,9.48466990249108));
#5043=CARTESIAN_POINT('Ctrl Pts',(-8.15625673582869,27.8613842054231,13.4974241090593));
#5044=CARTESIAN_POINT('Ctrl Pts',(-5.43031223973097,28.6122335417742,14.8059680703288));
#5045=CARTESIAN_POINT('Ctrl Pts',(0.0880569091688559,30.0562029538252,15.7304033100451));
#5046=CARTESIAN_POINT('Ctrl Pts',(2.8516119783891,30.7493230295249,15.4700242870087));
#5047=CARTESIAN_POINT('Ctrl Pts',(7.7270642350871,32.0906363266682,13.6689795614737));
#5048=CARTESIAN_POINT('Ctrl Pts',(9.86534145782645,32.7388295481113,12.2157096341407));
#5049=CARTESIAN_POINT('Ctrl Pts',(13.1095798678655,33.9932012183622,8.59628508709514));
#5050=CARTESIAN_POINT('Ctrl Pts',(14.2719544171902,34.5993796671695,6.48602487847558));
#5051=CARTESIAN_POINT('Ctrl Pts',(15.5113364062647,35.7724451176343,2.11271905621764));
#5052=CARTESIAN_POINT('Ctrl Pts',(15.6540269665132,36.3393321192917,-0.128758108459028));
#5053=CARTESIAN_POINT('Ctrl Pts',(15.0192200531886,37.4428368427116,-4.35736533604991));
#5054=CARTESIAN_POINT('Ctrl Pts',(14.2913673393914,37.9794545644742,-6.3498364741533));
#5055=CARTESIAN_POINT('Ctrl Pts',(12.1839289939137,39.0174825192745,-9.77582398587901));
#5056=CARTESIAN_POINT('Ctrl Pts',(10.8515034992084,39.5188927523123,-11.2365355932461));
#5057=CARTESIAN_POINT('Ctrl Pts',(7.84427570365837,40.488815692998,-13.4908524420085));
#5058=CARTESIAN_POINT('Ctrl Pts',(6.19876732383314,40.9573284006463,-14.3216983836426));
#5059=CARTESIAN_POINT('Ctrl Pts',(1.25013452241433,42.2908230631815,-15.8085798305627));
#5060=CARTESIAN_POINT('Ctrl Pts',(-2.27390977983039,43.1558050180689,-15.6940551450733));
#5061=CARTESIAN_POINT('Ctrl Pts',(-8.14792799253976,44.773635634972,-13.5041249904339));
#5062=CARTESIAN_POINT('Ctrl Pts',(-10.5817047294786,45.5264842969878,-11.6951976189805));
#5063=CARTESIAN_POINT('Ctrl Pts',(-13.8807484657468,46.9345849035057,-7.34925124139209));
#5064=CARTESIAN_POINT('Ctrl Pts',(-14.9077698149975,47.5898368480075,-4.94419567993472));
#5065=CARTESIAN_POINT('Ctrl Pts',(-15.6543562390224,48.8153961231012,-0.254306236481623));
#5066=CARTESIAN_POINT('Ctrl Pts',(-15.5278548832706,49.3857034536926,2.00231457174466));
#5067=CARTESIAN_POINT('Ctrl Pts',(-14.4259120263508,50.4523854292669,5.98602378027522));
#5068=CARTESIAN_POINT('Ctrl Pts',(-13.5642949297262,50.9487600742498,7.74269472144144));
#5069=CARTESIAN_POINT('Ctrl Pts',(-10.4312850082586,52.2987608785293,11.9318603157212));
#5070=CARTESIAN_POINT('Ctrl Pts',(-7.57995437280629,53.1523870378267,13.9185232414786));
#5071=CARTESIAN_POINT('Ctrl Pts',(-2.05002504316417,54.6409877187925,15.5592814680293));
#5072=CARTESIAN_POINT('Ctrl Pts',(0.47654069521401,55.2759622404616,15.6865149553611));
#5073=CARTESIAN_POINT('Ctrl Pts',(4.69181102210425,56.3832660584829,14.8854488076672));
#5074=CARTESIAN_POINT('Ctrl Pts',(6.4282508478329,56.8555953548352,14.2220697477602));
#5075=CARTESIAN_POINT('Ctrl Pts',(10.3005399976373,58.0221347997292,11.8901188014926));
#5076=CARTESIAN_POINT('Ctrl Pts',(12.2329486538508,58.716344948271,9.89095630304699));
#5077=CARTESIAN_POINT('Ctrl Pts',(14.818802022526,60.0880111853729,5.24729422808087));
#5078=CARTESIAN_POINT('Ctrl Pts',(15.4996744249138,60.7654672739332,2.62508720246499));
#5079=CARTESIAN_POINT('Ctrl Pts',(15.4996744249138,61.4429233624935,1.13889760033781E-14));
#5080=CARTESIAN_POINT('Ctrl Pts',(-13.9993488498276,-1.93500356034204,-1.71442577590885E-15));
#5081=CARTESIAN_POINT('Ctrl Pts',(-13.9993488498276,-1.24793724700195,2.40462025085321));
#5082=CARTESIAN_POINT('Ctrl Pts',(-13.3664506322114,-0.56087093366186,4.80645027714185));
#5083=CARTESIAN_POINT('Ctrl Pts',(-11.0353511506941,0.790722482609194,8.92254696379533));
#5084=CARTESIAN_POINT('Ctrl Pts',(-9.37591284037218,1.45524958554016,10.6528436461821));
#5085=CARTESIAN_POINT('Ctrl Pts',(-5.51558142219769,2.7547481931507,13.0575163530492));
#5086=CARTESIAN_POINT('Ctrl Pts',(-3.34596404135283,3.38971969783027,13.7740660797389));
#5087=CARTESIAN_POINT('Ctrl Pts',(1.01231567059962,4.63908382537085,14.1273020844374));
#5088=CARTESIAN_POINT('Ctrl Pts',(3.19468286674312,5.25347644823186,13.7985306675323));
#5089=CARTESIAN_POINT('Ctrl Pts',(7.12385538926327,6.46234975604347,12.229525303454));
#5090=CARTESIAN_POINT('Ctrl Pts',(8.88001948812509,7.0568304409941,11.0207013681287));
#5091=CARTESIAN_POINT('Ctrl Pts',(11.6555027309429,8.22652520181308,8.01148050550632));
#5092=CARTESIAN_POINT('Ctrl Pts',(12.6955394961397,8.80173927768147,6.23360575454394));
#5093=CARTESIAN_POINT('Ctrl Pts',(13.9322513329447,9.94720463709466,2.42018706249064));
#5094=CARTESIAN_POINT('Ctrl Pts',(14.1355398926816,10.5174559206395,0.389158790463852));
#5095=CARTESIAN_POINT('Ctrl Pts',(13.6886924740934,11.6390228987255,-3.51062607129888));
#5096=CARTESIAN_POINT('Ctrl Pts',(13.06727512458,12.1903385932668,-5.38062430219002));
#5097=CARTESIAN_POINT('Ctrl Pts',(11.1567528986473,13.2746631626992,-8.6595909484872));
#5098=CARTESIAN_POINT('Ctrl Pts',(9.89162960742167,13.8076720375904,-10.0805413716812));
#5099=CARTESIAN_POINT('Ctrl Pts',(6.95640024549679,14.8559908583543,-12.2818109181157));
#5100=CARTESIAN_POINT('Ctrl Pts',(5.30243506261523,15.3713008042268,-13.0812295374189));
#5101=CARTESIAN_POINT('Ctrl Pts',(1.87180492188459,16.3848094721554,-13.982786053659));
#5102=CARTESIAN_POINT('Ctrl Pts',(0.102249518199418,16.8830081942113,-14.1071437408151));
#5103=CARTESIAN_POINT('Ctrl Pts',(-3.30377057631451,17.8628626045498,-13.7079724365599));
#5104=CARTESIAN_POINT('Ctrl Pts',(-4.94173509566985,18.3445182928324,-13.2061600242702));
#5105=CARTESIAN_POINT('Ctrl Pts',(-7.88572956085271,19.2918359585236,-11.6813138653396));
#5106=CARTESIAN_POINT('Ctrl Pts',(-9.20031482125141,19.7574979359321,-10.6767050871204));
#5107=CARTESIAN_POINT('Ctrl Pts',(-11.3702663034137,20.6733592621271,-8.31753597920369));
#5108=CARTESIAN_POINT('Ctrl Pts',(-12.2390746022455,21.1235586109133,-6.97634671275456));
#5109=CARTESIAN_POINT('Ctrl Pts',(-14.050028238979,22.4337539719366,-2.7636294839999));
#5110=CARTESIAN_POINT('Ctrl Pts',(-14.3139436071677,23.2937499841734,0.389820281365219));
#5111=CARTESIAN_POINT('Ctrl Pts',(-12.9356318034531,24.9573176702843,6.04653812908603));
#5112=CARTESIAN_POINT('Ctrl Pts',(-11.4238740654884,25.7608893441583,8.56658011325754));
#5113=CARTESIAN_POINT('Ctrl Pts',(-7.36675366355361,27.3153103543834,12.1909108215249));
#5114=CARTESIAN_POINT('Ctrl Pts',(-4.90467304818277,28.0661596907345,13.3727913499121));
#5115=CARTESIAN_POINT('Ctrl Pts',(0.0795332441377582,29.5101291027855,14.2077438176273));
#5116=CARTESIAN_POINT('Ctrl Pts',(2.57558383327384,30.2032491784853,13.9725687631884));
#5117=CARTESIAN_POINT('Ctrl Pts',(6.97910580870876,31.5445624756285,12.3458601810792));
#5118=CARTESIAN_POINT('Ctrl Pts',(8.91040371588627,32.1927556970716,11.0332627594845));
#5119=CARTESIAN_POINT('Ctrl Pts',(11.840608829172,33.4471273673225,7.76418848859045));
#5120=CARTESIAN_POINT('Ctrl Pts',(12.8904687400358,34.0533058161298,5.85819562612814));
#5121=CARTESIAN_POINT('Ctrl Pts',(14.0098819836687,35.2263712665947,1.90821370041995));
#5122=CARTESIAN_POINT('Ctrl Pts',(14.1387604927092,35.793258268252,-0.116294680013701));
#5123=CARTESIAN_POINT('Ctrl Pts',(13.5654011311971,36.8967629916719,-3.93558443443551));
#5124=CARTESIAN_POINT('Ctrl Pts',(12.9080025451106,37.4333807134345,-5.73518988232074));
#5125=CARTESIAN_POINT('Ctrl Pts',(11.00455839725,38.4714086682348,-8.82955128740348));
#5126=CARTESIAN_POINT('Ctrl Pts',(9.80110800175003,38.9728189012726,-10.1488700550064));
#5127=CARTESIAN_POINT('Ctrl Pts',(7.08497153161016,39.9427418419584,-12.1849752736517));
#5128=CARTESIAN_POINT('Ctrl Pts',(5.59874380753226,40.4112545496066,-12.9353976282466));
#5129=CARTESIAN_POINT('Ctrl Pts',(1.12912496151275,41.7447492121419,-14.2783530673824));
#5130=CARTESIAN_POINT('Ctrl Pts',(-2.05380160822684,42.6097311670292,-14.1749140543985));
#5131=CARTESIAN_POINT('Ctrl Pts',(-7.35923111955778,44.2275617839323,-12.1969630761331));
#5132=CARTESIAN_POINT('Ctrl Pts',(-9.55742500602011,44.9804104459481,-10.5631348664081));
#5133=CARTESIAN_POINT('Ctrl Pts',(-12.5371304416789,46.3885110524659,-6.63786406686723));
#5134=CARTESIAN_POINT('Ctrl Pts',(-13.4647389675245,47.0437629969678,-4.46561122561138));
#5135=CARTESIAN_POINT('Ctrl Pts',(-14.1390578925511,48.2693222720615,-0.229690096810712));
#5136=CARTESIAN_POINT('Ctrl Pts',(-14.0248015178301,48.839629602653,1.80849606440057));
#5137=CARTESIAN_POINT('Ctrl Pts',(-13.0295236788454,49.9063115782272,5.40659325003225));
#5138=CARTESIAN_POINT('Ctrl Pts',(-12.2513087318762,50.4026862232101,6.99322330725539));
#5139=CARTESIAN_POINT('Ctrl Pts',(-9.42156549739273,51.7526870274896,10.7768892692805));
#5140=CARTESIAN_POINT('Ctrl Pts',(-6.84623577383829,52.606313186787,12.5712487236954));
#5141=CARTESIAN_POINT('Ctrl Pts',(-1.85158829426817,54.0949138677528,14.0531860961854));
#5142=CARTESIAN_POINT('Ctrl Pts',(0.43041287517091,54.7298883894219,14.1681037341763));
#5143=CARTESIAN_POINT('Ctrl Pts',(4.23765670395809,55.8371922074432,13.4445785719104));
#5144=CARTESIAN_POINT('Ctrl Pts',(5.80601396171025,56.3095215037955,12.8454127685061));
#5145=CARTESIAN_POINT('Ctrl Pts',(9.30347624184559,57.4760609486895,10.7391882180722));
#5146=CARTESIAN_POINT('Ctrl Pts',(11.0488330898111,58.1702710972312,8.93353911500151));
#5147=CARTESIAN_POINT('Ctrl Pts',(13.3843830110661,59.5419373343333,4.73937067339395));
#5148=CARTESIAN_POINT('Ctrl Pts',(13.9993488498276,60.2193934228935,2.37098602854879));
#5149=CARTESIAN_POINT('Ctrl Pts',(13.9993488498276,60.8968495114538,1.02865546554531E-14));
#5150=CARTESIAN_POINT('Ctrl Pts',(-12.4990232747414,-2.48107741138174,-1.53068888458803E-15));
#5151=CARTESIAN_POINT('Ctrl Pts',(-12.4990232747414,-1.79401109804165,2.14691446043213));
#5152=CARTESIAN_POINT('Ctrl Pts',(-11.9339534534672,-1.10694478470156,4.29133772772746));
#5153=CARTESIAN_POINT('Ctrl Pts',(-9.85268046086073,0.244648631569493,7.96630781665423));
#5154=CARTESIAN_POINT('Ctrl Pts',(-8.37108597484531,0.90917573450046,9.51116670526078));
#5155=CARTESIAN_POINT('Ctrl Pts',(-4.92447050997156,2.20867434211099,11.6581279999383));
#5156=CARTESIAN_POINT('Ctrl Pts',(-2.98737340414456,2.84364584679056,12.2978843062835));
#5157=CARTESIAN_POINT('Ctrl Pts',(0.903824689558039,4.09300997433115,12.6132636208191));
#5158=CARTESIAN_POINT('Ctrl Pts',(2.85230519899013,4.70740259719216,12.3197269973627));
#5159=CARTESIAN_POINT('Ctrl Pts',(6.36038399153044,5.91627590500377,10.9188736595268));
#5160=CARTESIAN_POINT('Ctrl Pts',(7.92833805720897,6.5107565899544,9.83960071156537));
#5161=CARTESIAN_POINT('Ctrl Pts',(10.4063697158787,7.68045135077338,7.15288135024177));
#5162=CARTESIAN_POINT('Ctrl Pts',(11.3349445999128,8.25566542664177,5.56554338686732));
#5163=CARTESIAN_POINT('Ctrl Pts',(12.4391166723563,9.40113078605496,2.16081295978784));
#5164=CARTESIAN_POINT('Ctrl Pts',(12.6206185741159,9.9713820695998,0.347452215939157));
#5165=CARTESIAN_POINT('Ctrl Pts',(12.2216602836194,11.0929490476858,-3.13438842368865));
#5166=CARTESIAN_POINT('Ctrl Pts',(11.6668409132176,11.6442647422271,-4.80397689257815));
#5167=CARTESIAN_POINT('Ctrl Pts',(9.96107145029451,12.7285893116595,-7.73153308599881));
#5168=CARTESIAN_POINT('Ctrl Pts',(8.83153281017118,13.2615981865507,-9.00019869339766));
#5169=CARTESIAN_POINT('Ctrl Pts',(6.21087519923842,14.3099170073146,-10.9655557675021));
#5170=CARTESIAN_POINT('Ctrl Pts',(4.73416727959092,14.8252269531871,-11.6792998163231));
#5171=CARTESIAN_POINT('Ctrl Pts',(1.67120153482703,15.8387356211157,-12.4842355316094));
#5172=CARTESIAN_POINT('Ctrl Pts',(0.0912913251548393,16.3369343431716,-12.5952656689987));
#5173=CARTESIAN_POINT('Ctrl Pts',(-2.94970185904535,17.3167887535101,-12.238873991356));
#5174=CARTESIAN_POINT('Ctrl Pts',(-4.41212392383125,17.7984444417927,-11.7908413658357));
#5175=CARTESIAN_POINT('Ctrl Pts',(-7.04060727228954,18.7457621074839,-10.4294146426844));
#5176=CARTESIAN_POINT('Ctrl Pts',(-8.21430698808435,19.2114240848924,-9.5324708893951));
#5177=CARTESIAN_POINT('Ctrl Pts',(-10.151702389224,20.1272854110874,-7.42613652304594));
#5178=CARTESIAN_POINT('Ctrl Pts',(-10.9273995494902,20.5774847598736,-6.22868398171668));
#5179=CARTESIAN_POINT('Ctrl Pts',(-12.5442712981565,21.8876801208969,-2.46744828018923));
#5180=CARTESIAN_POINT('Ctrl Pts',(-12.7799025667918,22.7476761331337,0.348042814134895));
#5181=CARTESIAN_POINT('Ctrl Pts',(-11.5493059512433,24.4112438192446,5.39852400406383));
#5182=CARTESIAN_POINT('Ctrl Pts',(-10.1995649486235,25.2148154931186,7.64849032402399));
#5183=CARTESIAN_POINT('Ctrl Pts',(-6.57725059127853,26.7692365033437,10.8843975339905));
#5184=CARTESIAN_POINT('Ctrl Pts',(-4.37903385663457,27.5200858396948,11.9396146294954));
#5185=CARTESIAN_POINT('Ctrl Pts',(0.0710095791066568,28.9640552517458,12.6850843252094));
#5186=CARTESIAN_POINT('Ctrl Pts',(2.29955568815859,29.6571753274456,12.4751132393681));
#5187=CARTESIAN_POINT('Ctrl Pts',(6.23114738233043,30.9984886245888,11.0227408006846));
#5188=CARTESIAN_POINT('Ctrl Pts',(7.95546597394608,31.6466818460319,9.85081588482829));
#5189=CARTESIAN_POINT('Ctrl Pts',(10.5716377904785,32.9010535162828,6.93209189008576));
#5190=CARTESIAN_POINT('Ctrl Pts',(11.5089830628813,33.5072319650901,5.2303663737807));
#5191=CARTESIAN_POINT('Ctrl Pts',(12.5084275610728,34.680297415555,1.70370834462226));
#5192=CARTESIAN_POINT('Ctrl Pts',(12.6234940189053,35.2471844172123,-0.103831251568371));
#5193=CARTESIAN_POINT('Ctrl Pts',(12.1115822092057,36.3506891406322,-3.51380353282111));
#5194=CARTESIAN_POINT('Ctrl Pts',(11.5246377508298,36.8873068623948,-5.1205432904882));
#5195=CARTESIAN_POINT('Ctrl Pts',(9.82518780058638,37.9253348171951,-7.88327858892794));
#5196=CARTESIAN_POINT('Ctrl Pts',(8.75071250429168,38.4267450502329,-9.06120451676674));
#5197=CARTESIAN_POINT('Ctrl Pts',(6.32566735956195,39.3966679909187,-10.8790981052948));
#5198=CARTESIAN_POINT('Ctrl Pts',(4.99872029123139,39.8651806985669,-11.5490968728507));
#5199=CARTESIAN_POINT('Ctrl Pts',(1.00811540061115,41.1986753611022,-12.748126304202));
#5200=CARTESIAN_POINT('Ctrl Pts',(-1.83369343662328,42.0636573159895,-12.6557729637238));
#5201=CARTESIAN_POINT('Ctrl Pts',(-6.57053424657581,43.6814879328926,-10.8898011618324));
#5202=CARTESIAN_POINT('Ctrl Pts',(-8.53314528256161,44.4343365949084,-9.4310721138357));
#5203=CARTESIAN_POINT('Ctrl Pts',(-11.193512417611,45.8424372014262,-5.92647689234238));
#5204=CARTESIAN_POINT('Ctrl Pts',(-12.0217081200515,46.4976891459281,-3.98702677128804));
#5205=CARTESIAN_POINT('Ctrl Pts',(-12.6237595460798,47.7232484210218,-0.205073957139805));
#5206=CARTESIAN_POINT('Ctrl Pts',(-12.5217481523897,48.2935557516133,1.61467755705647));
#5207=CARTESIAN_POINT('Ctrl Pts',(-11.6331353313399,49.3602377271875,4.82716271978929));
#5208=CARTESIAN_POINT('Ctrl Pts',(-10.9383225340262,49.8566123721704,6.24375189306934));
#5209=CARTESIAN_POINT('Ctrl Pts',(-8.41184598652689,51.2066131764499,9.62191822283983));
#5210=CARTESIAN_POINT('Ctrl Pts',(-6.11251717487031,52.0602393357473,11.2239742059123));
#5211=CARTESIAN_POINT('Ctrl Pts',(-1.65315154537216,53.5488400167131,12.5470907243416));
#5212=CARTESIAN_POINT('Ctrl Pts',(0.384285055127823,54.1838145383822,12.6496925129915));
#5213=CARTESIAN_POINT('Ctrl Pts',(3.78350238581192,55.2911183564035,12.0037083361536));
#5214=CARTESIAN_POINT('Ctrl Pts',(5.1837770755876,55.7634476527558,11.468755789252));
#5215=CARTESIAN_POINT('Ctrl Pts',(8.30641248605385,56.9299870976498,9.58825763465177));
#5216=CARTESIAN_POINT('Ctrl Pts',(9.86471752577136,57.6241972461915,7.97612192695602));
#5217=CARTESIAN_POINT('Ctrl Pts',(11.9499639996063,58.9958634832936,4.23144711870705));
#5218=CARTESIAN_POINT('Ctrl Pts',(12.4990232747414,59.6733195718538,2.11688485463257));
#5219=CARTESIAN_POINT('Ctrl Pts',(12.4990232747414,60.3507756604141,9.18413330752819E-15));
#5220=CARTESIAN_POINT('',(17.,61.9889972135332,1.2491397351303E-14));
#5221=CARTESIAN_POINT('Ctrl Pts',(17.,61.9889972135332,1.2491397351303E-14));
#5222=CARTESIAN_POINT('Ctrl Pts',(15.5,61.4430418621339,1.13892152320704E-14));
#5223=CARTESIAN_POINT('Ctrl Pts',(14.,60.8970865107346,1.02870331128378E-14));
#5224=CARTESIAN_POINT('Ctrl Pts',(12.5,60.3511311593353,9.18485099360515E-15));
#5225=CARTESIAN_POINT('',(-17.,-0.842855858262633,-2.0818995585505E-15));
#5226=CARTESIAN_POINT('Ctrl Pts',(-17.,-0.842855858262633,-2.0818995585505E-15));
#5227=CARTESIAN_POINT('Ctrl Pts',(-17.,-0.155789544922545,2.92003183169537));
#5228=CARTESIAN_POINT('Ctrl Pts',(-16.2314449896998,0.531276768417542,5.83667537597062));
#5229=CARTESIAN_POINT('Ctrl Pts',(-13.4006925303608,1.8828701846886,10.8350252580775));
#5230=CARTESIAN_POINT('Ctrl Pts',(-11.3855665714259,2.54739728761956,12.9361975280247));
#5231=CARTESIAN_POINT('Ctrl Pts',(-6.69780324664997,3.8468958952301,15.8562930592711));
#5232=CARTESIAN_POINT('Ctrl Pts',(-4.06314531576935,4.48186739990967,16.7264296266498));
#5233=CARTESIAN_POINT('Ctrl Pts',(1.22929763268279,5.73123152745025,17.1553790116741));
#5234=CARTESIAN_POINT('Ctrl Pts',(3.87943820224909,6.34562415031127,16.7561380078715));
#5235=CARTESIAN_POINT('Ctrl Pts',(8.65079818472893,7.55449745812287,14.8508285913082));
#5236=CARTESIAN_POINT('Ctrl Pts',(10.7833823499574,8.14897814307351,13.3829026812555));
#5237=CARTESIAN_POINT('Ctrl Pts',(14.1537687610713,9.31867290389248,9.72867881603541));
#5238=CARTESIAN_POINT('Ctrl Pts',(15.4167292885935,9.89388697976088,7.56973048989718));
#5239=CARTESIAN_POINT('Ctrl Pts',(16.9185206541215,11.0393523391741,2.93893526789623));
#5240=CARTESIAN_POINT('Ctrl Pts',(17.1653825298129,11.6096036227189,0.47257193951324));
#5241=CARTESIAN_POINT('Ctrl Pts',(16.6227568550414,12.7311706008049,-4.26310136651934));
#5242=CARTESIAN_POINT('Ctrl Pts',(15.8681435473047,13.2824862953462,-6.53391912141377));
#5243=CARTESIAN_POINT('Ctrl Pts',(13.5481157953528,14.3668108647786,-10.515706673464));
#5244=CARTESIAN_POINT('Ctrl Pts',(12.0118232019227,14.8998197396698,-12.2412267282482));
#5245=CARTESIAN_POINT('Ctrl Pts',(8.44745033801352,15.9481385604337,-14.9143212193428));
#5246=CARTESIAN_POINT('Ctrl Pts',(6.43897062866385,16.4634485063062,-15.8850889796107));
#5247=CARTESIAN_POINT('Ctrl Pts',(2.27301169599969,17.4769571742348,-16.9798870977581));
#5248=CARTESIAN_POINT('Ctrl Pts',(0.12416590428858,17.9751558962907,-17.1308998844478));
#5249=CARTESIAN_POINT('Ctrl Pts',(-4.01190801085283,18.9550103066292,-16.6461693269675));
#5250=CARTESIAN_POINT('Ctrl Pts',(-6.00095743934704,19.4366659949118,-16.036797341139));
#5251=CARTESIAN_POINT('Ctrl Pts',(-9.57597413797907,20.383983660603,-14.18511231065));
#5252=CARTESIAN_POINT('Ctrl Pts',(-11.1723304875855,20.8496456380115,-12.9651734825711));
#5253=CARTESIAN_POINT('Ctrl Pts',(-13.807394131793,21.7655069642065,-10.1003348915192));
#5254=CARTESIAN_POINT('Ctrl Pts',(-14.862424707756,22.2157063129928,-8.47167217483034));
#5255=CARTESIAN_POINT('Ctrl Pts',(-17.0615421206241,23.5259016740159,-3.35599189162121));
#5256=CARTESIAN_POINT('Ctrl Pts',(-17.3820256879196,24.3858976862528,0.473375215825863));
#5257=CARTESIAN_POINT('Ctrl Pts',(-15.7082835078726,26.0494653723636,7.34256637913045));
#5258=CARTESIAN_POINT('Ctrl Pts',(-13.8724922992182,26.8530370462377,10.4027596917246));
#5259=CARTESIAN_POINT('Ctrl Pts',(-8.94575980810376,28.4074580564628,14.8039373965936));
#5260=CARTESIAN_POINT('Ctrl Pts',(-5.95595143127917,29.1583073928139,16.2391447907454));
#5261=CARTESIAN_POINT('Ctrl Pts',(0.0965805741999582,30.6022768048649,17.253062802463));
#5262=CARTESIAN_POINT('Ctrl Pts',(3.12764012350436,31.2953968805647,16.9674798108291));
#5263=CARTESIAN_POINT('Ctrl Pts',(8.47502266146543,32.6367101777079,14.9920989418683));
#5264=CARTESIAN_POINT('Ctrl Pts',(10.8202791997666,33.284903399151,13.398156508797));
#5265=CARTESIAN_POINT('Ctrl Pts',(14.378550906559,34.5392750694019,9.42838168559983));
#5266=CARTESIAN_POINT('Ctrl Pts',(15.6534400943446,35.1454535182093,7.11385413082301));
#5267=CARTESIAN_POINT('Ctrl Pts',(17.0127908288607,36.318518968674,2.31722441201533));
#5268=CARTESIAN_POINT('Ctrl Pts',(17.1692934403172,36.8854059703314,-0.141221536904356));
#5269=CARTESIAN_POINT('Ctrl Pts',(16.47303897518,37.9889106937513,-4.77914623766431));
#5270=CARTESIAN_POINT('Ctrl Pts',(15.6747321336722,38.5255284155139,-6.96448306598584));
#5271=CARTESIAN_POINT('Ctrl Pts',(13.3632995905774,39.5635563703142,-10.7220966843545));
#5272=CARTESIAN_POINT('Ctrl Pts',(11.9018989966667,40.064966603352,-12.3242011314857));
#5273=CARTESIAN_POINT('Ctrl Pts',(8.60357987570658,41.0348895440378,-14.7967296103654));
#5274=CARTESIAN_POINT('Ctrl Pts',(6.798790840134,41.503402251686,-15.7079991390386));
#5275=CARTESIAN_POINT('Ctrl Pts',(1.37114408331592,42.8368969142212,-17.3388065937431));
#5276=CARTESIAN_POINT('Ctrl Pts',(-2.49401795143395,43.7018788691086,-17.213196235748));
#5277=CARTESIAN_POINT('Ctrl Pts',(-8.93662486552172,45.3197094860117,-14.8112869047346));
#5278=CARTESIAN_POINT('Ctrl Pts',(-11.6059844529371,46.0725581480275,-12.8272603715528));
#5279=CARTESIAN_POINT('Ctrl Pts',(-15.2243664898147,47.4806587545454,-8.06063841591694));
#5280=CARTESIAN_POINT('Ctrl Pts',(-16.3508006624705,48.1359106990472,-5.42278013425806));
#5281=CARTESIAN_POINT('Ctrl Pts',(-17.1696545854938,49.3614699741409,-0.27892237615253));
#5282=CARTESIAN_POINT('Ctrl Pts',(-17.0309082487111,49.9317773047324,2.19613307908876));
#5283=CARTESIAN_POINT('Ctrl Pts',(-15.8223003738563,50.9984592803065,6.56545431051818));
#5284=CARTESIAN_POINT('Ctrl Pts',(-14.8772811275762,51.4948339252895,8.49216613562749));
#5285=CARTESIAN_POINT('Ctrl Pts',(-11.4410045191244,52.8448347295689,13.0868313621619));
#5286=CARTESIAN_POINT('Ctrl Pts',(-8.31367297177428,53.6984608888665,15.2657977592618));
#5287=CARTESIAN_POINT('Ctrl Pts',(-2.24846179206017,55.1870615698322,17.0653768398731));
#5288=CARTESIAN_POINT('Ctrl Pts',(0.522668515257097,55.8220360915013,17.2049261765459));
#5289=CARTESIAN_POINT('Ctrl Pts',(5.14596534025042,56.9293399095225,16.3263190434241));
#5290=CARTESIAN_POINT('Ctrl Pts',(7.05048773395554,57.4016692058749,15.5987267270144));
#5291=CARTESIAN_POINT('Ctrl Pts',(11.2976037534291,58.568208650769,13.0410493849131));
#5292=CARTESIAN_POINT('Ctrl Pts',(13.4170642178905,59.2624187993107,10.8483734910925));
#5293=CARTESIAN_POINT('Ctrl Pts',(16.2532210339859,60.6340850364127,5.75521778276776));
#5294=CARTESIAN_POINT('Ctrl Pts',(17.,61.3115411249729,2.87918837638121));
#5295=CARTESIAN_POINT('Ctrl Pts',(17.,61.9889972135332,1.2491397351303E-14));
#5296=CARTESIAN_POINT('',(-12.,-2.66270702959365,-1.46957615897682E-15));
#5297=CARTESIAN_POINT('Origin',(0.,62.8318530717959,0.));
#5298=CARTESIAN_POINT('',(17.,63.6747089300584,1.2491397351303E-14));
#5299=CARTESIAN_POINT('Ctrl Pts',(12.5,65.3125749842563,9.18485099360515E-15));
#5300=CARTESIAN_POINT('Ctrl Pts',(14.,64.766619632857,1.02870331128378E-14));
#5301=CARTESIAN_POINT('Ctrl Pts',(15.5,64.2206642814577,1.13892152320704E-14));
#5302=CARTESIAN_POINT('Ctrl Pts',(17.,63.6747089300584,1.2491397351303E-14));
#5303=CARTESIAN_POINT('Ctrl Pts',(17.,63.6747089300584,1.2491397351303E-14));
#5304=CARTESIAN_POINT('Ctrl Pts',(17.,63.11280502455,1.2491397351303E-14));
#5305=CARTESIAN_POINT('Ctrl Pts',(17.,62.5509011190416,1.2491397351303E-14));
#5306=CARTESIAN_POINT('Ctrl Pts',(17.,61.9889972135332,1.2491397351303E-14));
#5307=CARTESIAN_POINT('Ctrl Pts',(-17.,0.84285585826249,-2.0818995585505E-15));
#5308=CARTESIAN_POINT('Ctrl Pts',(-17.,1.52992217160258,2.92003183169537));
#5309=CARTESIAN_POINT('Ctrl Pts',(-16.2314449896998,2.21698848494267,5.83667537597062));
#5310=CARTESIAN_POINT('Ctrl Pts',(-13.4006925303608,3.56858190121372,10.8350252580775));
#5311=CARTESIAN_POINT('Ctrl Pts',(-11.3855665714259,4.23310900414469,12.9361975280247));
#5312=CARTESIAN_POINT('Ctrl Pts',(-6.69780324664997,5.53260761175522,15.8562930592711));
#5313=CARTESIAN_POINT('Ctrl Pts',(-4.06314531576935,6.16757911643479,16.7264296266498));
#5314=CARTESIAN_POINT('Ctrl Pts',(1.22929763268279,7.41694324397538,17.1553790116741));
#5315=CARTESIAN_POINT('Ctrl Pts',(3.87943820224909,8.03133586683639,16.7561380078715));
#5316=CARTESIAN_POINT('Ctrl Pts',(8.65079818472893,9.24020917464799,14.8508285913082));
#5317=CARTESIAN_POINT('Ctrl Pts',(10.7833823499574,9.83468985959863,13.3829026812555));
#5318=CARTESIAN_POINT('Ctrl Pts',(14.1537687610713,11.0043846204176,9.72867881603541));
#5319=CARTESIAN_POINT('Ctrl Pts',(15.4167292885935,11.579598696286,7.56973048989718));
#5320=CARTESIAN_POINT('Ctrl Pts',(16.9185206541215,12.7250640556992,2.93893526789623));
#5321=CARTESIAN_POINT('Ctrl Pts',(17.1653825298129,13.295315339244,0.47257193951324));
#5322=CARTESIAN_POINT('Ctrl Pts',(16.6227568550414,14.4168823173301,-4.26310136651934));
#5323=CARTESIAN_POINT('Ctrl Pts',(15.8681435473047,14.9681980118713,-6.53391912141377));
#5324=CARTESIAN_POINT('Ctrl Pts',(13.5481157953528,16.0525225813037,-10.515706673464));
#5325=CARTESIAN_POINT('Ctrl Pts',(12.0118232019227,16.5855314561949,-12.2412267282482));
#5326=CARTESIAN_POINT('Ctrl Pts',(8.44745033801352,17.6338502769588,-14.9143212193428));
#5327=CARTESIAN_POINT('Ctrl Pts',(6.43897062866386,18.1491602228314,-15.8850889796107));
#5328=CARTESIAN_POINT('Ctrl Pts',(2.27301169599969,19.16266889076,-16.9798870977581));
#5329=CARTESIAN_POINT('Ctrl Pts',(0.12416590428858,19.6608676128158,-17.1308998844478));
#5330=CARTESIAN_POINT('Ctrl Pts',(-4.01190801085283,20.6407220231543,-16.6461693269675));
#5331=CARTESIAN_POINT('Ctrl Pts',(-6.00095743934704,21.1223777114369,-16.036797341139));
#5332=CARTESIAN_POINT('Ctrl Pts',(-9.57597413797907,22.0696953771281,-14.18511231065));
#5333=CARTESIAN_POINT('Ctrl Pts',(-11.1723304875855,22.5353573545366,-12.9651734825711));
#5334=CARTESIAN_POINT('Ctrl Pts',(-13.807394131793,23.4512186807316,-10.1003348915192));
#5335=CARTESIAN_POINT('Ctrl Pts',(-14.862424707756,23.9014180295179,-8.47167217483034));
#5336=CARTESIAN_POINT('Ctrl Pts',(-17.0615421206241,25.2116133905411,-3.35599189162121));
#5337=CARTESIAN_POINT('Ctrl Pts',(-17.3820256879196,26.071609402778,0.473375215825863));
#5338=CARTESIAN_POINT('Ctrl Pts',(-15.7082835078726,27.7351770888888,7.34256637913045));
#5339=CARTESIAN_POINT('Ctrl Pts',(-13.8724922992182,28.5387487627628,10.4027596917246));
#5340=CARTESIAN_POINT('Ctrl Pts',(-8.94575980810376,30.0931697729879,14.8039373965936));
#5341=CARTESIAN_POINT('Ctrl Pts',(-5.95595143127917,30.844019109339,16.2391447907454));
#5342=CARTESIAN_POINT('Ctrl Pts',(0.0965805741999571,32.2879885213901,17.253062802463));
#5343=CARTESIAN_POINT('Ctrl Pts',(3.12764012350436,32.9811085970898,16.9674798108291));
#5344=CARTESIAN_POINT('Ctrl Pts',(8.47502266146542,34.322421894233,14.9920989418683));
#5345=CARTESIAN_POINT('Ctrl Pts',(10.8202791997667,34.9706151156761,13.398156508797));
#5346=CARTESIAN_POINT('Ctrl Pts',(14.378550906559,36.224986785927,9.42838168559982));
#5347=CARTESIAN_POINT('Ctrl Pts',(15.6534400943446,36.8311652347344,7.11385413082301));
#5348=CARTESIAN_POINT('Ctrl Pts',(17.0127908288607,38.0042306851992,2.31722441201532));
#5349=CARTESIAN_POINT('Ctrl Pts',(17.1692934403172,38.5711176868565,-0.141221536904356));
#5350=CARTESIAN_POINT('Ctrl Pts',(16.47303897518,39.6746224102764,-4.77914623766431));
#5351=CARTESIAN_POINT('Ctrl Pts',(15.6747321336722,40.211240132039,-6.96448306598584));
#5352=CARTESIAN_POINT('Ctrl Pts',(13.3632995905774,41.2492680868393,-10.7220966843545));
#5353=CARTESIAN_POINT('Ctrl Pts',(11.9018989966667,41.7506783198771,-12.3242011314857));
#5354=CARTESIAN_POINT('Ctrl Pts',(8.60357987570658,42.7206012605629,-14.7967296103654));
#5355=CARTESIAN_POINT('Ctrl Pts',(6.798790840134,43.1891139682111,-15.7079991390386));
#5356=CARTESIAN_POINT('Ctrl Pts',(1.37114408331593,44.5226086307464,-17.3388065937431));
#5357=CARTESIAN_POINT('Ctrl Pts',(-2.49401795143395,45.3875905856337,-17.213196235748));
#5358=CARTESIAN_POINT('Ctrl Pts',(-8.93662486552173,47.0054212025368,-14.8112869047346));
#5359=CARTESIAN_POINT('Ctrl Pts',(-11.6059844529371,47.7582698645526,-12.8272603715528));
#5360=CARTESIAN_POINT('Ctrl Pts',(-15.2243664898147,49.1663704710705,-8.06063841591694));
#5361=CARTESIAN_POINT('Ctrl Pts',(-16.3508006624705,49.8216224155723,-5.42278013425806));
#5362=CARTESIAN_POINT('Ctrl Pts',(-17.1696545854938,51.047181690666,-0.278922376152528));
#5363=CARTESIAN_POINT('Ctrl Pts',(-17.030908248711,51.6174890212575,2.19613307908876));
#5364=CARTESIAN_POINT('Ctrl Pts',(-15.8223003738563,52.6841709968317,6.56545431051818));
#5365=CARTESIAN_POINT('Ctrl Pts',(-14.8772811275761,53.1805456418147,8.49216613562748));
#5366=CARTESIAN_POINT('Ctrl Pts',(-11.4410045191244,54.5305464460941,13.0868313621619));
#5367=CARTESIAN_POINT('Ctrl Pts',(-8.31367297177427,55.3841726053916,15.2657977592618));
#5368=CARTESIAN_POINT('Ctrl Pts',(-2.24846179206018,56.8727732863573,17.0653768398731));
#5369=CARTESIAN_POINT('Ctrl Pts',(0.522668515257098,57.5077478080265,17.2049261765459));
#5370=CARTESIAN_POINT('Ctrl Pts',(5.14596534025043,58.6150516260477,16.3263190434241));
#5371=CARTESIAN_POINT('Ctrl Pts',(7.05048773395555,59.0873809224,15.5987267270144));
#5372=CARTESIAN_POINT('Ctrl Pts',(11.2976037534291,60.2539203672941,13.041049384913));
#5373=CARTESIAN_POINT('Ctrl Pts',(13.4170642178905,60.9481305158358,10.8483734910925));
#5374=CARTESIAN_POINT('Ctrl Pts',(16.2532210339859,62.3197967529378,5.75521778276777));
#5375=CARTESIAN_POINT('Ctrl Pts',(17.,62.9972528414981,2.87918837638121));
#5376=CARTESIAN_POINT('Ctrl Pts',(17.,63.6747089300584,1.2491397351303E-14));
#5377=CARTESIAN_POINT('Ctrl Pts',(-17.,0.280951952754115,-2.0818995585505E-15));
#5378=CARTESIAN_POINT('Ctrl Pts',(-17.,0.968018266094203,2.92003183169537));
#5379=CARTESIAN_POINT('Ctrl Pts',(-16.2314449896998,1.65508457943429,5.83667537597062));
#5380=CARTESIAN_POINT('Ctrl Pts',(-13.4006925303608,3.00667799570535,10.8350252580775));
#5381=CARTESIAN_POINT('Ctrl Pts',(-11.3855665714259,3.67120509863631,12.9361975280247));
#5382=CARTESIAN_POINT('Ctrl Pts',(-6.69780324664997,4.97070370624685,15.8562930592711));
#5383=CARTESIAN_POINT('Ctrl Pts',(-4.06314531576935,5.60567521092642,16.7264296266498));
#5384=CARTESIAN_POINT('Ctrl Pts',(1.22929763268279,6.855039338467,17.1553790116741));
#5385=CARTESIAN_POINT('Ctrl Pts',(3.87943820224909,7.46943196132801,16.7561380078715));
#5386=CARTESIAN_POINT('Ctrl Pts',(8.65079818472893,8.67830526913962,14.8508285913082));
#5387=CARTESIAN_POINT('Ctrl Pts',(10.7833823499574,9.27278595409026,13.3829026812555));
#5388=CARTESIAN_POINT('Ctrl Pts',(14.1537687610713,10.4424807149092,9.72867881603541));
#5389=CARTESIAN_POINT('Ctrl Pts',(15.4167292885935,11.0176947907776,7.56973048989718));
#5390=CARTESIAN_POINT('Ctrl Pts',(16.9185206541215,12.1631601501908,2.93893526789623));
#5391=CARTESIAN_POINT('Ctrl Pts',(17.1653825298129,12.7334114337357,0.47257193951324));
#5392=CARTESIAN_POINT('Ctrl Pts',(16.6227568550414,13.8549784118217,-4.26310136651934));
#5393=CARTESIAN_POINT('Ctrl Pts',(15.8681435473047,14.4062941063629,-6.53391912141377));
#5394=CARTESIAN_POINT('Ctrl Pts',(13.5481157953528,15.4906186757954,-10.515706673464));
#5395=CARTESIAN_POINT('Ctrl Pts',(12.0118232019227,16.0236275506865,-12.2412267282482));
#5396=CARTESIAN_POINT('Ctrl Pts',(8.44745033801352,17.0719463714504,-14.9143212193428));
#5397=CARTESIAN_POINT('Ctrl Pts',(6.43897062866386,17.587256317323,-15.8850889796107));
#5398=CARTESIAN_POINT('Ctrl Pts',(2.27301169599969,18.6007649852516,-16.9798870977581));
#5399=CARTESIAN_POINT('Ctrl Pts',(0.12416590428858,19.0989637073075,-17.1308998844478));
#5400=CARTESIAN_POINT('Ctrl Pts',(-4.01190801085283,20.078818117646,-16.6461693269675));
#5401=CARTESIAN_POINT('Ctrl Pts',(-6.00095743934704,20.5604738059286,-16.036797341139));
#5402=CARTESIAN_POINT('Ctrl Pts',(-9.57597413797907,21.5077914716198,-14.18511231065));
#5403=CARTESIAN_POINT('Ctrl Pts',(-11.1723304875855,21.9734534490282,-12.9651734825711));
#5404=CARTESIAN_POINT('Ctrl Pts',(-13.807394131793,22.8893147752232,-10.1003348915192));
#5405=CARTESIAN_POINT('Ctrl Pts',(-14.862424707756,23.3395141240095,-8.47167217483034));
#5406=CARTESIAN_POINT('Ctrl Pts',(-17.0615421206241,24.6497094850327,-3.35599189162122));
#5407=CARTESIAN_POINT('Ctrl Pts',(-17.3820256879196,25.5097054972696,0.473375215825864));
#5408=CARTESIAN_POINT('Ctrl Pts',(-15.7082835078726,27.1732731833804,7.34256637913045));
#5409=CARTESIAN_POINT('Ctrl Pts',(-13.8724922992182,27.9768448572545,10.4027596917246));
#5410=CARTESIAN_POINT('Ctrl Pts',(-8.94575980810376,29.5312658674795,14.8039373965936));
#5411=CARTESIAN_POINT('Ctrl Pts',(-5.95595143127917,30.2821152038307,16.2391447907454));
#5412=CARTESIAN_POINT('Ctrl Pts',(0.0965805741999574,31.7260846158817,17.253062802463));
#5413=CARTESIAN_POINT('Ctrl Pts',(3.12764012350436,32.4192046915814,16.9674798108291));
#5414=CARTESIAN_POINT('Ctrl Pts',(8.47502266146543,33.7605179887247,14.9920989418683));
#5415=CARTESIAN_POINT('Ctrl Pts',(10.8202791997667,34.4087112101677,13.398156508797));
#5416=CARTESIAN_POINT('Ctrl Pts',(14.378550906559,35.6630828804186,9.42838168559982));
#5417=CARTESIAN_POINT('Ctrl Pts',(15.6534400943446,36.269261329226,7.11385413082301));
#5418=CARTESIAN_POINT('Ctrl Pts',(17.0127908288607,37.4423267796908,2.31722441201532));
#5419=CARTESIAN_POINT('Ctrl Pts',(17.1692934403172,38.0092137813482,-0.141221536904356));
#5420=CARTESIAN_POINT('Ctrl Pts',(16.47303897518,39.112718504768,-4.77914623766431));
#5421=CARTESIAN_POINT('Ctrl Pts',(15.6747321336722,39.6493362265307,-6.96448306598584));
#5422=CARTESIAN_POINT('Ctrl Pts',(13.3632995905774,40.6873641813309,-10.7220966843545));
#5423=CARTESIAN_POINT('Ctrl Pts',(11.9018989966667,41.1887744143687,-12.3242011314857));
#5424=CARTESIAN_POINT('Ctrl Pts',(8.60357987570658,42.1586973550545,-14.7967296103654));
#5425=CARTESIAN_POINT('Ctrl Pts',(6.798790840134,42.6272100627028,-15.7079991390386));
#5426=CARTESIAN_POINT('Ctrl Pts',(1.37114408331593,43.960704725238,-17.3388065937431));
#5427=CARTESIAN_POINT('Ctrl Pts',(-2.49401795143395,44.8256866801254,-17.213196235748));
#5428=CARTESIAN_POINT('Ctrl Pts',(-8.93662486552173,46.4435172970284,-14.8112869047346));
#5429=CARTESIAN_POINT('Ctrl Pts',(-11.6059844529371,47.1963659590442,-12.8272603715528));
#5430=CARTESIAN_POINT('Ctrl Pts',(-15.2243664898147,48.6044665655621,-8.06063841591694));
#5431=CARTESIAN_POINT('Ctrl Pts',(-16.3508006624705,49.2597185100639,-5.42278013425806));
#5432=CARTESIAN_POINT('Ctrl Pts',(-17.1696545854938,50.4852777851577,-0.278922376152529));
#5433=CARTESIAN_POINT('Ctrl Pts',(-17.030908248711,51.0555851157491,2.19613307908876));
#5434=CARTESIAN_POINT('Ctrl Pts',(-15.8223003738563,52.1222670913233,6.56545431051818));
#5435=CARTESIAN_POINT('Ctrl Pts',(-14.8772811275761,52.6186417363063,8.49216613562748));
#5436=CARTESIAN_POINT('Ctrl Pts',(-11.4410045191244,53.9686425405857,13.0868313621619));
#5437=CARTESIAN_POINT('Ctrl Pts',(-8.31367297177427,54.8222686998832,15.2657977592618));
#5438=CARTESIAN_POINT('Ctrl Pts',(-2.24846179206018,56.310869380849,17.0653768398731));
#5439=CARTESIAN_POINT('Ctrl Pts',(0.522668515257097,56.9458439025181,17.2049261765459));
#5440=CARTESIAN_POINT('Ctrl Pts',(5.14596534025043,58.0531477205393,16.3263190434241));
#5441=CARTESIAN_POINT('Ctrl Pts',(7.05048773395555,58.5254770168917,15.5987267270144));
#5442=CARTESIAN_POINT('Ctrl Pts',(11.2976037534291,59.6920164617857,13.041049384913));
#5443=CARTESIAN_POINT('Ctrl Pts',(13.4170642178905,60.3862266103274,10.8483734910925));
#5444=CARTESIAN_POINT('Ctrl Pts',(16.2532210339859,61.7578928474294,5.75521778276777));
#5445=CARTESIAN_POINT('Ctrl Pts',(17.,62.4353489359897,2.87918837638121));
#5446=CARTESIAN_POINT('Ctrl Pts',(17.,63.11280502455,1.2491397351303E-14));
#5447=CARTESIAN_POINT('Ctrl Pts',(-17.,-0.280951952754259,-2.0818995585505E-15));
#5448=CARTESIAN_POINT('Ctrl Pts',(-17.,0.406114360585829,2.92003183169537));
#5449=CARTESIAN_POINT('Ctrl Pts',(-16.2314449896998,1.09318067392592,5.83667537597062));
#5450=CARTESIAN_POINT('Ctrl Pts',(-13.4006925303608,2.44477409019697,10.8350252580775));
#5451=CARTESIAN_POINT('Ctrl Pts',(-11.3855665714259,3.10930119312794,12.9361975280247));
#5452=CARTESIAN_POINT('Ctrl Pts',(-6.69780324664997,4.40879980073847,15.8562930592711));
#5453=CARTESIAN_POINT('Ctrl Pts',(-4.06314531576935,5.04377130541804,16.7264296266498));
#5454=CARTESIAN_POINT('Ctrl Pts',(1.22929763268279,6.29313543295863,17.1553790116741));
#5455=CARTESIAN_POINT('Ctrl Pts',(3.87943820224909,6.90752805581964,16.7561380078715));
#5456=CARTESIAN_POINT('Ctrl Pts',(8.65079818472893,8.11640136363124,14.8508285913082));
#5457=CARTESIAN_POINT('Ctrl Pts',(10.7833823499574,8.71088204858188,13.3829026812555));
#5458=CARTESIAN_POINT('Ctrl Pts',(14.1537687610713,9.88057680940086,9.72867881603541));
#5459=CARTESIAN_POINT('Ctrl Pts',(15.4167292885935,10.4557908852692,7.56973048989718));
#5460=CARTESIAN_POINT('Ctrl Pts',(16.9185206541215,11.6012562446824,2.93893526789623));
#5461=CARTESIAN_POINT('Ctrl Pts',(17.1653825298129,12.1715075282273,0.47257193951324));
#5462=CARTESIAN_POINT('Ctrl Pts',(16.6227568550414,13.2930745063133,-4.26310136651934));
#5463=CARTESIAN_POINT('Ctrl Pts',(15.8681435473047,13.8443902008546,-6.53391912141377));
#5464=CARTESIAN_POINT('Ctrl Pts',(13.5481157953528,14.928714770287,-10.515706673464));
#5465=CARTESIAN_POINT('Ctrl Pts',(12.0118232019227,15.4617236451782,-12.2412267282482));
#5466=CARTESIAN_POINT('Ctrl Pts',(8.44745033801352,16.510042465942,-14.9143212193428));
#5467=CARTESIAN_POINT('Ctrl Pts',(6.43897062866385,17.0253524118146,-15.8850889796107));
#5468=CARTESIAN_POINT('Ctrl Pts',(2.27301169599969,18.0388610797432,-16.9798870977581));
#5469=CARTESIAN_POINT('Ctrl Pts',(0.12416590428858,18.5370598017991,-17.1308998844478));
#5470=CARTESIAN_POINT('Ctrl Pts',(-4.01190801085283,19.5169142121376,-16.6461693269675));
#5471=CARTESIAN_POINT('Ctrl Pts',(-6.00095743934704,19.9985699004202,-16.036797341139));
#5472=CARTESIAN_POINT('Ctrl Pts',(-9.57597413797907,20.9458875661114,-14.18511231065));
#5473=CARTESIAN_POINT('Ctrl Pts',(-11.1723304875855,21.4115495435199,-12.9651734825711));
#5474=CARTESIAN_POINT('Ctrl Pts',(-13.807394131793,22.3274108697148,-10.1003348915192));
#5475=CARTESIAN_POINT('Ctrl Pts',(-14.862424707756,22.7776102185011,-8.47167217483034));
#5476=CARTESIAN_POINT('Ctrl Pts',(-17.0615421206241,24.0878055795243,-3.35599189162121));
#5477=CARTESIAN_POINT('Ctrl Pts',(-17.3820256879196,24.9478015917612,0.473375215825863));
#5478=CARTESIAN_POINT('Ctrl Pts',(-15.7082835078726,26.611369277872,7.34256637913045));
#5479=CARTESIAN_POINT('Ctrl Pts',(-13.8724922992182,27.4149409517461,10.4027596917246));
#5480=CARTESIAN_POINT('Ctrl Pts',(-8.94575980810376,28.9693619619712,14.8039373965936));
#5481=CARTESIAN_POINT('Ctrl Pts',(-5.95595143127917,29.7202112983223,16.2391447907454));
#5482=CARTESIAN_POINT('Ctrl Pts',(0.0965805741999579,31.1641807103733,17.253062802463));
#5483=CARTESIAN_POINT('Ctrl Pts',(3.12764012350436,31.857300786073,16.9674798108291));
#5484=CARTESIAN_POINT('Ctrl Pts',(8.47502266146543,33.1986140832163,14.9920989418683));
#5485=CARTESIAN_POINT('Ctrl Pts',(10.8202791997667,33.8468073046594,13.398156508797));
#5486=CARTESIAN_POINT('Ctrl Pts',(14.378550906559,35.1011789749103,9.42838168559983));
#5487=CARTESIAN_POINT('Ctrl Pts',(15.6534400943446,35.7073574237176,7.11385413082301));
#5488=CARTESIAN_POINT('Ctrl Pts',(17.0127908288607,36.8804228741824,2.31722441201532));
#5489=CARTESIAN_POINT('Ctrl Pts',(17.1692934403172,37.4473098758398,-0.141221536904356));
#5490=CARTESIAN_POINT('Ctrl Pts',(16.47303897518,38.5508145992597,-4.77914623766431));
#5491=CARTESIAN_POINT('Ctrl Pts',(15.6747321336722,39.0874323210223,-6.96448306598584));
#5492=CARTESIAN_POINT('Ctrl Pts',(13.3632995905774,40.1254602758226,-10.7220966843545));
#5493=CARTESIAN_POINT('Ctrl Pts',(11.9018989966667,40.6268705088603,-12.3242011314857));
#5494=CARTESIAN_POINT('Ctrl Pts',(8.60357987570658,41.5967934495461,-14.7967296103654));
#5495=CARTESIAN_POINT('Ctrl Pts',(6.798790840134,42.0653061571944,-15.7079991390386));
#5496=CARTESIAN_POINT('Ctrl Pts',(1.37114408331592,43.3988008197296,-17.3388065937431));
#5497=CARTESIAN_POINT('Ctrl Pts',(-2.49401795143395,44.263782774617,-17.213196235748));
#5498=CARTESIAN_POINT('Ctrl Pts',(-8.93662486552172,45.88161339152,-14.8112869047346));
#5499=CARTESIAN_POINT('Ctrl Pts',(-11.6059844529371,46.6344620535359,-12.8272603715528));
#5500=CARTESIAN_POINT('Ctrl Pts',(-15.2243664898147,48.0425626600537,-8.06063841591693));
#5501=CARTESIAN_POINT('Ctrl Pts',(-16.3508006624705,48.6978146045556,-5.42278013425806));
#5502=CARTESIAN_POINT('Ctrl Pts',(-17.1696545854938,49.9233738796493,-0.278922376152529));
#5503=CARTESIAN_POINT('Ctrl Pts',(-17.0309082487111,50.4936812102408,2.19613307908876));
#5504=CARTESIAN_POINT('Ctrl Pts',(-15.8223003738563,51.5603631858149,6.56545431051818));
#5505=CARTESIAN_POINT('Ctrl Pts',(-14.8772811275761,52.0567378307979,8.49216613562748));
#5506=CARTESIAN_POINT('Ctrl Pts',(-11.4410045191244,53.4067386350773,13.0868313621619));
#5507=CARTESIAN_POINT('Ctrl Pts',(-8.31367297177427,54.2603647943749,15.2657977592618));
#5508=CARTESIAN_POINT('Ctrl Pts',(-2.24846179206018,55.7489654753406,17.0653768398731));
#5509=CARTESIAN_POINT('Ctrl Pts',(0.522668515257098,56.3839399970097,17.2049261765459));
#5510=CARTESIAN_POINT('Ctrl Pts',(5.14596534025042,57.4912438150309,16.3263190434241));
#5511=CARTESIAN_POINT('Ctrl Pts',(7.05048773395554,57.9635731113833,15.5987267270144));
#5512=CARTESIAN_POINT('Ctrl Pts',(11.2976037534291,59.1301125562773,13.0410493849131));
#5513=CARTESIAN_POINT('Ctrl Pts',(13.4170642178905,59.824322704819,10.8483734910925));
#5514=CARTESIAN_POINT('Ctrl Pts',(16.2532210339859,61.195988941921,5.75521778276776));
#5515=CARTESIAN_POINT('Ctrl Pts',(17.,61.8734450304813,2.87918837638121));
#5516=CARTESIAN_POINT('Ctrl Pts',(17.,62.5509011190416,1.2491397351303E-14));
#5517=CARTESIAN_POINT('Ctrl Pts',(-17.,-0.842855858262633,-2.0818995585505E-15));
#5518=CARTESIAN_POINT('Ctrl Pts',(-17.,-0.155789544922545,2.92003183169537));
#5519=CARTESIAN_POINT('Ctrl Pts',(-16.2314449896998,0.531276768417542,5.83667537597062));
#5520=CARTESIAN_POINT('Ctrl Pts',(-13.4006925303608,1.8828701846886,10.8350252580775));
#5521=CARTESIAN_POINT('Ctrl Pts',(-11.3855665714259,2.54739728761956,12.9361975280247));
#5522=CARTESIAN_POINT('Ctrl Pts',(-6.69780324664997,3.8468958952301,15.8562930592711));
#5523=CARTESIAN_POINT('Ctrl Pts',(-4.06314531576935,4.48186739990967,16.7264296266498));
#5524=CARTESIAN_POINT('Ctrl Pts',(1.22929763268279,5.73123152745025,17.1553790116741));
#5525=CARTESIAN_POINT('Ctrl Pts',(3.87943820224909,6.34562415031127,16.7561380078715));
#5526=CARTESIAN_POINT('Ctrl Pts',(8.65079818472893,7.55449745812287,14.8508285913082));
#5527=CARTESIAN_POINT('Ctrl Pts',(10.7833823499574,8.14897814307351,13.3829026812555));
#5528=CARTESIAN_POINT('Ctrl Pts',(14.1537687610713,9.31867290389248,9.72867881603541));
#5529=CARTESIAN_POINT('Ctrl Pts',(15.4167292885935,9.89388697976088,7.56973048989718));
#5530=CARTESIAN_POINT('Ctrl Pts',(16.9185206541215,11.0393523391741,2.93893526789623));
#5531=CARTESIAN_POINT('Ctrl Pts',(17.1653825298129,11.6096036227189,0.47257193951324));
#5532=CARTESIAN_POINT('Ctrl Pts',(16.6227568550414,12.7311706008049,-4.26310136651934));
#5533=CARTESIAN_POINT('Ctrl Pts',(15.8681435473047,13.2824862953462,-6.53391912141377));
#5534=CARTESIAN_POINT('Ctrl Pts',(13.5481157953528,14.3668108647786,-10.515706673464));
#5535=CARTESIAN_POINT('Ctrl Pts',(12.0118232019227,14.8998197396698,-12.2412267282482));
#5536=CARTESIAN_POINT('Ctrl Pts',(8.44745033801352,15.9481385604337,-14.9143212193428));
#5537=CARTESIAN_POINT('Ctrl Pts',(6.43897062866385,16.4634485063062,-15.8850889796107));
#5538=CARTESIAN_POINT('Ctrl Pts',(2.27301169599969,17.4769571742348,-16.9798870977581));
#5539=CARTESIAN_POINT('Ctrl Pts',(0.12416590428858,17.9751558962907,-17.1308998844478));
#5540=CARTESIAN_POINT('Ctrl Pts',(-4.01190801085283,18.9550103066292,-16.6461693269675));
#5541=CARTESIAN_POINT('Ctrl Pts',(-6.00095743934704,19.4366659949118,-16.036797341139));
#5542=CARTESIAN_POINT('Ctrl Pts',(-9.57597413797907,20.383983660603,-14.18511231065));
#5543=CARTESIAN_POINT('Ctrl Pts',(-11.1723304875855,20.8496456380115,-12.9651734825711));
#5544=CARTESIAN_POINT('Ctrl Pts',(-13.807394131793,21.7655069642065,-10.1003348915192));
#5545=CARTESIAN_POINT('Ctrl Pts',(-14.862424707756,22.2157063129928,-8.47167217483034));
#5546=CARTESIAN_POINT('Ctrl Pts',(-17.0615421206241,23.5259016740159,-3.35599189162121));
#5547=CARTESIAN_POINT('Ctrl Pts',(-17.3820256879196,24.3858976862528,0.473375215825863));
#5548=CARTESIAN_POINT('Ctrl Pts',(-15.7082835078726,26.0494653723636,7.34256637913045));
#5549=CARTESIAN_POINT('Ctrl Pts',(-13.8724922992182,26.8530370462377,10.4027596917246));
#5550=CARTESIAN_POINT('Ctrl Pts',(-8.94575980810376,28.4074580564628,14.8039373965936));
#5551=CARTESIAN_POINT('Ctrl Pts',(-5.95595143127917,29.1583073928139,16.2391447907454));
#5552=CARTESIAN_POINT('Ctrl Pts',(0.0965805741999582,30.6022768048649,17.253062802463));
#5553=CARTESIAN_POINT('Ctrl Pts',(3.12764012350436,31.2953968805647,16.9674798108291));
#5554=CARTESIAN_POINT('Ctrl Pts',(8.47502266146543,32.6367101777079,14.9920989418683));
#5555=CARTESIAN_POINT('Ctrl Pts',(10.8202791997666,33.284903399151,13.398156508797));
#5556=CARTESIAN_POINT('Ctrl Pts',(14.378550906559,34.5392750694019,9.42838168559983));
#5557=CARTESIAN_POINT('Ctrl Pts',(15.6534400943446,35.1454535182093,7.11385413082301));
#5558=CARTESIAN_POINT('Ctrl Pts',(17.0127908288607,36.318518968674,2.31722441201533));
#5559=CARTESIAN_POINT('Ctrl Pts',(17.1692934403172,36.8854059703314,-0.141221536904356));
#5560=CARTESIAN_POINT('Ctrl Pts',(16.47303897518,37.9889106937513,-4.77914623766431));
#5561=CARTESIAN_POINT('Ctrl Pts',(15.6747321336722,38.5255284155139,-6.96448306598584));
#5562=CARTESIAN_POINT('Ctrl Pts',(13.3632995905774,39.5635563703142,-10.7220966843545));
#5563=CARTESIAN_POINT('Ctrl Pts',(11.9018989966667,40.064966603352,-12.3242011314857));
#5564=CARTESIAN_POINT('Ctrl Pts',(8.60357987570658,41.0348895440378,-14.7967296103654));
#5565=CARTESIAN_POINT('Ctrl Pts',(6.798790840134,41.503402251686,-15.7079991390386));
#5566=CARTESIAN_POINT('Ctrl Pts',(1.37114408331592,42.8368969142212,-17.3388065937431));
#5567=CARTESIAN_POINT('Ctrl Pts',(-2.49401795143395,43.7018788691086,-17.213196235748));
#5568=CARTESIAN_POINT('Ctrl Pts',(-8.93662486552172,45.3197094860117,-14.8112869047346));
#5569=CARTESIAN_POINT('Ctrl Pts',(-11.6059844529371,46.0725581480275,-12.8272603715528));
#5570=CARTESIAN_POINT('Ctrl Pts',(-15.2243664898147,47.4806587545454,-8.06063841591694));
#5571=CARTESIAN_POINT('Ctrl Pts',(-16.3508006624705,48.1359106990472,-5.42278013425806));
#5572=CARTESIAN_POINT('Ctrl Pts',(-17.1696545854938,49.3614699741409,-0.27892237615253));
#5573=CARTESIAN_POINT('Ctrl Pts',(-17.0309082487111,49.9317773047324,2.19613307908876));
#5574=CARTESIAN_POINT('Ctrl Pts',(-15.8223003738563,50.9984592803065,6.56545431051818));
#5575=CARTESIAN_POINT('Ctrl Pts',(-14.8772811275762,51.4948339252895,8.49216613562749));
#5576=CARTESIAN_POINT('Ctrl Pts',(-11.4410045191244,52.8448347295689,13.0868313621619));
#5577=CARTESIAN_POINT('Ctrl Pts',(-8.31367297177428,53.6984608888665,15.2657977592618));
#5578=CARTESIAN_POINT('Ctrl Pts',(-2.24846179206017,55.1870615698322,17.0653768398731));
#5579=CARTESIAN_POINT('Ctrl Pts',(0.522668515257097,55.8220360915013,17.2049261765459));
#5580=CARTESIAN_POINT('Ctrl Pts',(5.14596534025042,56.9293399095225,16.3263190434241));
#5581=CARTESIAN_POINT('Ctrl Pts',(7.05048773395554,57.4016692058749,15.5987267270144));
#5582=CARTESIAN_POINT('Ctrl Pts',(11.2976037534291,58.568208650769,13.0410493849131));
#5583=CARTESIAN_POINT('Ctrl Pts',(13.4170642178905,59.2624187993107,10.8483734910925));
#5584=CARTESIAN_POINT('Ctrl Pts',(16.2532210339859,60.6340850364127,5.75521778276776));
#5585=CARTESIAN_POINT('Ctrl Pts',(17.,61.3115411249729,2.87918837638121));
#5586=CARTESIAN_POINT('Ctrl Pts',(17.,61.9889972135332,1.2491397351303E-14));
#5587=CARTESIAN_POINT('',(-17.,0.84285585826249,-2.0818995585505E-15));
#5588=CARTESIAN_POINT('',(-17.,-0.842855858262633,-2.0818995585505E-15));
#5589=CARTESIAN_POINT('Ctrl Pts',(-17.,0.84285585826249,-2.0818995585505E-15));
#5590=CARTESIAN_POINT('Ctrl Pts',(-17.,1.52992217160258,2.92003183169537));
#5591=CARTESIAN_POINT('Ctrl Pts',(-16.2314449896998,2.21698848494267,5.83667537597062));
#5592=CARTESIAN_POINT('Ctrl Pts',(-13.4006925303608,3.56858190121372,10.8350252580775));
#5593=CARTESIAN_POINT('Ctrl Pts',(-11.3855665714259,4.23310900414469,12.9361975280247));
#5594=CARTESIAN_POINT('Ctrl Pts',(-6.69780324664997,5.53260761175522,15.8562930592711));
#5595=CARTESIAN_POINT('Ctrl Pts',(-4.06314531576935,6.16757911643479,16.7264296266498));
#5596=CARTESIAN_POINT('Ctrl Pts',(1.22929763268279,7.41694324397538,17.1553790116741));
#5597=CARTESIAN_POINT('Ctrl Pts',(3.87943820224909,8.03133586683639,16.7561380078715));
#5598=CARTESIAN_POINT('Ctrl Pts',(8.65079818472893,9.24020917464799,14.8508285913082));
#5599=CARTESIAN_POINT('Ctrl Pts',(10.7833823499574,9.83468985959863,13.3829026812555));
#5600=CARTESIAN_POINT('Ctrl Pts',(14.1537687610713,11.0043846204176,9.72867881603541));
#5601=CARTESIAN_POINT('Ctrl Pts',(15.4167292885935,11.579598696286,7.56973048989718));
#5602=CARTESIAN_POINT('Ctrl Pts',(16.9185206541215,12.7250640556992,2.93893526789623));
#5603=CARTESIAN_POINT('Ctrl Pts',(17.1653825298129,13.295315339244,0.47257193951324));
#5604=CARTESIAN_POINT('Ctrl Pts',(16.6227568550414,14.4168823173301,-4.26310136651934));
#5605=CARTESIAN_POINT('Ctrl Pts',(15.8681435473047,14.9681980118713,-6.53391912141377));
#5606=CARTESIAN_POINT('Ctrl Pts',(13.5481157953528,16.0525225813037,-10.515706673464));
#5607=CARTESIAN_POINT('Ctrl Pts',(12.0118232019227,16.5855314561949,-12.2412267282482));
#5608=CARTESIAN_POINT('Ctrl Pts',(8.44745033801352,17.6338502769588,-14.9143212193428));
#5609=CARTESIAN_POINT('Ctrl Pts',(6.43897062866386,18.1491602228314,-15.8850889796107));
#5610=CARTESIAN_POINT('Ctrl Pts',(2.27301169599969,19.16266889076,-16.9798870977581));
#5611=CARTESIAN_POINT('Ctrl Pts',(0.12416590428858,19.6608676128158,-17.1308998844478));
#5612=CARTESIAN_POINT('Ctrl Pts',(-4.01190801085283,20.6407220231543,-16.6461693269675));
#5613=CARTESIAN_POINT('Ctrl Pts',(-6.00095743934704,21.1223777114369,-16.036797341139));
#5614=CARTESIAN_POINT('Ctrl Pts',(-9.57597413797907,22.0696953771281,-14.18511231065));
#5615=CARTESIAN_POINT('Ctrl Pts',(-11.1723304875855,22.5353573545366,-12.9651734825711));
#5616=CARTESIAN_POINT('Ctrl Pts',(-13.807394131793,23.4512186807316,-10.1003348915192));
#5617=CARTESIAN_POINT('Ctrl Pts',(-14.862424707756,23.9014180295179,-8.47167217483034));
#5618=CARTESIAN_POINT('Ctrl Pts',(-17.0615421206241,25.2116133905411,-3.35599189162121));
#5619=CARTESIAN_POINT('Ctrl Pts',(-17.3820256879196,26.071609402778,0.473375215825863));
#5620=CARTESIAN_POINT('Ctrl Pts',(-15.7082835078726,27.7351770888888,7.34256637913045));
#5621=CARTESIAN_POINT('Ctrl Pts',(-13.8724922992182,28.5387487627628,10.4027596917246));
#5622=CARTESIAN_POINT('Ctrl Pts',(-8.94575980810376,30.0931697729879,14.8039373965936));
#5623=CARTESIAN_POINT('Ctrl Pts',(-5.95595143127917,30.844019109339,16.2391447907454));
#5624=CARTESIAN_POINT('Ctrl Pts',(0.0965805741999571,32.2879885213901,17.253062802463));
#5625=CARTESIAN_POINT('Ctrl Pts',(3.12764012350436,32.9811085970898,16.9674798108291));
#5626=CARTESIAN_POINT('Ctrl Pts',(8.47502266146542,34.322421894233,14.9920989418683));
#5627=CARTESIAN_POINT('Ctrl Pts',(10.8202791997667,34.9706151156761,13.398156508797));
#5628=CARTESIAN_POINT('Ctrl Pts',(14.378550906559,36.224986785927,9.42838168559982));
#5629=CARTESIAN_POINT('Ctrl Pts',(15.6534400943446,36.8311652347344,7.11385413082301));
#5630=CARTESIAN_POINT('Ctrl Pts',(17.0127908288607,38.0042306851992,2.31722441201532));
#5631=CARTESIAN_POINT('Ctrl Pts',(17.1692934403172,38.5711176868565,-0.141221536904356));
#5632=CARTESIAN_POINT('Ctrl Pts',(16.47303897518,39.6746224102764,-4.77914623766431));
#5633=CARTESIAN_POINT('Ctrl Pts',(15.6747321336722,40.211240132039,-6.96448306598584));
#5634=CARTESIAN_POINT('Ctrl Pts',(13.3632995905774,41.2492680868393,-10.7220966843545));
#5635=CARTESIAN_POINT('Ctrl Pts',(11.9018989966667,41.7506783198771,-12.3242011314857));
#5636=CARTESIAN_POINT('Ctrl Pts',(8.60357987570658,42.7206012605629,-14.7967296103654));
#5637=CARTESIAN_POINT('Ctrl Pts',(6.798790840134,43.1891139682111,-15.7079991390386));
#5638=CARTESIAN_POINT('Ctrl Pts',(1.37114408331593,44.5226086307464,-17.3388065937431));
#5639=CARTESIAN_POINT('Ctrl Pts',(-2.49401795143395,45.3875905856337,-17.213196235748));
#5640=CARTESIAN_POINT('Ctrl Pts',(-8.93662486552173,47.0054212025368,-14.8112869047346));
#5641=CARTESIAN_POINT('Ctrl Pts',(-11.6059844529371,47.7582698645526,-12.8272603715528));
#5642=CARTESIAN_POINT('Ctrl Pts',(-15.2243664898147,49.1663704710705,-8.06063841591694));
#5643=CARTESIAN_POINT('Ctrl Pts',(-16.3508006624705,49.8216224155723,-5.42278013425806));
#5644=CARTESIAN_POINT('Ctrl Pts',(-17.1696545854938,51.047181690666,-0.278922376152528));
#5645=CARTESIAN_POINT('Ctrl Pts',(-17.030908248711,51.6174890212575,2.19613307908876));
#5646=CARTESIAN_POINT('Ctrl Pts',(-15.8223003738563,52.6841709968317,6.56545431051818));
#5647=CARTESIAN_POINT('Ctrl Pts',(-14.8772811275761,53.1805456418147,8.49216613562748));
#5648=CARTESIAN_POINT('Ctrl Pts',(-11.4410045191244,54.5305464460941,13.0868313621619));
#5649=CARTESIAN_POINT('Ctrl Pts',(-8.31367297177427,55.3841726053916,15.2657977592618));
#5650=CARTESIAN_POINT('Ctrl Pts',(-2.24846179206018,56.8727732863573,17.0653768398731));
#5651=CARTESIAN_POINT('Ctrl Pts',(0.522668515257098,57.5077478080265,17.2049261765459));
#5652=CARTESIAN_POINT('Ctrl Pts',(5.14596534025043,58.6150516260477,16.3263190434241));
#5653=CARTESIAN_POINT('Ctrl Pts',(7.05048773395555,59.0873809224,15.5987267270144));
#5654=CARTESIAN_POINT('Ctrl Pts',(11.2976037534291,60.2539203672941,13.041049384913));
#5655=CARTESIAN_POINT('Ctrl Pts',(13.4170642178905,60.9481305158358,10.8483734910925));
#5656=CARTESIAN_POINT('Ctrl Pts',(16.2532210339859,62.3197967529378,5.75521778276777));
#5657=CARTESIAN_POINT('Ctrl Pts',(17.,62.9972528414981,2.87918837638121));
#5658=CARTESIAN_POINT('Ctrl Pts',(17.,63.6747089300584,1.2491397351303E-14));
#5659=CARTESIAN_POINT('Ctrl Pts',(-12.4982166573996,2.48137099608445,-1.53059010245345E-15));
#5660=CARTESIAN_POINT('Ctrl Pts',(-12.4982166573996,3.16843730942454,2.1467759105313));
#5661=CARTESIAN_POINT('Ctrl Pts',(-11.9331833025842,3.85550362276462,4.29106078869353));
#5662=CARTESIAN_POINT('Ctrl Pts',(-9.85204462374384,5.20709703903568,7.96579371552059));
#5663=CARTESIAN_POINT('Ctrl Pts',(-8.37054575158397,5.87162414196665,9.51055290753942));
#5664=CARTESIAN_POINT('Ctrl Pts',(-4.92415271207446,7.17112274957718,11.6573756492937));
#5665=CARTESIAN_POINT('Ctrl Pts',(-2.98718061570492,7.80609425425675,12.2970906693304));
#5666=CARTESIAN_POINT('Ctrl Pts',(0.903766361746935,9.05545838179733,12.6124496310417));
#5667=CARTESIAN_POINT('Ctrl Pts',(2.85212112710011,9.66985100465834,12.3189319508039));
#5668=CARTESIAN_POINT('Ctrl Pts',(6.35997352777538,10.87872431247,10.9181690162397));
#5669=CARTESIAN_POINT('Ctrl Pts',(7.92782640643211,11.4732049974206,9.83896571854265));
#5670=CARTESIAN_POINT('Ctrl Pts',(10.4056981467414,12.6428997582396,7.15241974312143));
#5671=CARTESIAN_POINT('Ctrl Pts',(11.3342131057247,13.218113834108,5.56518421769756));
#5672=CARTESIAN_POINT('Ctrl Pts',(12.438313921053,14.3635791935211,2.16067351295528));
#5673=CARTESIAN_POINT('Ctrl Pts',(12.6198041096908,14.933830477066,0.347429793308471));
#5674=CARTESIAN_POINT('Ctrl Pts',(12.2208715657401,16.055397455152,-3.13418614771853));
#5675=CARTESIAN_POINT('Ctrl Pts',(11.6660880002901,16.6067131496933,-4.80366687066796));
#5676=CARTESIAN_POINT('Ctrl Pts',(9.96042861822691,17.6910377191257,-7.73103413591857));
#5677=CARTESIAN_POINT('Ctrl Pts',(8.83096287223581,18.2240465940169,-8.99961787070567));
#5678=CARTESIAN_POINT('Ctrl Pts',(6.21047438394802,19.2723654147807,-10.9648481116117));
#5679=CARTESIAN_POINT('Ctrl Pts',(4.73386176280432,19.7876753606533,-11.6785460993674));
#5680=CARTESIAN_POINT('Ctrl Pts',(1.67109368478867,20.8011840285819,-12.4834298685862));
#5681=CARTESIAN_POINT('Ctrl Pts',(0.0912854337212132,21.2993827506378,-12.5944528407089));
#5682=CARTESIAN_POINT('Ctrl Pts',(-2.9495115017174,22.2792371609763,-12.2380841625999));
#5683=CARTESIAN_POINT('Ctrl Pts',(-4.41183918992902,22.7608928492589,-11.7900804506097));
#5684=CARTESIAN_POINT('Ctrl Pts',(-7.0401529107128,23.7082105149501,-10.4287415863559));
#5685=CARTESIAN_POINT('Ctrl Pts',(-8.21377688246556,24.1738724923586,-9.53185571682037));
#5686=CARTESIAN_POINT('Ctrl Pts',(-10.1510472548974,25.0897338185536,-7.42565728155879));
#5687=CARTESIAN_POINT('Ctrl Pts',(-10.9266943559896,25.5399331673398,-6.22828201714666));
#5688=CARTESIAN_POINT('Ctrl Pts',(-12.5434617607593,26.850128528363,-2.46728904482107));
#5689=CARTESIAN_POINT('Ctrl Pts',(-12.779077823065,27.7101245405999,0.34802035339029));
#5690=CARTESIAN_POINT('Ctrl Pts',(-11.5485606233676,29.3736922267107,5.39817561339473));
#5691=CARTESIAN_POINT('Ctrl Pts',(-10.1989067255139,30.1772639005848,7.64799673306105));
#5692=CARTESIAN_POINT('Ctrl Pts',(-6.57682613216108,31.7316849108099,10.8836951156004));
#5693=CARTESIAN_POINT('Ctrl Pts',(-4.37875125818096,32.482534247161,11.9388441132717));
#5694=CARTESIAN_POINT('Ctrl Pts',(0.071004996543948,33.926503659212,12.6842657005238));
#5695=CARTESIAN_POINT('Ctrl Pts',(2.29940728764315,34.6196237349118,12.4743081650468));
#5696=CARTESIAN_POINT('Ctrl Pts',(6.23074525878624,35.960937032055,11.0220294543906));
#5697=CARTESIAN_POINT('Ctrl Pts',(7.9549525724846,36.6091302534981,9.85018016804078));
#5698=CARTESIAN_POINT('Ctrl Pts',(10.5709555558602,37.8635019237489,6.93164453148735));
#5699=CARTESIAN_POINT('Ctrl Pts',(11.5082403372202,38.4696803725563,5.23002883506842));
#5700=CARTESIAN_POINT('Ctrl Pts',(12.5076203368307,39.6427458230211,1.70359839677547));
#5701=CARTESIAN_POINT('Ctrl Pts',(12.6226793689149,40.2096328246785,-0.103824550877741));
#5702=CARTESIAN_POINT('Ctrl Pts',(12.1108005951522,41.3131375480984,-3.51357677151321));
#5703=CARTESIAN_POINT('Ctrl Pts',(11.5238940149023,41.849755269861,-5.12021283914598));
#5704=CARTESIAN_POINT('Ctrl Pts',(9.82455373769266,42.8877832246613,-7.88276984603818));
#5705=CARTESIAN_POINT('Ctrl Pts',(8.75014778204867,43.3891934576991,-9.0606197570987));
#5706=CARTESIAN_POINT('Ctrl Pts',(6.32525913622494,44.3591163983848,-10.8783960289004));
#5707=CARTESIAN_POINT('Ctrl Pts',(4.99839770166697,44.8276291060331,-11.5483515584677));
#5708=CARTESIAN_POINT('Ctrl Pts',(1.00805034245847,46.1611237685683,-12.7473036111382));
#5709=CARTESIAN_POINT('Ctrl Pts',(-1.83357510026267,47.0261057234557,-12.6549562306302));
#5710=CARTESIAN_POINT('Ctrl Pts',(-6.57011022089383,48.6439363403587,-10.8890983947223));
#5711=CARTESIAN_POINT('Ctrl Pts',(-8.53259460089524,49.3967850023745,-9.43046348497315));
#5712=CARTESIAN_POINT('Ctrl Pts',(-11.1927900506681,50.8048856088924,-5.9260944305346));
#5713=CARTESIAN_POINT('Ctrl Pts',(-12.0209323059711,51.4601375533943,-3.98676947078822));
#5714=CARTESIAN_POINT('Ctrl Pts',(-12.6229448789538,52.685696828488,-0.205060722808881));
#5715=CARTESIAN_POINT('Ctrl Pts',(-12.5209400685109,53.2560041590795,1.61457335476079));
#5716=CARTESIAN_POINT('Ctrl Pts',(-11.632384593583,54.3226861346537,4.82685120159497));
#5717=CARTESIAN_POINT('Ctrl Pts',(-10.937616635617,54.8190607796366,6.24334895610023));
#5718=CARTESIAN_POINT('Ctrl Pts',(-8.41130313284147,56.1690615839161,9.62129727783248));
#5719=CARTESIAN_POINT('Ctrl Pts',(-6.11212270705893,57.0226877432135,11.2232498731352));
#5720=CARTESIAN_POINT('Ctrl Pts',(-1.65304486017959,58.5112884241793,12.5462810049944));
#5721=CARTESIAN_POINT('Ctrl Pts',(0.384260255510857,59.1462629458484,12.6488761722962));
#5722=CARTESIAN_POINT('Ctrl Pts',(3.78325821964228,60.2535667638696,12.002933683679));
#5723=CARTESIAN_POINT('Ctrl Pts',(5.1834425434891,60.725896060222,11.468015659635));
#5724=CARTESIAN_POINT('Ctrl Pts',(8.30587643645925,61.8924355051161,9.58763886191124));
#5725=CARTESIAN_POINT('Ctrl Pts',(9.86408091184936,62.5866456536577,7.97560719247437));
#5726=CARTESIAN_POINT('Ctrl Pts',(11.9491928154918,63.9583118907597,4.23117404467944));
#5727=CARTESIAN_POINT('Ctrl Pts',(12.4982166573996,64.63576797932,2.11674824267523));
#5728=CARTESIAN_POINT('Ctrl Pts',(12.4982166573996,65.3132240678803,9.18354061472073E-15));
#5729=CARTESIAN_POINT('Ctrl Pts',(-13.9988111049331,1.93519928347713,-1.71435992115247E-15));
#5730=CARTESIAN_POINT('Ctrl Pts',(-13.9988111049331,2.62226559681722,2.40452788425266));
#5731=CARTESIAN_POINT('Ctrl Pts',(-13.3659371982894,3.3093319101573,4.80626565111923));
#5732=CARTESIAN_POINT('Ctrl Pts',(-11.0349272592828,4.66092532642836,8.92220422970624));
#5733=CARTESIAN_POINT('Ctrl Pts',(-9.37555269153129,5.32545242935933,10.6524344477012));
#5734=CARTESIAN_POINT('Ctrl Pts',(-5.51536955693296,6.62495103696986,13.0570147859528));
#5735=CARTESIAN_POINT('Ctrl Pts',(-3.3458355157264,7.25992254164943,13.7735369884368));
#5736=CARTESIAN_POINT('Ctrl Pts',(1.01227678539222,8.50928666919002,14.1267594245858));
#5737=CARTESIAN_POINT('Ctrl Pts',(3.19456015214977,9.12367929205103,13.7980006364931));
#5738=CARTESIAN_POINT('Ctrl Pts',(7.1235817467599,10.3325525998626,12.2290555412625));
#5739=CARTESIAN_POINT('Ctrl Pts',(8.87967838760719,10.9270332848133,11.0202780394469));
#5740=CARTESIAN_POINT('Ctrl Pts',(11.6550550181847,12.0967280456322,8.01117276742609));
#5741=CARTESIAN_POINT('Ctrl Pts',(12.6950518333476,12.6719421215006,6.23336630843077));
#5742=CARTESIAN_POINT('Ctrl Pts',(13.9317161654092,13.8174074809138,2.4200940979356));
#5743=CARTESIAN_POINT('Ctrl Pts',(14.1349969163981,14.3876587644587,0.389143842043395));
#5744=CARTESIAN_POINT('Ctrl Pts',(13.6881666621739,15.5092257425447,-3.51049122065213));
#5745=CARTESIAN_POINT('Ctrl Pts',(13.0667731826283,16.060541437086,-5.38041762091656));
#5746=CARTESIAN_POINT('Ctrl Pts',(11.1563243439356,17.1448660065184,-8.65925831510037));
#5747=CARTESIAN_POINT('Ctrl Pts',(9.8912496487981,17.6778748814096,-10.0801541565532));
#5748=CARTESIAN_POINT('Ctrl Pts',(6.95613303530319,18.7261937021734,-12.2813391475221));
#5749=CARTESIAN_POINT('Ctrl Pts',(5.3022313847575,19.241503648046,-13.0807270594485));
#5750=CARTESIAN_POINT('Ctrl Pts',(1.87173302185901,20.2550123159746,-13.9822489449768));
#5751=CARTESIAN_POINT('Ctrl Pts',(0.102245590577,20.7532110380305,-14.1066018552885));
#5752=CARTESIAN_POINT('Ctrl Pts',(-3.3036436714292,21.733065448369,-13.7074458840558));
#5753=CARTESIAN_POINT('Ctrl Pts',(-4.94154527306836,22.2147211366516,-13.2056527474528));
#5754=CARTESIAN_POINT('Ctrl Pts',(-7.88542665313489,23.1620388023428,-11.6808651611206));
#5755=CARTESIAN_POINT('Ctrl Pts',(-9.19996141750555,23.6277007797513,-10.6762949720706));
#5756=CARTESIAN_POINT('Ctrl Pts',(-11.3698295471959,24.5435621059462,-8.31721648487892));
#5757=CARTESIAN_POINT('Ctrl Pts',(-12.2386044732451,24.9937614547325,-6.97607873637456));
#5758=CARTESIAN_POINT('Ctrl Pts',(-14.0494885473809,26.3039568157557,-2.76352332708779));
#5759=CARTESIAN_POINT('Ctrl Pts',(-14.3133937780165,27.1639528279926,0.389805307535482));
#5760=CARTESIAN_POINT('Ctrl Pts',(-12.9351349182026,28.8275205141034,6.04630586863997));
#5761=CARTESIAN_POINT('Ctrl Pts',(-11.423435250082,29.6310921879775,8.56625105261558));
#5762=CARTESIAN_POINT('Ctrl Pts',(-7.36647069080865,31.1855131982025,12.1904425425982));
#5763=CARTESIAN_POINT('Ctrl Pts',(-4.9044846492137,31.9363625345537,13.3722776724296));
#5764=CARTESIAN_POINT('Ctrl Pts',(0.0795301890959522,33.3803319466047,14.2071980678368));
#5765=CARTESIAN_POINT('Ctrl Pts',(2.57548489959689,34.0734520223044,13.9720320469742));
#5766=CARTESIAN_POINT('Ctrl Pts',(6.97883772634597,35.4147653194477,12.3453859502165));
#5767=CARTESIAN_POINT('Ctrl Pts',(8.91006144824528,36.0629585408908,11.0328389482928));
#5768=CARTESIAN_POINT('Ctrl Pts',(11.8401540060932,37.3173302111416,7.76389024952484));
#5769=CARTESIAN_POINT('Ctrl Pts',(12.889973589595,37.923508659949,5.85797060031995));
#5770=CARTESIAN_POINT('Ctrl Pts',(14.009343834174,39.0965741104138,1.90814040185542));
#5771=CARTESIAN_POINT('Ctrl Pts',(14.1382173927157,39.6634611120712,-0.116290212886614));
#5772=CARTESIAN_POINT('Ctrl Pts',(13.5648800551615,40.7669658354911,-3.93543326023024));
#5773=CARTESIAN_POINT('Ctrl Pts',(12.9075067211589,41.3035835572537,-5.73496958142593));
#5774=CARTESIAN_POINT('Ctrl Pts',(11.0041356886542,42.341611512054,-8.82921212547697));
#5775=CARTESIAN_POINT('Ctrl Pts',(9.80073152025468,42.8430217450917,-10.1484802152277));
#5776=CARTESIAN_POINT('Ctrl Pts',(7.08469938271882,43.8129446857775,-12.1845072227221));
#5777=CARTESIAN_POINT('Ctrl Pts',(5.59852874782264,44.2814573934258,-12.9349007519913));
#5778=CARTESIAN_POINT('Ctrl Pts',(1.12908158941096,45.614952055961,-14.2778046053399));
#5779=CARTESIAN_POINT('Ctrl Pts',(-2.05372271731977,46.4799340108484,-14.1743695656695));
#5780=CARTESIAN_POINT('Ctrl Pts',(-7.35894843576979,48.0977646277514,-12.1964945647264));
#5781=CARTESIAN_POINT('Ctrl Pts',(-9.55705788490919,48.8506132897672,-10.562729113833));
#5782=CARTESIAN_POINT('Ctrl Pts',(-12.536648863717,50.2587138962851,-6.63760909232871));
#5783=CARTESIAN_POINT('Ctrl Pts',(-13.4642217581376,50.913965840787,-4.46543969194484));
#5784=CARTESIAN_POINT('Ctrl Pts',(-14.1385147811338,52.1395251158807,-0.229681273923429));
#5785=CARTESIAN_POINT('Ctrl Pts',(-14.0242627952442,52.7098324464722,1.80842659620345));
#5786=CARTESIAN_POINT('Ctrl Pts',(-13.0290231870074,53.7765144220463,5.40638557123604));
#5787=CARTESIAN_POINT('Ctrl Pts',(-12.2508381329367,54.2728890670293,6.99295468260931));
#5788=CARTESIAN_POINT('Ctrl Pts',(-9.4212035949358,55.6228898713088,10.7764753059423));
#5789=CARTESIAN_POINT('Ctrl Pts',(-6.84597279529738,56.4765160306062,12.5707658351774));
#5790=CARTESIAN_POINT('Ctrl Pts',(-1.85151717080645,57.965116711572,14.0526462832873));
#5791=CARTESIAN_POINT('Ctrl Pts',(0.430396342092933,58.6000912332411,14.1675595070461));
#5792=CARTESIAN_POINT('Ctrl Pts',(4.23749392651167,59.7073950512623,13.4440621369273));
#5793=CARTESIAN_POINT('Ctrl Pts',(5.80579094031125,60.1797243476147,12.8449193487615));
#5794=CARTESIAN_POINT('Ctrl Pts',(9.30311887544919,61.3462637925087,10.7387757029118));
#5795=CARTESIAN_POINT('Ctrl Pts',(11.0484086805297,62.0404739410504,8.93319595868041));
#5796=CARTESIAN_POINT('Ctrl Pts',(13.3838688883232,63.4121401781524,4.73918862404221));
#5797=CARTESIAN_POINT('Ctrl Pts',(13.9988111049331,64.0895962667127,2.37089495391057));
#5798=CARTESIAN_POINT('Ctrl Pts',(13.9988111049331,64.767052355273,1.02861595269148E-14));
#5799=CARTESIAN_POINT('Ctrl Pts',(-15.4994055524665,1.38902757086981,-1.89812973985149E-15));
#5800=CARTESIAN_POINT('Ctrl Pts',(-15.4994055524665,2.0760938842099,2.66227985797401));
#5801=CARTESIAN_POINT('Ctrl Pts',(-14.7986910939946,2.76316019754999,5.32147051354493));
#5802=CARTESIAN_POINT('Ctrl Pts',(-12.2178098948218,4.11475361382104,9.87861474389188));
#5803=CARTESIAN_POINT('Ctrl Pts',(-10.3805596314786,4.77928071675201,11.794315987863));
#5804=CARTESIAN_POINT('Ctrl Pts',(-6.10658640179147,6.07877932436254,14.456653922612));
#5805=CARTESIAN_POINT('Ctrl Pts',(-3.70449041574787,6.71375082904211,15.2499833075433));
#5806=CARTESIAN_POINT('Ctrl Pts',(1.1207872090375,7.96311495658269,15.64106921813));
#5807=CARTESIAN_POINT('Ctrl Pts',(3.53699917719943,8.57750757944371,15.2770693221823));
#5808=CARTESIAN_POINT('Ctrl Pts',(7.88718996574441,9.78638088725532,13.5399420662854));
#5809=CARTESIAN_POINT('Ctrl Pts',(9.83153036878227,10.380861572206,12.2015903603512));
#5810=CARTESIAN_POINT('Ctrl Pts',(12.904411889628,11.5505563330249,8.86992579173075));
#5811=CARTESIAN_POINT('Ctrl Pts',(14.0558905609705,12.1257704088933,6.90154839916397));
#5812=CARTESIAN_POINT('Ctrl Pts',(15.4251184097653,13.2712357683065,2.67951468291592));
#5813=CARTESIAN_POINT('Ctrl Pts',(15.6501897231055,13.8414870518513,0.430857890778316));
#5814=CARTESIAN_POINT('Ctrl Pts',(15.1554617586076,14.9630540299374,-3.88679629358573));
#5815=CARTESIAN_POINT('Ctrl Pts',(14.4674583649665,15.5143697244786,-5.95716837116517));
#5816=CARTESIAN_POINT('Ctrl Pts',(12.3522200696442,16.5986942939111,-9.58748249428218));
#5817=CARTESIAN_POINT('Ctrl Pts',(10.9515364253604,17.1317031688022,-11.1606904424007));
#5818=CARTESIAN_POINT('Ctrl Pts',(7.70179168665836,18.1800219895661,-13.5978301834324));
#5819=CARTESIAN_POINT('Ctrl Pts',(5.87060100671068,18.6953319354387,-14.4829080195296));
#5820=CARTESIAN_POINT('Ctrl Pts',(2.07237235892935,19.7088406033673,-15.4810680213674));
#5821=CARTESIAN_POINT('Ctrl Pts',(0.113205747432793,20.2070393254232,-15.6187508698682));
#5822=CARTESIAN_POINT('Ctrl Pts',(-3.65777584114102,21.1868937357617,-15.1768076055116));
#5823=CARTESIAN_POINT('Ctrl Pts',(-5.4712513562077,21.6685494240443,-14.6212250442959));
#5824=CARTESIAN_POINT('Ctrl Pts',(-8.73070039555698,22.6158670897355,-12.9329887358853));
#5825=CARTESIAN_POINT('Ctrl Pts',(-10.1861459525455,23.0815290671439,-11.8207342273209));
#5826=CARTESIAN_POINT('Ctrl Pts',(-12.5886118394945,23.9973903933389,-9.20877568819905));
#5827=CARTESIAN_POINT('Ctrl Pts',(-13.5505145905005,24.4475897421252,-7.72387545560245));
#5828=CARTESIAN_POINT('Ctrl Pts',(-15.5555153340025,25.7577851031484,-3.0597576093545));
#5829=CARTESIAN_POINT('Ctrl Pts',(-15.8477097329681,26.6177811153853,0.431590261680671));
#5830=CARTESIAN_POINT('Ctrl Pts',(-14.3217092130376,28.2813488014961,6.69443612388521));
#5831=CARTESIAN_POINT('Ctrl Pts',(-12.6479637746501,29.0849204753702,9.4845053721701));
#5832=CARTESIAN_POINT('Ctrl Pts',(-8.1561152494562,30.6393414855952,13.4971899695959));
#5833=CARTESIAN_POINT('Ctrl Pts',(-5.43021804024644,31.3901908219464,14.8057112315875));
#5834=CARTESIAN_POINT('Ctrl Pts',(0.0880553816479529,32.8341602339974,15.7301304351499));
#5835=CARTESIAN_POINT('Ctrl Pts',(2.85156251155062,33.5272803096971,15.4697559289016));
#5836=CARTESIAN_POINT('Ctrl Pts',(7.7269301939057,34.8685936068404,13.6687424460424));
#5837=CARTESIAN_POINT('Ctrl Pts',(9.86517032400597,35.5167868282834,12.2154977285449));
#5838=CARTESIAN_POINT('Ctrl Pts',(13.1093524563261,36.7711584985343,8.59613596756233));
#5839=CARTESIAN_POINT('Ctrl Pts',(14.2717068419698,37.3773369473417,6.48591236557148));
#5840=CARTESIAN_POINT('Ctrl Pts',(15.5110673315173,38.5504023978065,2.11268240693537));
#5841=CARTESIAN_POINT('Ctrl Pts',(15.6537554165165,39.1172893994639,-0.128755874895482));
#5842=CARTESIAN_POINT('Ctrl Pts',(15.0189595151707,40.2207941228837,-4.35728974894728));
#5843=CARTESIAN_POINT('Ctrl Pts',(14.2911194274156,40.7574118446464,-6.34972632370589));
#5844=CARTESIAN_POINT('Ctrl Pts',(12.1837176396158,41.7954397994466,-9.77565440491575));
#5845=CARTESIAN_POINT('Ctrl Pts',(10.8513152584607,42.2968500324844,-11.2363406733567));
#5846=CARTESIAN_POINT('Ctrl Pts',(7.8441396292127,43.2667729731702,-13.4906184165437));
#5847=CARTESIAN_POINT('Ctrl Pts',(6.19865979397833,43.7352856808185,-14.3214499455149));
#5848=CARTESIAN_POINT('Ctrl Pts',(1.25011283636344,45.0687803433537,-15.8083055995415));
#5849=CARTESIAN_POINT('Ctrl Pts',(-2.27387033437685,45.933762298241,-15.6937829007087));
#5850=CARTESIAN_POINT('Ctrl Pts',(-8.14778665064576,47.5515929151441,-13.5038907347305));
#5851=CARTESIAN_POINT('Ctrl Pts',(-10.5815211689231,48.3044415771599,-11.6949947426929));
#5852=CARTESIAN_POINT('Ctrl Pts',(-13.8805076767658,49.7125421836778,-7.34912375412282));
#5853=CARTESIAN_POINT('Ctrl Pts',(-14.907511210304,50.3677941281796,-4.94410991310145));
#5854=CARTESIAN_POINT('Ctrl Pts',(-15.6540846833138,51.5933534032733,-0.25430182503798));
#5855=CARTESIAN_POINT('Ctrl Pts',(-15.5275855219777,52.1636607338648,2.0022798376461));
#5856=CARTESIAN_POINT('Ctrl Pts',(-14.4256617804318,53.230342709439,5.98591994087711));
#5857=CARTESIAN_POINT('Ctrl Pts',(-13.5640596302564,53.726717354422,7.7425604091184));
#5858=CARTESIAN_POINT('Ctrl Pts',(-10.4311040570301,55.0767181587014,11.9316533340521));
#5859=CARTESIAN_POINT('Ctrl Pts',(-7.57982288353582,55.9303443179989,13.9182817972196));
#5860=CARTESIAN_POINT('Ctrl Pts',(-2.04998948143332,57.4189449989647,15.5590115615802));
#5861=CARTESIAN_POINT('Ctrl Pts',(0.476532428675022,58.0539195206338,15.686242841796));
#5862=CARTESIAN_POINT('Ctrl Pts',(4.69172963338104,59.161223338655,14.8851905901757));
#5863=CARTESIAN_POINT('Ctrl Pts',(6.4281393371334,59.6335526350073,14.2218230378879));
#5864=CARTESIAN_POINT('Ctrl Pts',(10.3003613144391,60.8000920799014,11.8899125439124));
#5865=CARTESIAN_POINT('Ctrl Pts',(12.2327364492101,61.4943022284431,9.89078472488644));
#5866=CARTESIAN_POINT('Ctrl Pts',(14.8185449611545,62.8659684655451,5.24720320340499));
#5867=CARTESIAN_POINT('Ctrl Pts',(15.4994055524665,63.5434245541054,2.62504166514588));
#5868=CARTESIAN_POINT('Ctrl Pts',(15.4994055524665,64.2208806426657,1.13887784391089E-14));
#5869=CARTESIAN_POINT('Ctrl Pts',(-17.,0.84285585826249,-2.0818995585505E-15));
#5870=CARTESIAN_POINT('Ctrl Pts',(-17.,1.52992217160258,2.92003183169537));
#5871=CARTESIAN_POINT('Ctrl Pts',(-16.2314449896998,2.21698848494267,5.83667537597062));
#5872=CARTESIAN_POINT('Ctrl Pts',(-13.4006925303608,3.56858190121372,10.8350252580775));
#5873=CARTESIAN_POINT('Ctrl Pts',(-11.3855665714259,4.23310900414469,12.9361975280247));
#5874=CARTESIAN_POINT('Ctrl Pts',(-6.69780324664997,5.53260761175522,15.8562930592711));
#5875=CARTESIAN_POINT('Ctrl Pts',(-4.06314531576935,6.16757911643479,16.7264296266498));
#5876=CARTESIAN_POINT('Ctrl Pts',(1.22929763268279,7.41694324397538,17.1553790116741));
#5877=CARTESIAN_POINT('Ctrl Pts',(3.87943820224909,8.03133586683639,16.7561380078715));
#5878=CARTESIAN_POINT('Ctrl Pts',(8.65079818472893,9.24020917464799,14.8508285913082));
#5879=CARTESIAN_POINT('Ctrl Pts',(10.7833823499574,9.83468985959863,13.3829026812555));
#5880=CARTESIAN_POINT('Ctrl Pts',(14.1537687610713,11.0043846204176,9.72867881603541));
#5881=CARTESIAN_POINT('Ctrl Pts',(15.4167292885935,11.579598696286,7.56973048989718));
#5882=CARTESIAN_POINT('Ctrl Pts',(16.9185206541215,12.7250640556992,2.93893526789623));
#5883=CARTESIAN_POINT('Ctrl Pts',(17.1653825298129,13.295315339244,0.47257193951324));
#5884=CARTESIAN_POINT('Ctrl Pts',(16.6227568550414,14.4168823173301,-4.26310136651934));
#5885=CARTESIAN_POINT('Ctrl Pts',(15.8681435473047,14.9681980118713,-6.53391912141377));
#5886=CARTESIAN_POINT('Ctrl Pts',(13.5481157953528,16.0525225813037,-10.515706673464));
#5887=CARTESIAN_POINT('Ctrl Pts',(12.0118232019227,16.5855314561949,-12.2412267282482));
#5888=CARTESIAN_POINT('Ctrl Pts',(8.44745033801352,17.6338502769588,-14.9143212193428));
#5889=CARTESIAN_POINT('Ctrl Pts',(6.43897062866386,18.1491602228314,-15.8850889796107));
#5890=CARTESIAN_POINT('Ctrl Pts',(2.27301169599969,19.16266889076,-16.9798870977581));
#5891=CARTESIAN_POINT('Ctrl Pts',(0.12416590428858,19.6608676128158,-17.1308998844478));
#5892=CARTESIAN_POINT('Ctrl Pts',(-4.01190801085283,20.6407220231543,-16.6461693269675));
#5893=CARTESIAN_POINT('Ctrl Pts',(-6.00095743934704,21.1223777114369,-16.036797341139));
#5894=CARTESIAN_POINT('Ctrl Pts',(-9.57597413797907,22.0696953771281,-14.18511231065));
#5895=CARTESIAN_POINT('Ctrl Pts',(-11.1723304875855,22.5353573545366,-12.9651734825711));
#5896=CARTESIAN_POINT('Ctrl Pts',(-13.807394131793,23.4512186807316,-10.1003348915192));
#5897=CARTESIAN_POINT('Ctrl Pts',(-14.862424707756,23.9014180295179,-8.47167217483034));
#5898=CARTESIAN_POINT('Ctrl Pts',(-17.0615421206241,25.2116133905411,-3.35599189162121));
#5899=CARTESIAN_POINT('Ctrl Pts',(-17.3820256879196,26.071609402778,0.473375215825863));
#5900=CARTESIAN_POINT('Ctrl Pts',(-15.7082835078726,27.7351770888888,7.34256637913045));
#5901=CARTESIAN_POINT('Ctrl Pts',(-13.8724922992182,28.5387487627628,10.4027596917246));
#5902=CARTESIAN_POINT('Ctrl Pts',(-8.94575980810376,30.0931697729879,14.8039373965936));
#5903=CARTESIAN_POINT('Ctrl Pts',(-5.95595143127917,30.844019109339,16.2391447907454));
#5904=CARTESIAN_POINT('Ctrl Pts',(0.0965805741999571,32.2879885213901,17.253062802463));
#5905=CARTESIAN_POINT('Ctrl Pts',(3.12764012350436,32.9811085970898,16.9674798108291));
#5906=CARTESIAN_POINT('Ctrl Pts',(8.47502266146542,34.322421894233,14.9920989418683));
#5907=CARTESIAN_POINT('Ctrl Pts',(10.8202791997667,34.9706151156761,13.398156508797));
#5908=CARTESIAN_POINT('Ctrl Pts',(14.378550906559,36.224986785927,9.42838168559982));
#5909=CARTESIAN_POINT('Ctrl Pts',(15.6534400943446,36.8311652347344,7.11385413082301));
#5910=CARTESIAN_POINT('Ctrl Pts',(17.0127908288607,38.0042306851992,2.31722441201532));
#5911=CARTESIAN_POINT('Ctrl Pts',(17.1692934403172,38.5711176868565,-0.141221536904356));
#5912=CARTESIAN_POINT('Ctrl Pts',(16.47303897518,39.6746224102764,-4.77914623766431));
#5913=CARTESIAN_POINT('Ctrl Pts',(15.6747321336722,40.211240132039,-6.96448306598584));
#5914=CARTESIAN_POINT('Ctrl Pts',(13.3632995905774,41.2492680868393,-10.7220966843545));
#5915=CARTESIAN_POINT('Ctrl Pts',(11.9018989966667,41.7506783198771,-12.3242011314857));
#5916=CARTESIAN_POINT('Ctrl Pts',(8.60357987570658,42.7206012605629,-14.7967296103654));
#5917=CARTESIAN_POINT('Ctrl Pts',(6.798790840134,43.1891139682111,-15.7079991390386));
#5918=CARTESIAN_POINT('Ctrl Pts',(1.37114408331593,44.5226086307464,-17.3388065937431));
#5919=CARTESIAN_POINT('Ctrl Pts',(-2.49401795143395,45.3875905856337,-17.213196235748));
#5920=CARTESIAN_POINT('Ctrl Pts',(-8.93662486552173,47.0054212025368,-14.8112869047346));
#5921=CARTESIAN_POINT('Ctrl Pts',(-11.6059844529371,47.7582698645526,-12.8272603715528));
#5922=CARTESIAN_POINT('Ctrl Pts',(-15.2243664898147,49.1663704710705,-8.06063841591694));
#5923=CARTESIAN_POINT('Ctrl Pts',(-16.3508006624705,49.8216224155723,-5.42278013425806));
#5924=CARTESIAN_POINT('Ctrl Pts',(-17.1696545854938,51.047181690666,-0.278922376152528));
#5925=CARTESIAN_POINT('Ctrl Pts',(-17.030908248711,51.6174890212575,2.19613307908876));
#5926=CARTESIAN_POINT('Ctrl Pts',(-15.8223003738563,52.6841709968317,6.56545431051818));
#5927=CARTESIAN_POINT('Ctrl Pts',(-14.8772811275761,53.1805456418147,8.49216613562748));
#5928=CARTESIAN_POINT('Ctrl Pts',(-11.4410045191244,54.5305464460941,13.0868313621619));
#5929=CARTESIAN_POINT('Ctrl Pts',(-8.31367297177427,55.3841726053916,15.2657977592618));
#5930=CARTESIAN_POINT('Ctrl Pts',(-2.24846179206018,56.8727732863573,17.0653768398731));
#5931=CARTESIAN_POINT('Ctrl Pts',(0.522668515257098,57.5077478080265,17.2049261765459));
#5932=CARTESIAN_POINT('Ctrl Pts',(5.14596534025043,58.6150516260477,16.3263190434241));
#5933=CARTESIAN_POINT('Ctrl Pts',(7.05048773395555,59.0873809224,15.5987267270144));
#5934=CARTESIAN_POINT('Ctrl Pts',(11.2976037534291,60.2539203672941,13.041049384913));
#5935=CARTESIAN_POINT('Ctrl Pts',(13.4170642178905,60.9481305158358,10.8483734910925));
#5936=CARTESIAN_POINT('Ctrl Pts',(16.2532210339859,62.3197967529378,5.75521778276777));
#5937=CARTESIAN_POINT('Ctrl Pts',(17.,62.9972528414981,2.87918837638121));
#5938=CARTESIAN_POINT('Ctrl Pts',(17.,63.6747089300584,1.2491397351303E-14));
#5939=CARTESIAN_POINT('',(-17.,0.84285585826249,-2.0818995585505E-15));
#5940=CARTESIAN_POINT('Origin',(-14.5,-7.38298311375729E-14,-1.77573785876366E-15));
#5941=UNCERTAINTY_MEASURE_WITH_UNIT(LENGTH_MEASURE(0.01),#5945,
'DISTANCE_ACCURACY_VALUE',
'Maximum model space distance between geometric entities at asserted c
onnectivities');
#5942=UNCERTAINTY_MEASURE_WITH_UNIT(LENGTH_MEASURE(0.01),#5945,
'DISTANCE_ACCURACY_VALUE',
'Maximum model space distance between geometric entities at asserted c
onnectivities');
#5943=(
GEOMETRIC_REPRESENTATION_CONTEXT(3)
GLOBAL_UNCERTAINTY_ASSIGNED_CONTEXT((#5941))
GLOBAL_UNIT_ASSIGNED_CONTEXT((#5945,#5947,#5948))
REPRESENTATION_CONTEXT('','3D')
);
#5944=(
GEOMETRIC_REPRESENTATION_CONTEXT(3)
GLOBAL_UNCERTAINTY_ASSIGNED_CONTEXT((#5942))
GLOBAL_UNIT_ASSIGNED_CONTEXT((#5945,#5947,#5948))
REPRESENTATION_CONTEXT('','3D')
);
#5945=(
LENGTH_UNIT()
NAMED_UNIT(*)
SI_UNIT(.MILLI.,.METRE.)
);
#5946=(
LENGTH_UNIT()
NAMED_UNIT(*)
SI_UNIT($,.METRE.)
);
#5947=(
NAMED_UNIT(*)
PLANE_ANGLE_UNIT()
SI_UNIT($,.RADIAN.)
);
#5948=(
NAMED_UNIT(*)
SI_UNIT($,.STERADIAN.)
SOLID_ANGLE_UNIT()
);
#5949=SHAPE_DEFINITION_REPRESENTATION(#5950,#5951);
#5950=PRODUCT_DEFINITION_SHAPE('',$,#5953);
#5951=SHAPE_REPRESENTATION('',(#577),#5943);
#5952=PRODUCT_DEFINITION_CONTEXT('part definition',#5957,'design');
#5953=PRODUCT_DEFINITION('2026-07-19-22-02-48-759','worm gear_worm',#5954,
#5952);
#5954=PRODUCT_DEFINITION_FORMATION('',$,#5959);
#5955=PRODUCT_RELATED_PRODUCT_CATEGORY('worm gear_worm',
'worm gear_worm',(#5959));
#5956=APPLICATION_PROTOCOL_DEFINITION('international standard',
'automotive_design',2009,#5957);
#5957=APPLICATION_CONTEXT(
'Core Data for Automotive Mechanical Design Process');
#5958=PRODUCT_CONTEXT('part definition',#5957,'mechanical');
#5959=PRODUCT('2026-07-19-22-02-48-759','worm gear_worm',$,(#5958));
#5960=PRESENTATION_STYLE_ASSIGNMENT((#5961));
#5961=SURFACE_STYLE_USAGE(.BOTH.,#5962);
#5962=SURFACE_SIDE_STYLE('',(#5963));
#5963=SURFACE_STYLE_FILL_AREA(#5964);
#5964=FILL_AREA_STYLE('Steel - Satin',(#5965));
#5965=FILL_AREA_STYLE_COLOUR('Steel - Satin',#5966);
#5966=COLOUR_RGB('Steel - Satin',0.627450980392157,0.627450980392157,0.627450980392157);
ENDSEC;
END-ISO-10303-21;
